Date,Close
2012-08-31,30.15737913449769
2012-09-03,29.589192901077944
2012-09-04,29.97300320830955
2012-09-05,30.55071813667152
2012-09-06,29.520555741394865
2012-09-07,28.651963159128897
2012-09-10,28.63045156069151
2012-09-11,28.44386397562125
2012-09-12,28.428697946470912
2012-09-13,27.96220139165055
2012-09-14,28.526841069977063
2012-09-17,28.911251564739278
2012-09-18,28.99848173840421
2012-09-19,29.71478392260718
2012-09-20,30.034796141529007
2012-09-21,29.540853155829897
2012-09-24,29.69121850579048
2012-09-25,29.10561867920713
2012-09-26,29.51116665364732
2012-09-27,29.582925444494737
2012-09-28,29.4396945931223
2012-10-01,29.08334326997369
2012-10-02,29.854613025915032
2012-10-03,29.8881266630339
2012-10-04,29.659757015533764
2012-10-05,29.382054811191495
2012-10-08,29.65247251012749
2012-10-09,29.86615416364268
2012-10-10,30.15759003609841
2012-10-11,30.4370274175172
2012-10-12,31.7945641378487
2012-10-15,31.69133600891721
2012-10-16,31.4938410541159
2012-10-17,31.0267650383162
2012-10-18,31.32134690840769
2012-10-19,31.970300307783795
2012-10-22,32.031621106992176
2012-10-23,31.405605999412995
2012-10-24,30.85342694599453
2012-10-25,31.22349806733294
2012-10-26,31.71142913727486
2012-10-29,32.166255726260914
2012-10-30,31.858271494680444
2012-10-31,31.972128832239267
2012-11-01,32.16573444321835
2012-11-02,32.295081086272795
2012-11-05,32.93573790270085
2012-11-06,33.220476455941665
2012-11-07,33.60590245970211
2012-11-08,33.68300130109156
2012-11-09,33.97846098396671
2012-11-12,34.473828597386024
2012-11-13,33.498261923304014
2012-11-14,33.21315530620319
2012-11-15,32.930282427905674
2012-11-16,32.50538507464328
2012-11-19,32.425973005823096
2012-11-20,33.44149155025119
2012-11-21,32.96543315011812
2012-11-22,33.600185089051145
2012-11-23,32.58295901920736
2012-11-26,32.35365766354628
2012-11-27,32.506630668317044
2012-11-28,33.01236050870343
2012-11-29,33.62390583838491
2012-11-30,34.265164221914226
2012-12-03,34.155121692828764
2012-12-04,33.84199683835016
2012-12-05,34.43753014372512
2012-12-06,34.480836774024134
2012-12-07,33.69772499744296
2012-12-10,32.898661297665384
2012-12-11,32.39055553283252
2012-12-12,32.723188409054416
2012-12-13,32.81319401148343
2012-12-14,33.32085990745484
2012-12-17,33.22238488160709
2012-12-18,33.38639785534896
2012-12-19,33.82014980854318
2012-12-20,33.69922454352033
2012-12-21,34.03866885237777
2012-12-24,33.68758565580693
2012-12-25,33.44970829280096
2012-12-26,33.19004758646002
2012-12-27,32.428758127050486
2012-12-28,32.698953911550475
2012-12-31,32.549672385661
2013-01-01,32.56554566171345
2013-01-02,33.06416405484319
2013-01-03,33.37978235978404
2013-01-04,33.824853649119
2013-01-07,33.86516775550355
2013-01-08,33.59373674812891
2013-01-09,33.56733355509129
2013-01-10,32.54003782700428
2013-01-11,31.58705605613472
2013-01-14,30.732026117901707
2013-01-15,30.089217320632567
2013-01-16,30.37183646029081
2013-01-17,29.900223244903383
2013-01-18,29.65491336471577
2013-01-21,30.471053650860703
2013-01-22,30.37774139750123
2013-01-23,30.905332867664374
2013-01-24,30.39836767871939
2013-01-25,30.24879318860519
2013-01-28,29.68415544915222
2013-01-29,29.46366787928465
2013-01-30,29.952561882725647
2013-01-31,28.97889016509844
2013-02-01,29.206626032380484
2013-02-04,29.27322073624669
2013-02-05,29.06226901280254
2013-02-06,28.321603148906103
2013-02-07,28.32089874351537
2013-02-08,28.064819227161173
2013-02-11,28.18606300151
2013-02-12,28.17476729188341
2013-02-13,29.03465289973604
2013-02-14,28.944989101617484
2013-02-15,28.36459161049917
2013-02-18,28.415480221374143
2013-02-19,28.56638181951445
2013-02-20,29.17006843530119
2013-02-21,29.58166734902387
2013-02-22,29.88731642969233
2013-02-25,30.626440126259443
2013-02-26,30.02412910406736
2013-02-27,29.693712540560703
2013-02-28,29.146574173712978
2013-03-01,28.900247719672038
2013-03-04,28.1724564908438
2013-03-05,28.53702790599881
2013-03-06,28.419367080096976
2013-03-07,27.71717537956301
2013-03-08,27.21699315627235
2013-03-11,27.310060561917776
2013-03-12,27.730528022260263
2013-03-13,28.676404069643908
2013-03-14,30.07028601865771
2013-03-15,30.411389147503183
2013-03-18,30.016301030607437
2013-03-19,29.26144985839209
2013-03-20,29.354855481328222
2013-03-21,29.016474140603474
2013-03-22,28.843690291413644
2013-03-25,28.515811646217816
2013-03-26,28.507137796883377
2013-03-27,29.075843619723628
2013-03-28,29.22262466914557
2013-03-29,29.151535001599093
2013-04-01,28.513174242024935
2013-04-02,27.57718417073654
2013-04-03,27.216894120859468
2013-04-04,27.166215021937152
2013-04-05,28.1012622584797
2013-04-08,28.28425548967028
2013-04-09,28.85813567543479
2013-04-10,28.684279395936212
2013-04-11,27.94667425941982
2013-04-12,27.39181109149572
2013-04-15,26.85633070157414
2013-04-16,28.050227984980225
2013-04-17,27.620751185764963
2013-04-18,27.997713960204745
2013-04-19,27.580388356295
2013-04-22,28.10053897140679
2013-04-23,28.339627993248666
2013-04-24,28.235743867013177
2013-04-25,28.24597862385786
2013-04-26,27.8589559131485
2013-04-29,28.190676106387837
2013-04-30,28.043999672312875
2013-05-01,27.276113539225594
2013-05-02,26.657916367790826
2013-05-03,26.774881758040816
2013-05-06,27.60785156712742
2013-05-07,27.788893886897554
2013-05-08,27.76108642544818
2013-05-09,27.973446645728394
2013-05-10,28.723752585772758
2013-05-13,28.90539506243412
2013-05-14,28.75093766823144
2013-05-15,29.36195561712169
2013-05-16,29.6895915714592
2013-05-17,30.75104967167962
2013-05-20,30.92321692727215
2013-05-21,30.218998027349585
2013-05-22,29.34261796150878
2013-05-23,30.194336095724715
2013-05-24,31.33521309710139
2013-05-27,31.342082068066283
2013-05-28,31.155940275333272
2013-05-29,31.979159431627416
2013-05-30,31.374688212814476
2013-05-31,30.705671571612875
2013-06-03,31.115306285557708
2013-06-04,30.935092144297176
2013-06-05,30.807850911131005
2013-06-06,30.777049273927727
2013-06-07,31.05230900821051
2013-06-10,31.928086765284817
2013-06-11,32.01337499898335
2013-06-12,32.421733879349574
2013-06-13,31.191795177828094
2013-06-14,31.0423358105339
2013-06-17,30.488741482520044
2013-06-18,29.673140629615588
2013-06-19,29.089315061657885
2013-06-20,28.621653917147928
2013-06-21,29.055565010933957
2013-06-24,28.16534337709748
2013-06-25,28.13977493372106
2013-06-26,27.855720551753823
2013-06-27,27.682272680547538
2013-06-28,28.213300976692963
2013-07-01,28.584418663378475
2013-07-02,29.34829466480751
2013-07-03,29.370861592452385
2013-07-04,28.93303018725948
2013-07-05,28.73077243693314
2013-07-08,28.73642506748545
2013-07-09,28.91275684118966
2013-07-10,28.38990645495341
2013-07-11,28.41093680056016
2013-07-12,28.553065335290917
2013-07-15,30.06248624384678
2013-07-16,31.3580193425174
2013-07-17,30.9187178134229
2013-07-18,30.74657422194521
2013-07-19,29.824692312666063
2013-07-22,29.4675725005106
2013-07-23,29.58191832772981
2013-07-24,30.28926984382979
2013-07-25,29.89724788830121
2013-07-26,29.48038807878461
2013-07-29,28.201411679365243
2013-07-30,28.0245403937978
2013-07-31,27.421588977224587
2013-08-01,27.101024930728677
2013-08-02,26.53795604263177
2013-08-05,26.497088155327777
2013-08-06,25.53779329595743
2013-08-07,24.765395951271
2013-08-08,25.83691626756052
2013-08-09,25.24257659147101
2013-08-12,24.703703655902068
2013-08-13,25.588993261788342
2013-08-14,27.150918736151176
2013-08-15,26.597793070972312
2013-08-16,26.34141667446799
2013-08-19,26.46518384442176
2013-08-20,27.290558327420054
2013-08-21,26.721320127400038
2013-08-22,26.522062390437156
2013-08-23,26.94302797254531
2013-08-26,27.3184751929274
2013-08-27,27.029202244467125
2013-08-28,26.95602732203759
2013-08-29,26.16197165486858
2013-08-30,25.92858713235724
2013-09-02,25.757771390736597
2013-09-03,25.8778085369444
2013-09-04,25.58947941283561
2013-09-05,25.78774990515941
2013-09-06,26.32413608125572
2013-09-09,26.50738466581788
2013-09-10,26.768750064611243
2013-09-11,26.768500340259244
2013-09-12,26.818570119265747
2013-09-13,26.41962222200239
2013-09-16,26.520562296097523
2013-09-17,26.471125085702763
2013-09-18,27.71287779325698
2013-09-19,28.80513451828537
2013-09-20,28.998671298212837
2013-09-23,28.566418509390516
2013-09-24,27.946312863833292
2013-09-25,28.60374914963728
2013-09-26,28.88974038614591
2013-09-27,29.203683037550935
2013-09-30,28.24836989500776
2013-10-01,28.76363442575389
2013-10-02,29.123692821286664
2013-10-03,28.53868860469848
2013-10-04,28.33111319882945
2013-10-07,28.407416518778604
2013-10-08,28.37925631150898
2013-10-09,28.19548286027393
2013-10-10,28.24450073276488
2013-10-11,28.154108120173102
2013-10-14,28.306621873179523
2013-10-15,29.19677936355268
2013-10-16,27.83890185451941
2013-10-17,27.67964857053404
2013-10-18,27.875533883401797
2013-10-21,28.107728147363144
2013-10-22,27.94199598211386
2013-10-23,26.94962883833641
2013-10-24,27.053490402651462
2013-10-25,28.04880220549268
2013-10-28,27.26953461812937
2013-10-29,27.693519632927973
2013-10-30,27.55510998730975
2013-10-31,27.46670235434412
2013-11-01,26.927994407557023
2013-11-04,26.689315923034677
2013-11-05,27.3918280815981
2013-11-06,27.77241343253753
2013-11-07,28.628324775708755
2013-11-08,29.44875280663598
2013-11-11,29.675986610658143
2013-11-12,30.659682410255225
2013-11-13,31.008308105224177
2013-11-14,31.54486762488848
2013-11-15,31.444085956494284
2013-11-18,31.37392060219584
2013-11-19,30.954997032846556
2013-11-20,31.436035348744557
2013-11-21,30.75500761172853
2013-11-22,31.196074793271425
2013-11-25,31.19335478862923
2013-11-26,31.9867903967192
2013-11-27,32.55991984975661
2013-11-28,33.832574158126874
2013-11-29,34.557485874337104
2013-12-02,33.5311458202558
2013-12-03,33.40709591388308
2013-12-04,32.67436664435677
2013-12-05,32.2561886484382
2013-12-06,33.32554368753184
2013-12-09,33.93223447806985
2013-12-10,33.57085390418192
2013-12-11,32.916110700078555
2013-12-12,32.892601080175034
2013-12-13,32.10745640661466
2013-12-16,31.68520280787328
2013-12-17,31.85484751635775
2013-12-18,32.74312353478506
2013-12-19,33.24582775831718
2013-12-20,31.88299961587887
2013-12-23,32.06513771921202
2013-12-24,32.15651856351233
2013-12-25,32.440464347933315
2013-12-26,33.581297441938176
2013-12-27,32.378692739861
2013-12-30,31.915242949130903
2013-12-31,32.32435684137364
2014-01-01,31.426406717840937
2014-01-02,32.241679742816096
2014-01-03,32.56393096919806
2014-01-06,33.14974340390909
2014-01-07,32.937439082612
2014-01-08,33.40314098407989
2014-01-09,34.12029215615005
2014-01-10,34.426731018330536
2014-01-13,34.6499995843511
2014-01-14,35.00719994242741
2014-01-15,34.49802721496064
2014-01-16,34.443257944966106
2014-01-17,34.349541786762664
2014-01-20,34.64647547333358
2014-01-21,35.4470294568925
2014-01-22,34.8025380731938
2014-01-23,34.66990553130712
2014-01-24,35.65822491684483
2014-01-27,35.15934714748576
2014-01-28,34.58218025600963
2014-01-29,34.630663405982695
2014-01-30,35.405030056355336
2014-01-31,35.50091433169722
2014-02-03,36.40001328232731
2014-02-04,37.21055473039996
2014-02-05,37.91882115811428
2014-02-06,38.405602212139605
2014-02-07,40.44164239874427
2014-02-10,40.5259130657736
2014-02-11,39.07958504905143
2014-02-12,40.255145877085646
2014-02-13,39.975862409356125
2014-02-14,40.11770516656866
2014-02-17,41.20718738145032
2014-02-18,40.14674580615348
2014-02-19,39.12366738914229
2014-02-20,37.82961728515868
2014-02-21,37.16811207390285
2014-02-24,37.62265440402658
2014-02-25,38.06060626504429
2014-02-26,38.36409818641931
2014-02-27,37.462979004188334
2014-02-28,35.77612172668288
2014-03-03,35.81364050783475
2014-03-04,35.63773277369689
2014-03-05,35.99671706416257
2014-03-06,36.63243191604381
2014-03-07,36.804794140161206
2014-03-10,37.41841854667732
2014-03-11,37.67563070505855
2014-03-12,38.1664659799316
2014-03-13,37.62001173434733
2014-03-14,37.44641890461522
2014-03-17,37.62078793292788
2014-03-18,38.376972504507656
2014-03-19,38.10971015369671
2014-03-20,38.37866822573264
2014-03-21,38.129684296786905
2014-03-24,37.933485154649965
2014-03-25,38.660290099594896
2014-03-26,37.07540589180219
2014-03-27,36.03339055965585
2014-03-28,34.942022971135096
2014-03-31,33.249884824269095
2014-04-01,32.682360606809354
2014-04-02,33.04738145627463
2014-04-03,32.80868077304444
2014-04-04,32.82463915083543
2014-04-07,33.462485625743234
2014-04-08,34.472815858964424
2014-04-09,34.5525252257465
2014-04-10,35.26422938580512
2014-04-11,35.31147228856719
2014-04-14,34.8253231109045
2014-04-15,34.269064931343166
2014-04-16,33.25282208801795
2014-04-17,32.59132713881491
2014-04-18,32.23950036389883
2014-04-21,32.68925724866058
2014-04-22,33.972840256118126
2014-04-23,33.16330949658348
2014-04-24,33.40068844170133
2014-04-25,32.641988953061826
2014-04-28,32.86778978134219
2014-04-29,32.881684591976395
2014-04-30,31.67632467189448
2014-05-01,32.17681159069774
2014-05-02,31.835869487967784
2014-05-05,31.552016551350167
2014-05-06,30.770761972924664
2014-05-07,30.23361536515322
2014-05-08,30.449874779732635
2014-05-09,30.33406233002969
2014-05-12,30.539129982219933
2014-05-13,30.722259597998264
2014-05-14,31.412993331641605
2014-05-15,31.249006981312537
2014-05-16,30.358593501973083
2014-05-19,30.92246342774545
2014-05-20,30.70869807649997
2014-05-21,31.42153961410411
2014-05-22,31.66813712455362
2014-05-23,31.553496916889905
2014-05-26,31.76100040207318
2014-05-27,32.99761186414603
2014-05-28,34.459881466469724
2014-05-29,34.73880586957068
2014-05-30,34.815045378229435
2014-06-02,35.50393054403784
2014-06-03,34.906596374754635
2014-06-04,35.005074541952176
2014-06-05,34.98356416364679
2014-06-06,35.23659077347256
2014-06-09,34.616953148602846
2014-06-10,33.491791140063995
2014-06-11,31.99466889087624
2014-06-12,31.118010539302954
2014-06-13,30.861102144774165
2014-06-16,30.6402157412824
2014-06-17,31.85688204490326
2014-06-18,32.687078011190096
2014-06-19,32.10756679997948
2014-06-20,32.25485640991673
2014-06-23,31.977491463371717
2014-06-24,31.602648409658443
2014-06-25,31.735932858288976
2014-06-26,32.097410236110825
2014-06-27,31.91530123108683
2014-06-30,32.466849617630025
2014-07-01,31.717066800998943
2014-07-02,31.59711175142722
2014-07-03,33.19923285748839
2014-07-04,33.42499557428838
2014-07-07,34.278732860173506
2014-07-08,34.29358583526825
2014-07-09,34.66941319652635
2014-07-10,34.33239644760369
2014-07-11,34.13565514186614
2014-07-14,33.590970366217256
2014-07-15,33.72028219412952
2014-07-16,33.108777911568104
2014-07-17,33.38259649195103
2014-07-18,34.21352485977116
2014-07-21,34.44434306296146
2014-07-22,34.25530151099435
2014-07-23,34.569817142313134
2014-07-24,34.26879767826384
2014-07-25,34.752198723304794
2014-07-28,33.53440113933958
2014-07-29,33.07324043389412
2014-07-30,31.698864102455723
2014-07-31,30.434780050256048
2014-08-01,31.08769199572938
2014-08-04,31.768151628067606
2014-08-05,31.26200016790812
2014-08-06,30.289330984947824
2014-08-07,28.37917351080833
2014-08-08,27.914291102362764
2014-08-11,29.26936516508495
2014-08-12,29.527327264688804
2014-08-13,29.235571116817116
2014-08-14,29.488930804862694
2014-08-15,28.61692502728757
2014-08-18,28.381650183765657
2014-08-19,28.34544487367183
2014-08-20,28.28366759240384
2014-08-21,28.728469620665035
2014-08-22,28.97733354020665
2014-08-25,29.377109655407
2014-08-26,29.03952095281005
2014-08-27,29.515750626186684
2014-08-28,30.50171077794092
2014-08-29,30.0402775152823
2014-09-01,29.450561981452363
2014-09-02,30.18004607578605
2014-09-03,30.0255670556465
2014-09-04,30.844544605395228
2014-09-05,30.60172301225989
2014-09-08,31.44949259763237
2014-09-09,31.561613710680703
2014-09-10,31.763023230381705
2014-09-11,32.73363067211266
2014-09-12,32.49429151623264
2014-09-15,31.655392270650957
2014-09-16,31.33565735887321
2014-09-17,31.616524013360813
2014-09-18,30.538338420127257
2014-09-19,30.761660352836444
2014-09-22,30.36008118780759
2014-09-23,30.909366188757936
2014-09-24,29.51743098618998
2014-09-25,28.738091390049043
2014-09-26,27.78753755174937
2014-09-29,27.21858090312192
2014-09-30,27.315690565838917
2014-10-01,27.170376787828488
2014-10-02,27.08898196935032
2014-10-03,27.02645988818577
2014-10-06,27.234695542038647
2014-10-07,26.690546801569635
2014-10-08,27.15166724232544
2014-10-09,27.4838987282573
2014-10-10,27.613195302221367
2014-10-13,27.92245856408206
2014-10-14,28.127464415157004
2014-10-15,29.270691090131784
2014-10-16,29.33543316650752
2014-10-17,29.192153120093906
2014-10-20,28.74252737043317
2014-10-21,28.259962879635776
2014-10-22,27.48441749443772
2014-10-23,27.013886619511258
2014-10-24,26.96125391804467
2014-10-27,27.14507974756172
2014-10-28,27.282009170022768
2014-10-29,26.96183307243646
2014-10-30,27.4447343369742
2014-10-31,27.98478604520565
2014-11-03,27.94891576556995
2014-11-04,27.570979558647785
2014-11-05,27.83993183206392
2014-11-06,28.019023145608763
2014-11-07,27.276370262983924
2014-11-10,27.257185435499306
2014-11-11,27.47282433138722
2014-11-12,27.02722045035934
2014-11-13,27.128600687571144
2014-11-14,26.432476578321047
2014-11-17,27.10724244833668
2014-11-18,27.92688331656572
2014-11-19,27.85867157286272
2014-11-20,28.072848315148757
2014-11-21,26.85215156739789
2014-11-24,26.19873136430659
2014-11-25,26.053445409243174
2014-11-26,25.603837443505437
2014-11-27,25.97839557020593
2014-11-28,27.086289241181035
2014-12-01,26.55587441044598
2014-12-02,26.07403431401425
2014-12-03,26.13932674635478
2014-12-04,27.04012382023914
2014-12-05,26.48167204668275
2014-12-08,26.52484350039829
2014-12-09,27.575354261661666
2014-12-10,26.717397233133568
2014-12-11,26.05198750001216
2014-12-12,25.75563375877622
2014-12-15,25.507310092395976
2014-12-16,25.814310006923325
2014-12-17,26.091511219000832
2014-12-18,25.302969581086405
2014-12-19,25.498077767393927
2014-12-22,25.29492361237586
2014-12-23,25.942930474663918
2014-12-24,25.613153884685502
2014-12-25,25.26210640950941
2014-12-26,25.58838817743256
2014-12-29,26.076731278907413
2014-12-30,26.4080980587336
2014-12-31,25.51194440849714
2015-01-01,25.76338734294044
2015-01-02,25.241963391562926
2015-01-05,25.383749222841523
2015-01-06,24.716934453660212
2015-01-07,24.99772046721743
2015-01-08,24.72460026814278
2015-01-09,24.063334270952996
2015-01-12,24.359910301028066
2015-01-13,24.576714330681973
2015-01-14,24.28182114380452
2015-01-15,24.96835820250631
2015-01-16,24.893241150268715
2015-01-19,24.900152982013093
2015-01-20,25.030240771143525
2015-01-21,24.771519975111893
2015-01-22,25.02488636977734
2015-01-23,24.757976922457807
2015-01-26,24.630712811014547
2015-01-27,25.225385356127124
2015-01-28,24.743070339307344
2015-01-29,23.582214922433167
2015-01-30,24.191266950104485
2015-02-02,25.569416717432443
2015-02-03,25.59166099446302
2015-02-04,24.561892026840265
2015-02-05,24.363035928980125
2015-02-06,24.19679726384061
2015-02-09,24.06809600914815
2015-02-10,23.560373938669464
2015-02-11,23.77610664293828
2015-02-12,24.125175814667703
2015-02-13,23.52037398712147
2015-02-16,23.817857541467355
2015-02-17,24.88365772576754
2015-02-18,25.031545437295424
2015-02-19,24.933026535466603
2015-02-20,24.86630313807778
2015-02-23,25.177264226412436
2015-02-24,24.41503473076205
2015-02-25,24.496788654951796
2015-02-26,24.39516782303596
2015-02-27,25.30472746317989
2015-03-02,25.37617059108235
2015-03-03,26.19478661556632
2015-03-04,25.708714261015945
2015-03-05,26.001838088689624
2015-03-06,26.1987437165691
2015-03-09,25.71921010439761
2015-03-10,25.73542603884158
2015-03-11,26.385435073008267
2015-03-12,26.355004060744253
2015-03-13,25.436748288917386
2015-03-16,25.426250738251493
2015-03-17,24.993509965211707
2015-03-18,24.940406171537457
2015-03-19,24.98925011481481
2015-03-20,24.200248661459945
2015-03-23,23.453372960954248
2015-03-24,23.631418762723182
2015-03-25,23.33945819114535
2015-03-26,22.121449578715097
2015-03-27,22.36937745435657
2015-03-30,22.555868514576773
2015-03-31,22.216549982042054
2015-04-01,21.64510197297541
2015-04-02,22.05922497727455
2015-04-03,22.232533284497787
2015-04-06,23.43777006523791
2015-04-07,23.749884584803063
2015-04-08,24.03464068078179
2015-04-09,23.99650325130542
2015-04-10,24.37870583605578
2015-04-13,24.721849116193788
2015-04-14,25.407444820003654
2015-04-15,25.253609547609376
2015-04-16,25.033958116818617
2015-04-17,24.711813282111294
2015-04-20,25.131220648313565
2015-04-21,25.94739862373524
2015-04-22,25.795554536838992
2015-04-23,25.664124496130764
2015-04-24,25.971144507403512
2015-04-27,25.881796975457725
2015-04-28,26.40250475113221
2015-04-29,25.294697628797035
2015-04-30,24.757120627092245
2015-05-01,24.35647938510709
2015-05-04,23.22490271324916
2015-05-05,22.695515310077063
2015-05-06,22.255296738129683
2015-05-07,22.107486299306725
2015-05-08,22.702938316280136
2015-05-11,22.645967445482448
2015-05-12,22.14601171215103
2015-05-13,22.125121363553657
2015-05-14,22.65427826252485
2015-05-15,22.32720200184011
2015-05-18,21.99421084019216
2015-05-19,22.16047138474391
2015-05-20,22.08445922508395
2015-05-21,22.370876382521587
2015-05-22,22.40067377688387
2015-05-25,22.676869761358677
2015-05-26,22.28643412240953
2015-05-27,22.32037468298588
2015-05-28,22.310271177203287
2015-05-29,21.98323529226774
2015-06-01,21.597894900043933
2015-06-02,21.781506960124897
2015-06-03,21.658741444080157
2015-06-04,21.2287549109465
2015-06-05,21.157377098670185
2015-06-08,21.522033572961043
2015-06-09,20.62721531523926
2015-06-10,19.991042373800045
2015-06-11,19.513554417886706
2015-06-12,20.04305155725492
2015-06-15,20.157155843217115
2015-06-16,20.502991892754977
2015-06-17,20.086077653276146
2015-06-18,19.707930883901614
2015-06-19,19.810368485604624
2015-06-22,19.933180272471976
2015-06-23,20.1061648985753
2015-06-24,20.05666073754993
2015-06-25,20.194199805600864
2015-06-26,20.322669285674383
2015-06-29,20.545891448587035
2015-06-30,21.0250027304449
2015-07-01,20.38499726017476
2015-07-02,19.429164093447927
2015-07-03,19.77548265493833
2015-07-06,20.28726647219172
2015-07-07,19.933057401943195
2015-07-08,19.11802855516485
2015-07-09,19.10637980678355
2015-07-10,19.50384009355272
2015-07-13,20.29951988804733
2015-07-14,20.616439666557028
2015-07-15,20.49401783521193
2015-07-16,20.173997385720472
2015-07-17,20.19535391530277
2015-07-20,20.071723404121425
2015-07-21,19.631101793809645
2015-07-22,20.397332964604825
2015-07-23,21.198349493377115
2015-07-24,21.702967506632376
2015-07-27,21.26663697898231
2015-07-28,21.64942033688604
2015-07-29,21.93464975645385
2015-07-30,22.131349730231104
2015-07-31,22.688704377028877
2015-08-03,23.051205594865365
2015-08-04,23.408390372389626
2015-08-05,23.721144695748688
2015-08-06,23.779523541840813
2015-08-07,22.942489332302987
2015-08-10,22.97748493191517
2015-08-11,22.610374547566217
2015-08-12,22.03766140568747
2015-08-13,22.777658637231745
2015-08-14,23.595039236017747
2015-08-17,24.31420110692316
2015-08-18,24.4780782731401
2015-08-19,25.068428251558142
2015-08-20,25.06184190244892
2015-08-21,24.96251065601407
2015-08-24,24.19650434393453
2015-08-25,24.26740094817466
2015-08-26,24.306732229744124
2015-08-27,23.75089601758105
2015-08-28,23.6501323058247
2015-08-31,23.561490179861504
2015-09-01,24.283837811154704
2015-09-02,24.81842219130093
2015-09-03,24.820177995102803
2015-09-04,24.902679469051414
2015-09-07,24.926358346132574
2015-09-08,24.92076327933588
2015-09-09,24.31577007052405
2015-09-10,24.195502270026104
2015-09-11,23.847828721927552
2015-09-14,23.21863409513198
2015-09-15,23.38314199599101
2015-09-16,23.525893066045757
2015-09-17,22.672910963072656
2015-09-18,22.48342002782403
2015-09-21,22.976392403034318
2015-09-22,23.406842999962976
2015-09-23,23.944770236681308
2015-09-24,23.98993082570104
2015-09-25,23.617019820389057
2015-09-28,22.971234637203818
2015-09-29,23.109531392766566
2015-09-30,23.37483986522532
2015-10-01,24.02328496807061
2015-10-02,24.68095206867501
2015-10-05,24.82453907979804
2015-10-06,24.23813591858764
2015-10-07,24.0907081532138
2015-10-08,24.207341682017532
2015-10-09,24.14070137855272
2015-10-12,23.897649669467643
2015-10-13,24.082707888515845
2015-10-14,23.88705772083292
2015-10-15,23.64864783184772
2015-10-16,23.82484603716496
2015-10-19,23.69278076413056
2015-10-20,23.877912941006976
2015-10-21,24.045900498500966
2015-10-22,23.57879683963211
2015-10-23,23.42708993892294
2015-10-26,24.138314824045143
2015-10-27,23.712021812797182
2015-10-28,22.794188494835787
2015-10-29,21.901109749903693
2015-10-30,21.891139076392463
2015-11-02,21.9685727130494
2015-11-03,21.93918884241577
2015-11-04,22.46193386482416
2015-11-05,21.341997431290032
2015-11-06,21.42745605500989
2015-11-09,22.057698877218147
2015-11-10,21.61232437866757
2015-11-11,21.467171574159803
2015-11-12,21.134605111411897
2015-11-13,20.6750013759184
2015-11-16,20.55753532951672
2015-11-17,21.16090261607098
2015-11-18,22.06144875606782
2015-11-19,22.02828888761585
2015-11-20,22.884075343752787
2015-11-23,22.972219187217107
2015-11-24,23.813962547257745
2015-11-25,23.901989726783587
2015-11-26,24.003308551832607
2015-11-27,24.22885004480686
2015-11-30,25.808046010109027
2015-12-01,26.4771010888128
2015-12-02,26.15296460989075
2015-12-03,26.57672912323043
2015-12-04,26.50574742479585
2015-12-07,26.20744395876898
2015-12-08,26.681687600109623
2015-12-09,26.80386247465681
2015-12-10,26.97521635189529
2015-12-11,26.93136207724333
2015-12-14,27.17892070741962
2015-12-15,27.424349874319788
2015-12-16,26.42724365368481
2015-12-17,26.6545146440904
2015-12-18,26.19151621182785
2015-12-21,25.458797797594595
2015-12-22,25.39668444261575
2015-12-23,25.45368925623759
2015-12-24,25.143992648006165
2015-12-25,25.57150770807261
2015-12-28,24.943919632748145
2015-12-29,24.762399444226133
2015-12-30,24.4538274831064
2015-12-31,24.35737198310082
2016-01-01,24.485445393566625
2016-01-04,23.90108327114278
2016-01-05,24.180969639223093
2016-01-06,24.15849809289001
2016-01-07,23.1675834567766
2016-01-08,22.17577208130982
2016-01-11,22.06941079145368
2016-01-12,21.97484753393247
2016-01-13,21.863471286199275
2016-01-14,21.88447665808888
2016-01-15,21.88446264878908
2016-01-18,22.302013398059227
2016-01-19,21.858290829446
2016-01-20,21.24907175778024
2016-01-21,20.74963965032575
2016-01-22,20.897799678493936
2016-01-25,21.34678987552441
2016-01-26,21.202824701778955
2016-01-27,20.07215836204299
2016-01-28,19.31477514772288
2016-01-29,18.9279761482929
2016-02-01,18.70540707208536
2016-02-02,18.470627357946974
2016-02-03,18.462655508145
2016-02-04,18.284775172507256
2016-02-05,18.555162737199
2016-02-08,18.259023536926083
2016-02-09,17.894416935215595
2016-02-10,18.02264169970103
2016-02-11,17.445636153665877
2016-02-12,17.57799426621958
2016-02-15,17.580954612020342
2016-02-16,17.574398975359184
2016-02-17,18.157758733114136
2016-02-18,17.93383185325802
2016-02-19,18.656372930959066
2016-02-22,18.5959429523894
2016-02-23,18.07858286799357
2016-02-24,18.058304018456514
2016-02-25,17.674627242445723
2016-02-26,17.359733886127046
2016-02-29,17.418276260367993
2016-03-01,17.66712291307439
2016-03-02,17.43771239019449
2016-03-03,17.775821887870737
2016-03-04,18.255629670114608
2016-03-07,18.819207483063916
2016-03-08,19.04052337508889
2016-03-09,19.59193334526893
2016-03-10,18.92969850239239
2016-03-11,18.81403285559501
2016-03-14,18.523090058939115
2016-03-15,18.55859540521287
2016-03-16,18.377252459416606
2016-03-17,18.32743080006349
2016-03-18,19.01079692407281
2016-03-21,19.051083754714945
2016-03-22,19.22420888713876
2016-03-23,19.129024919552883
2016-03-24,19.142775070899987
2016-03-25,19.143370505011607
2016-03-28,19.309453525280876
2016-03-29,19.69454329698144
2016-03-30,20.29964925627667
2016-03-31,20.486072558157804
2016-04-01,20.796442621380617
2016-04-04,20.31970259517244
2016-04-05,20.22461586896133
2016-04-06,20.65633457102793
2016-04-07,21.02223168894563
2016-04-08,21.21050613369001
2016-04-11,21.59806272489737
2016-04-12,21.89795429546439
2016-04-13,22.476306928809542
2016-04-14,22.643099784059125
2016-04-15,22.493155645006187
2016-04-18,22.735026113699785
2016-04-19,21.49103614337867
2016-04-20,21.6203703300208
2016-04-21,20.09099780156723
2016-04-22,19.236368589422497
2016-04-25,19.414444414284095
2016-04-26,19.60839919083208
2016-04-27,19.163015338656727
2016-04-28,18.859776392817476
2016-04-29,19.3961907492839
2016-05-02,19.29635476549965
2016-05-03,20.10028424763843
2016-05-04,20.16480926202466
2016-05-05,20.32198117543406
2016-05-06,21.04216021549884
2016-05-09,21.1437475919489
2016-05-10,20.78311650570847
2016-05-11,20.693348471458187
2016-05-12,20.68245505186717
2016-05-13,20.10248451111824
2016-05-16,20.00533153255928
2016-05-17,19.69458646582426
2016-05-18,20.0239110950686
2016-05-19,19.966588875762216
2016-05-20,19.89239696339185
2016-05-23,19.804805861848905
2016-05-24,19.957858961994404
2016-05-25,20.236945386546804
2016-05-26,19.921986735266668
2016-05-27,19.52355059083298
2016-05-30,19.93344354389887
2016-05-31,19.785352446480797
2016-06-01,19.221552483447
2016-06-02,19.368679200789167
2016-06-03,19.61863998373889
2016-06-06,19.147148024325496
2016-06-07,19.211929518101897
2016-06-08,19.554138023439307
2016-06-09,19.715440948317887
2016-06-10,19.97742075731324
2016-06-13,19.421352671147982
2016-06-14,19.496753863240272
2016-06-15,19.372301553973013
2016-06-16,19.201878616175307
2016-06-17,19.57043550652245
2016-06-20,20.164133169060577
2016-06-21,20.876269587711683
2016-06-22,21.45722213008512
2016-06-23,21.539482380590755
2016-06-24,21.54289988565474
2016-06-27,21.864648076853136
2016-06-28,22.06600809983177
2016-06-29,22.18419721518149
2016-06-30,22.49413289012644
2016-07-01,22.51584244279144
2016-07-04,22.187448737642388
2016-07-05,21.927784150409494
2016-07-06,22.18146561867976
2016-07-07,22.138802380954942
2016-07-08,22.36833304436508
2016-07-11,22.766311185067323
2016-07-12,22.68663098995594
2016-07-13,23.04801755890653
2016-07-14,23.30967107997423
2016-07-15,22.69977072590036
2016-07-18,23.31358683140718
2016-07-19,23.077113204096086
2016-07-20,22.305633435555475
2016-07-21,21.77586498213146
2016-07-22,21.313681869901288
2016-07-25,21.311597502819232
2016-07-26,21.229468217927884
2016-07-27,21.091732071515004
2016-07-28,21.332329237506396
2016-07-29,21.511946653250185
2016-08-01,21.66890556382173
2016-08-02,21.780783822529383
2016-08-03,22.046652163888226
2016-08-04,21.19512606971804
2016-08-05,21.02608206250747
2016-08-08,20.05283172344681
2016-08-09,19.9107570138008
2016-08-10,19.82622929171246
2016-08-11,20.221212399101837
2016-08-12,20.657040896284222
2016-08-15,20.74982520080656
2016-08-16,20.48820623591725
2016-08-17,20.63763811781341
2016-08-18,20.41999553961896
2016-08-19,20.358645131955218
2016-08-22,20.726386563184967
2016-08-23,20.51883520632274
2016-08-24,20.75352627985184
2016-08-25,21.01882247767292
2016-08-26,20.59362877070942
2016-08-29,20.886173686829476
2016-08-30,21.15792473954345
2016-08-31,21.17074280758109
2016-09-01,20.907109631328836
2016-09-02,20.55799993793833
2016-09-05,20.316968781932147
2016-09-06,20.47287169144908
2016-09-07,20.261332201166987
2016-09-08,20.3319619721964
2016-09-09,19.8897294481157
2016-09-12,19.758908892430355
2016-09-13,19.71425797790972
2016-09-14,20.383302771612435
2016-09-15,20.052541718096272
2016-09-16,20.61766575352304
2016-09-19,20.731799413173903
2016-09-20,20.95750835069857
2016-09-21,21.06305474667573
2016-09-22,21.259811233915528
2016-09-23,21.1539528107657
2016-09-26,21.73879966384649
2016-09-27,21.60802821956991
2016-09-28,22.065251704003437
2016-09-29,21.770309122104305
2016-09-30,21.778750619211458
2016-10-03,21.35377525576613
2016-10-04,21.56846199628419
2016-10-05,22.200719599154056
2016-10-06,22.21698563772119
2016-10-07,22.136025999401333
2016-10-10,21.70113575372962
2016-10-11,21.56795756931303
2016-10-12,20.92570196157109
2016-10-13,20.526230862558588
2016-10-14,20.66250890690153
2016-10-17,21.249641861342308
2016-10-18,22.59215914925366
2016-10-19,22.467778079432613
2016-10-20,23.09492236701421
2016-10-21,23.280929631584364
2016-10-24,23.303853177953087
2016-10-25,23.518408949251533
2016-10-26,23.59622303011744
2016-10-27,23.677976574739965
2016-10-28,23.48999425389001
2016-10-31,22.83155639387117
2016-11-01,22.105821752596253
2016-11-02,22.399812367458768
2016-11-03,22.32129280997735
2016-11-04,22.098746893202577
2016-11-07,22.195817107010505
2016-11-08,22.6270848055894
2016-11-09,22.77108345253776
2016-11-10,22.427017926947556
2016-11-11,22.9673886776312
2016-11-14,23.73453477897519
2016-11-15,24.113363006374605
2016-11-16,24.71287189798656
2016-11-17,25.501364431265564
2016-11-18,26.150905955433775
2016-11-21,26.610331880633144
2016-11-22,27.02330227304552
2016-11-23,27.364046159795933
2016-11-24,26.81507116991455
2016-11-25,27.194660879123667
2016-11-28,26.55562784826211
2016-11-29,26.120046740003687
2016-11-30,26.790955985727884
2016-12-01,27.21521382175902
2016-12-02,28.07873710036926
2016-12-05,28.1047970785729
2016-12-06,27.53019235429622
2016-12-07,27.430241784922146
2016-12-08,27.534574738205528
2016-12-09,27.60050983349672
2016-12-12,28.287619010151104
2016-12-13,28.22333123265453
2016-12-14,28.42548750388529
2016-12-15,27.888094105423605
2016-12-16,28.08975836324093
2016-12-19,28.121906739030685
2016-12-20,27.735024056912664
2016-12-21,27.612224297855427
2016-12-22,27.50094036323465
2016-12-23,27.35793454683948
2016-12-26,28.352667744889136
2016-12-27,28.445096703116885
2016-12-28,28.352614032555053
2016-12-29,27.28788057439916
2016-12-30,26.772194495904284
2017-01-02,26.66452466976653
2017-01-03,26.40323496795768
2017-01-04,27.292601742994886
2017-01-05,27.348488219933905
2017-01-06,28.19639221762434
2017-01-09,28.316678914960445
2017-01-10,28.45044062111526
2017-01-11,28.46316193934233
2017-01-12,28.514292782941805
2017-01-13,29.346420551431954
2017-01-16,28.292597262586597
2017-01-17,27.332232093508058
2017-01-18,27.102651718122846
2017-01-19,27.095906882669635
2017-01-20,27.512401649624984
2017-01-23,27.872017270670646
2017-01-24,27.760399796235458
2017-01-25,28.38679572863854
2017-01-26,29.0389303858608
2017-01-27,29.27927701907335
2017-01-30,29.858389150526023
2017-01-31,30.12738728697463
2017-02-01,29.95956851691747
2017-02-02,30.397971065909974
2017-02-03,30.534786524623133
2017-02-06,30.558088434513103
2017-02-07,31.55359295707253
2017-02-08,30.165948932122653
2017-02-09,29.34051770213476
2017-02-10,28.650162091094103
2017-02-13,28.463072967202777
2017-02-14,28.36067603119545
2017-02-15,27.743212754058103
2017-02-16,27.20093760488036
2017-02-17,26.81808375705479
2017-02-20,28.056198830320504
2017-02-21,29.25032950228032
2017-02-22,29.126714980611805
2017-02-23,28.940989303939887
2017-02-24,28.41847097597719
2017-02-27,27.57906335973069
2017-02-28,27.44738859293464
2017-03-01,27.09034784892122
2017-03-02,26.919267835609016
2017-03-03,26.188337002581765
2017-03-06,25.804284967389677
2017-03-07,25.81622621226542
2017-03-08,25.99432530805927
2017-03-09,26.198863556057358
2017-03-10,25.619239805889723
2017-03-13,25.97000122608088
2017-03-14,25.652158598094204
2017-03-15,25.92667437361218
2017-03-16,26.002773331056066
2017-03-17,25.50043116087538
2017-03-20,25.34966965657104
2017-03-21,25.41525953167865
2017-03-22,25.71305717855622
2017-03-23,25.69585485344529
2017-03-24,26.19165393133385
2017-03-27,26.57784405352857
2017-03-28,26.514453312922114
2017-03-29,26.875654719451887
2017-03-30,27.922088865659425
2017-03-31,29.147330753107905
2017-04-03,28.483840770053007
2017-04-04,27.91839153138429
2017-04-05,28.694205068528092
2017-04-06,28.15916033218873
2017-04-07,27.363380637397025
2017-04-10,27.0592798818134
2017-04-11,27.26541769662253
2017-04-12,27.21511793261737
2017-04-13,26.88902711055527
2017-04-14,26.529156595957307
2017-04-17,26.188072994710804
2017-04-18,25.69513597125537
2017-04-19,26.89757733745976
2017-04-20,27.201299472072265
2017-04-21,27.66409968446857
2017-04-24,27.49764069659832
2017-04-25,27.444017160864583
2017-04-26,27.02085272408045
2017-04-27,25.62980518104227
2017-04-28,24.901420412912348
2017-05-01,24.04583164006753
2017-05-02,22.943637104411863
2017-05-03,22.36577470610884
2017-05-04,22.90180807113528
2017-05-05,22.93246807962184
2017-05-08,23.509252735366736
2017-05-09,23.773219668972114
2017-05-10,24.17118498377381
2017-05-11,23.85313032137592
2017-05-12,24.19406631834056
2017-05-15,24.68632232828804
2017-05-16,24.400211525295997
2017-05-17,24.564245512465977
2017-05-18,24.90699761251665
2017-05-19,24.731227459987178
2017-05-22,24.195513910248778
2017-05-23,23.53151108177425
2017-05-24,23.52637747476604
2017-05-25,23.726567051263096
2017-05-26,23.370538126016942
2017-05-29,23.354389961416626
2017-05-30,23.626623302468985
2017-05-31,23.95688909995928
2017-06-01,24.756706644977463
2017-06-02,25.479832783270613
2017-06-05,25.05280172330584
2017-06-06,25.82423169672069
2017-06-07,25.660960166185745
2017-06-08,26.18999892983809
2017-06-09,26.130084116988314
2017-06-12,25.81034168424217
2017-06-13,24.85460987362664
2017-06-14,24.61663205229016
2017-06-15,23.80321451296293
2017-06-16,24.169918362222905
2017-06-19,24.95760335839097
2017-06-20,24.544308287755943
2017-06-21,24.65307208355324
2017-06-22,24.245801212019117
2017-06-23,23.945992079787896
2017-06-26,24.268872712935995
2017-06-27,24.18776228917426
2017-06-28,25.03429755090497
2017-06-29,24.773504230204377
2017-06-30,25.2761119226593
2017-07-03,25.26203154685652
2017-07-04,25.62280613142733
2017-07-05,25.43109641385961
2017-07-06,25.344205029682985
2017-07-07,25.290056226708995
2017-07-10,24.71844971533144
2017-07-11,25.00338321511372
2017-07-12,25.376633845392934
2017-07-13,25.66948549162286
2017-07-14,26.53370308492824
2017-07-17,27.40786421024143
2017-07-18,27.29540896030314
2017-07-19,27.56986231905424
2017-07-20,27.27317692363452
2017-07-21,27.22440586512405
2017-07-24,26.885859483361894
2017-07-25,27.68557492944386
2017-07-26,27.930811020952383
2017-07-27,27.875973616120067
2017-07-28,28.51254460923234
2017-07-31,27.326317709934564
2017-08-01,26.128436186880684
2017-08-02,26.49897942360949
2017-08-03,26.490006595604648
2017-08-04,26.59530258438176
2017-08-07,25.911660916938796
2017-08-08,25.826392642330728
2017-08-09,26.80991674878987
2017-08-10,27.112462602208826
2017-08-11,27.252482578036627
2017-08-14,27.0007914341034
2017-08-15,26.669427169733936
2017-08-16,25.43583889537762
2017-08-17,25.33595432311464
2017-08-18,25.719224994743357
2017-08-21,24.89084137033505
2017-08-22,24.517155167657304
2017-08-23,23.8495294687864
2017-08-24,23.34473103632828
2017-08-25,23.23194464898713
2017-08-28,22.299962788555646
2017-08-29,22.440518036584685
2017-08-30,22.81971186230441
2017-08-31,22.762671692789983
2017-09-01,21.71200862223712
2017-09-04,21.17550491458377
2017-09-05,21.6357897892152
2017-09-06,20.528700126938883
2017-09-07,20.277016329505862
2017-09-08,19.79066712169731
2017-09-11,20.05110072798079
2017-09-12,19.70663739374685
2017-09-13,19.818408645789617
2017-09-14,20.009698911099445
2017-09-15,20.81641845138054
2017-09-18,20.77520903312517
2017-09-19,20.89329180574992
2017-09-20,20.330753753541863
2017-09-21,20.672646601924345
2017-09-22,20.37444661172261
2017-09-25,20.072241930084804
2017-09-26,20.026829977769044
2017-09-27,19.421620057477572
2017-09-28,19.393735637072645
2017-09-29,19.739137663411626
2017-10-02,19.872061150274817
2017-10-03,19.270287368196797
2017-10-04,19.205833355168256
2017-10-05,19.52925258839782
2017-10-06,18.852603431726934
2017-10-09,18.388852919499524
2017-10-10,18.68867196422415
2017-10-11,18.841454117422217
2017-10-12,18.99928367741813
2017-10-13,19.78345984701522
2017-10-16,20.04441523644547
2017-10-17,20.327151090112736
2017-10-18,21.487569098887768
2017-10-19,21.49036259397587
2017-10-20,21.154143067157804
2017-10-23,21.33499456663506
2017-10-24,21.582879822621244
2017-10-25,21.3549580337938
2017-10-26,20.874821337057853
2017-10-27,21.93925826094143
2017-10-30,22.23359717898281
2017-10-31,22.011384313907307
2017-11-01,22.431574404300733
2017-11-02,22.45956122038981
2017-11-03,22.414144024458256
2017-11-06,22.723026504928047
2017-11-07,22.19462319929905
2017-11-08,22.363829234995983
2017-11-09,23.25164821665484
2017-11-10,23.58753459821927
2017-11-13,23.4240069402499
2017-11-14,23.169149691694
2017-11-15,22.98037259646782
2017-11-16,22.970037932528022
2017-11-17,22.808152554095013
2017-11-20,23.27741061075897
2017-11-21,22.579451234990696
2017-11-22,22.981312572626024
2017-11-23,22.89293315083197
2017-11-24,23.13730810751762
2017-11-27,22.647102897675783
2017-11-28,23.309992639659185
2017-11-29,23.950416211827765
2017-11-30,24.46555379154122
2017-12-01,23.745870833605835
2017-12-04,24.05779265042944
2017-12-05,24.26568777459706
2017-12-06,23.543118208316603
2017-12-07,23.46995827049576
2017-12-08,23.62934321933542
2017-12-11,23.918097698616737
2017-12-12,24.00362471099215
2017-12-13,24.18072053735903
2017-12-14,24.95247668505866
2017-12-15,25.72867341037349
2017-12-18,24.39650421544363
2017-12-19,24.10348609736777
2017-12-20,23.995667610720396
2017-12-21,23.320210217758515
2017-12-22,23.30650659607924
2017-12-25,23.8962993569168
2017-12-26,23.44856586021246
2017-12-27,23.623064027979822
2017-12-28,23.286249182453776
2017-12-29,22.953904412400508
2018-01-01,23.64783039214353
2018-01-02,23.55386784858221
2018-01-03,23.806156743016917
2018-01-04,23.011918229464907
2018-01-05,23.849003173749782
2018-01-08,24.23692858617995
2018-01-09,24.199086460749594
2018-01-10,24.47450398847513
2018-01-11,23.91882486169944
2018-01-12,24.48758506435268
2018-01-15,24.390353136492227
2018-01-16,24.29296640377678
2018-01-17,24.165446055326104
2018-01-18,23.894038334956356
2018-01-19,24.230560026491943
2018-01-22,24.459741073272674
2018-01-23,24.83172344870285
2018-01-24,24.89537491239445
2018-01-25,25.15995128448832
2018-01-26,25.072839174387106
2018-01-29,26.162110775508644
2018-01-30,25.368640299644213
2018-01-31,25.95864629163665
2018-02-01,26.755246732443467
2018-02-02,26.204398603408738
2018-02-05,27.09875746045064
2018-02-06,27.88026401398598
2018-02-07,28.402622383614936
2018-02-08,28.22921490696977
2018-02-09,28.130340116703746
2018-02-12,28.09400136533498
2018-02-13,28.277335410988435
2018-02-14,29.173779688354166
2018-02-15,29.3796289881355
2018-02-16,28.81255776180094
2018-02-19,29.236610714129924
2018-02-20,29.846812648042725
2018-02-21,30.269526327521003
2018-02-22,30.757613576011877
2018-02-23,30.75785720227224
2018-02-26,30.30754611668169
2018-02-27,29.699309274191865
2018-02-28,28.66493465353165
2018-03-01,28.740437461245385
2018-03-02,28.77460921622226
2018-03-05,28.6618698057574
2018-03-06,27.02196561839478
2018-03-07,26.256931600151887
2018-03-08,26.89680364826281
2018-03-09,26.706787384999263
2018-03-12,26.893610309736403
2018-03-13,26.167735198315665
2018-03-14,26.9341574640696
2018-03-15,26.94202586084539
2018-03-16,27.07421161628705
2018-03-19,28.20916602263252
2018-03-20,29.237750689253662
2018-03-21,29.100480112674703
2018-03-22,28.650203347699083
2018-03-23,28.352602923496757
2018-03-26,28.727481606222028
2018-03-27,28.53089907957294
2018-03-28,28.247066097921717
2018-03-29,29.163727506507083
2018-03-30,29.193209086462183
2018-04-02,30.38442488866033
2018-04-03,30.567431158491026
2018-04-04,31.61518638202363
2018-04-05,32.019276219428754
2018-04-06,32.49522830810513
2018-04-09,32.16340250655332
2018-04-10,31.62989464446257
2018-04-11,31.830929270993533
2018-04-12,32.531149392158355
2018-04-13,32.546104653828635
2018-04-16,31.741387271836736
2018-04-17,30.884791117951945
2018-04-18,29.99446071889973
2018-04-19,28.825925603183848
2018-04-20,28.77112694051708
2018-04-23,29.3428718357332
2018-04-24,29.2978100131914
2018-04-25,28.089070776003734
2018-04-26,27.96227628092045
2018-04-27,27.944456481035036
2018-04-30,29.173547337742747
2018-05-01,28.558178593647234
2018-05-02,28.262554417057963
2018-05-03,29.250373503808163
2018-05-04,29.72891610058449
2018-05-07,30.136446754284144
2018-05-08,30.246993213693308
2018-05-09,30.49201334527765
2018-05-10,30.991310017932346
2018-05-11,30.55345025619388
2018-05-14,31.055067291910987
2018-05-15,30.19399278063237
2018-05-16,30.307355265851083
2018-05-17,30.417268459737983
2018-05-18,30.121429030969097
2018-05-21,30.22320294333099
2018-05-22,29.89329127811781
2018-05-23,29.31006306281286
2018-05-24,29.12616642244814
2018-05-25,28.580477523775624
2018-05-28,28.79068008917643
2018-05-29,28.22592589021923
2018-05-30,28.71035266134888
2018-05-31,28.067023651628134
2018-06-01,27.766866690288083
2018-06-04,27.320709385458176
2018-06-05,27.96813316645017
2018-06-06,28.28620812511523
2018-06-07,28.182816408961585
2018-06-08,28.54298259806552
2018-06-11,27.392509836598236
2018-06-12,27.340655163876274
2018-06-13,28.43621705361706
2018-06-14,28.60577481557445
2018-06-15,28.65287512885235
2018-06-18,28.89734250550709
2018-06-19,29.326554251064767
2018-06-20,28.25657395552696
2018-06-21,27.173385345429494
2018-06-22,27.2567085916934
2018-06-25,26.76672524446237
2018-06-26,27.432728849577323
2018-06-27,27.23736686727768
2018-06-28,26.20575535793565
2018-06-29,25.48713181477721
2018-07-02,23.996709462174703
2018-07-03,23.69488370638513
2018-07-04,23.573608097292173
2018-07-05,23.342740495996164
2018-07-06,23.915910504345288
2018-07-09,24.54449561424093
2018-07-10,24.45967532007428
2018-07-11,23.302386009770185
2018-07-12,23.603714188222487
2018-07-13,23.859666005029062
2018-07-16,24.01190424101567
2018-07-17,24.503977097803585
2018-07-18,23.957504422669157
2018-07-19,24.852620133453243
2018-07-20,24.47032603432705
2018-07-23,24.78594107997556
2018-07-24,23.94848688869878
2018-07-25,23.539493771251017
2018-07-26,24.19312595595386
2018-07-27,24.044473683154383
2018-07-30,24.43602213700031
2018-07-31,24.58210170326473
2018-08-01,24.51719513678551
2018-08-02,25.180223311580598
2018-08-03,25.1106473932493
2018-08-06,24.252235668467677
2018-08-07,23.77184991942328
2018-08-08,23.941612269843667
2018-08-09,24.12021101172659
2018-08-10,23.294026364351485
2018-08-13,22.82536898896752
2018-08-14,22.52022165322439
2018-08-15,22.19966076974585
2018-08-16,21.60482005518196
2018-08-17,21.270161457317
2018-08-20,20.904901425084663
2018-08-21,21.206300768782228
2018-08-22,21.51030029461832
2018-08-23,21.415824797719655
2018-08-24,21.23888380451382
2018-08-27,21.328229347595048
2018-08-28,20.918603144523345
2018-08-29,20.39255072739764
2018-08-30,19.908149876822367
2018-08-31,19.626883134960742
2018-09-03,19.124726459632832
2018-09-04,19.11791459844214
2018-09-05,19.3058794672898
2018-09-06,18.6644611265995
2018-09-07,18.621738161544684
2018-09-10,18.54165943419943
2018-09-11,18.627567474497077
2018-09-12,18.60058353774525
2018-09-13,18.05938265967776
2018-09-14,17.547963094631594
2018-09-17,17.44248571629599
2018-09-18,17.75952720550903
2018-09-19,16.98331553412128
2018-09-20,17.033574142974942
2018-09-21,17.425628366281927
2018-09-24,17.377176350145223
2018-09-25,17.5614786711932
2018-09-26,17.298603225097022
2018-09-27,17.223634785266
2018-09-28,16.65685110463138
2018-10-01,15.873647177348785
2018-10-02,16.129945839759756
2018-10-03,15.853665958842598
2018-10-04,15.621380645137808
2018-10-05,15.169893877032564
2018-10-08,14.722335748944165
2018-10-09,14.641665486313524
2018-10-10,14.348896515264114
2018-10-11,14.422324458447513
2018-10-12,14.671923111601172
2018-10-15,14.797835193956557
2018-10-16,14.93177592980186
2018-10-17,15.440968255501652
2018-10-18,15.10805299656598
2018-10-19,15.07279603034594
2018-10-22,15.4599936030384
2018-10-23,15.87586128879597
2018-10-24,15.384300838463854
2018-10-25,15.339041109423707
2018-10-26,15.734836038375612
2018-10-29,15.882794542025096
2018-10-30,15.989092707373938
2018-10-31,15.968075190456448
2018-11-01,15.911933556414812
2018-11-02,16.01553692927522
2018-11-05,15.927475611244583
2018-11-06,15.912987960352217
2018-11-07,16.025316221916793
2018-11-08,15.832852660122189
2018-11-09,15.956104379341337
2018-11-12,16.891766772172257
2018-11-13,16.378947252729226
2018-11-14,16.47190509141482
2018-11-15,16.280729431310988
2018-11-16,16.494610657237143
2018-11-19,16.506338051432934
2018-11-20,16.732628833197982
2018-11-21,17.198480294827682
2018-11-22,17.3210778788128
2018-11-23,17.701913325756088
2018-11-26,17.01830595531281
2018-11-27,17.52691614647803
2018-11-28,17.80718875356454
2018-11-29,18.218170300888108
2018-11-30,17.85834642057797
2018-12-03,17.625188200300464
2018-12-04,17.625394615408467
2018-12-05,17.655209871910067
2018-12-06,17.77097969080959
2018-12-07,18.19648755387876
2018-12-10,17.635107281220883
2018-12-11,17.977208226394538
2018-12-12,18.03664423738368
2018-12-13,17.986760104171317
2018-12-14,17.446827813453847
2018-12-17,17.55278712802262
2018-12-18,16.77148156174923
2018-12-19,16.90677091063018
2018-12-20,16.40635046898978
2018-12-21,16.31143843860413
2018-12-24,16.238318391366263
2018-12-25,16.632909288236377
2018-12-26,16.708670615394052
2018-12-27,16.45356750475594
2018-12-28,16.309117710925165
2018-12-31,16.753254682271294
2019-01-01,16.98626736493553
2019-01-02,16.863904801451245
2019-01-03,16.754239792403958
2019-01-04,16.349680227977096
2019-01-07,16.46124422252286
2019-01-08,15.927422453528624
2019-01-09,16.16525419852793
2019-01-10,16.23878334035912
2019-01-11,17.04920777034034
2019-01-14,16.766990356970343
2019-01-15,16.746646368366726
2019-01-16,17.395591459111905
2019-01-17,17.94293470699998
2019-01-18,17.79006214844685
2019-01-21,17.894555944835044
2019-01-22,17.89757133594267
2019-01-23,18.06604126309593
2019-01-24,17.85278417810436
2019-01-25,17.871007957920646
2019-01-28,17.299499987580276
2019-01-29,17.312811398400317
2019-01-30,17.54169195641768
2019-01-31,17.52180047333878
2019-02-01,16.99795515593164
2019-02-04,17.307502486913503
2019-02-05,17.486713220740775
2019-02-06,17.27286604227833
2019-02-07,17.140100777158487
2019-02-08,16.654745363870084
2019-02-11,16.27879955892505
2019-02-12,16.10416449770809
2019-02-13,16.487066233238362
2019-02-14,16.303089287567005
2019-02-15,16.530635996357088
2019-02-18,16.39198785440386
2019-02-19,16.470510374367908
2019-02-20,16.43875460311965
2019-02-21,16.72323782261242
2019-02-22,16.58945310615712
2019-02-25,16.19286163885474
2019-02-26,15.82122621032048
2019-02-27,15.685335726095438
2019-02-28,15.30676806539349
2019-03-01,15.423540335133444
2019-03-04,15.26997153745354
2019-03-05,16.055792855713886
2019-03-06,15.562345114796974
2019-03-07,15.563966240267854
2019-03-08,15.272523993451312
2019-03-11,15.13852283648682
2019-03-12,15.216493419662187
2019-03-13,14.581605911051009
2019-03-14,14.608798972768854
2019-03-15,15.22156076198078
2019-03-18,15.164214307784844
2019-03-19,15.26087746939529
2019-03-20,15.609424208340428
2019-03-21,15.685745010081243
2019-03-22,15.485980111255303
2019-03-25,14.85015414644107
2019-03-26,15.020532988695146
2019-03-27,15.000803625515346
2019-03-28,14.70041824613602
2019-03-29,14.751032144053148
2019-04-01,14.62229092207208
2019-04-02,14.456168701071968
2019-04-03,14.65916905796455
2019-04-04,14.318788642605956
2019-04-05,14.631388197996277
2019-04-08,14.280521581342184
2019-04-09,14.058157517514523
2019-04-10,14.611835277206044
2019-04-11,14.999055244264463
2019-04-12,15.093165484940592
2019-04-15,14.79697773634329
2019-04-16,14.644890880423764
2019-04-17,14.649434942521935
2019-04-18,14.67402422884892
2019-04-19,14.662784630378686
2019-04-22,14.65295534864888
2019-04-23,14.593209630169367
2019-04-24,14.157757423945732
2019-04-25,14.01669840465373
2019-04-26,14.262437382863432
2019-04-29,13.914342226367124
2019-04-30,13.81537765361522
2019-05-01,13.601902283009297
2019-05-02,13.597747422085703
2019-05-03,13.49929113697354
2019-05-06,13.83484304009852
2019-05-07,13.973480481168798
2019-05-08,13.6170232938051
2019-05-09,13.726154578931958
2019-05-10,13.50132900484076
2019-05-13,13.23182541888643
2019-05-14,13.35464192213263
2019-05-15,13.23177740646549
2019-05-16,13.50283242412168
2019-05-17,13.281772042843931
2019-05-20,13.123642364026503
2019-05-21,12.935336416313069
2019-05-22,12.748779374183204
2019-05-23,13.01203280540288
2019-05-24,13.24288156593721
2019-05-27,13.722281466941904
2019-05-28,14.42761913315378
2019-05-29,14.195023776504996
2019-05-30,14.230070217628974
2019-05-31,13.859649056685868
2019-06-03,13.62420948639694
2019-06-04,13.48722231003483
2019-06-05,13.169460983483845
2019-06-06,12.895152834383698
2019-06-07,12.814007115525708
2019-06-10,12.544223451210232
2019-06-11,12.72565004909912
2019-06-12,12.526033966767908
2019-06-13,13.2534514050682
2019-06-14,13.19362179075014
2019-06-17,13.22635517293432
2019-06-18,12.904632023521687
2019-06-19,13.343497742221672
2019-06-20,13.681524170173123
2019-06-21,13.759861717963965
2019-06-24,13.403162675295858
2019-06-25,13.42588748882116
2019-06-26,13.161127620130152
2019-06-27,13.514616631183896
2019-06-28,13.769062246550044
2019-07-01,13.8329392672469
2019-07-02,13.177361353982665
2019-07-03,12.900596013996262
2019-07-04,13.059192616040791
2019-07-05,13.376576576650631
2019-07-08,13.644408329486218
2019-07-09,13.207944668373068
2019-07-10,13.300559780002288
2019-07-11,13.576516930707264
2019-07-12,13.142750526854446
2019-07-15,13.116877807386484
2019-07-16,13.155952686643213
2019-07-17,13.04147978236325
2019-07-18,12.547826281984172
2019-07-19,12.4505832900182
2019-07-22,12.363068494863988
2019-07-23,12.334958255647136
2019-07-24,12.199114954473336
2019-07-25,12.060366578770177
2019-07-26,12.03786149477453
2019-07-29,12.12383557652483
2019-07-30,12.023654081368283
2019-07-31,11.871198928024183
2019-08-01,11.838884005700333
2019-08-02,11.347821821668242
2019-08-05,11.357749910871265
2019-08-06,11.36922127497583
2019-08-07,11.36784696138404
2019-08-08,11.610139160575788
2019-08-09,11.14968503855987
2019-08-12,10.60298588292524
2019-08-13,10.642773406242489
2019-08-14,10.59373311560508
2019-08-15,10.61470212760076
2019-08-16,10.526504775221293
2019-08-19,10.632172739398396
2019-08-20,10.793959612769552
2019-08-21,10.918702942783405
2019-08-22,10.826594331882037
2019-08-23,10.29201786750685
2019-08-26,10.424494867821576
2019-08-27,10.655700250785342
2019-08-28,10.813581373835367
2019-08-29,10.635881911319172
2019-08-30,10.744647273046208
2019-09-02,10.928102030865718
2019-09-03,11.26044932726974
2019-09-04,11.102900093349335
2019-09-05,11.033817190296466
2019-09-06,11.14123805934528
2019-09-09,11.158353876785888
2019-09-10,10.901057209967796
2019-09-11,10.944138550432152
2019-09-12,11.113833843951546
2019-09-13,11.121579849107093
2019-09-16,11.141535746421386
2019-09-17,11.067972295379992
2019-09-18,11.379183665952867
2019-09-19,11.19274225777224
2019-09-20,11.029842671583182
2019-09-23,11.04081861543596
2019-09-24,11.217624602360909
2019-09-25,10.929452631257613
2019-09-26,10.592473756844006
2019-09-27,10.135617325131811
2019-09-30,10.12770092943131
2019-10-01,9.912113367398565
2019-10-02,9.818862910216884
2019-10-03,9.970719379537137
2019-10-04,9.88252205715744
2019-10-07,9.92314767102544
2019-10-08,9.853216898626144
2019-10-09,10.0102455070312
2019-10-10,10.116978845134204
2019-10-11,10.02218950258752
2019-10-14,9.954325437649386
2019-10-15,10.200929011279037
2019-10-16,10.3141361860505
2019-10-17,10.056411950694212
2019-10-18,10.171179236978052
2019-10-21,9.973673236726771
2019-10-22,10.23454701824348
2019-10-23,10.490485214106291
2019-10-24,10.58732545076576
2019-10-25,10.653488752787638
2019-10-28,10.630601900236725
2019-10-29,10.773527745557876
2019-10-30,10.750492360386971
2019-10-31,10.825222003575044
2019-11-01,11.081031726969451
2019-11-04,10.994784754824073
2019-11-05,10.88084625746922
2019-11-06,10.618779067075778
2019-11-07,10.417204458046934
2019-11-08,10.03436652232145
2019-11-11,10.15753041526296
2019-11-12,10.580621444652351
2019-11-13,10.93690721264152
2019-11-14,10.640684450494309
2019-11-15,10.813513158030988
2019-11-18,11.145375450297768
2019-11-19,11.084026134228113
2019-11-20,11.103201775411204
2019-11-21,10.692658480708362
2019-11-22,10.737513050204264
2019-11-25,10.562516336271626
2019-11-26,10.609688920179355
2019-11-27,10.311222122761004
2019-11-28,10.413532517467788
2019-11-29,10.655497908886048
2019-12-02,10.501912721195913
2019-12-03,10.248986368281637
2019-12-04,9.833879486231844
2019-12-05,9.761940317093856
2019-12-06,9.680982869124916
2019-12-09,9.389515650075037
2019-12-10,9.478987802606444
2019-12-11,9.412461703891662
2019-12-12,9.256101784879275
2019-12-13,9.132723518325909
2019-12-16,9.374710875428676
2019-12-17,9.50042609134652
2019-12-18,9.50191054625315
2019-12-19,9.637066552195613
2019-12-20,9.454273966263148
2019-12-23,9.461615463541015
2019-12-24,9.505668184939909
2019-12-25,9.43869970389609
2019-12-26,9.548128574950956
2019-12-27,9.439096956042595
2019-12-30,9.553294868747516
2019-12-31,9.680404534382214
2020-01-01,9.178642947751648
2020-01-02,9.393566467191707
2020-01-03,8.85645023780833
2020-01-06,8.749424022922364
2020-01-07,8.93341491096205
2020-01-08,8.908899863800267
2020-01-09,8.669115828874943
2020-01-10,8.489506807132985
2020-01-13,8.677669384646233
2020-01-14,8.372908925715041
2020-01-15,8.551161167125496
2020-01-16,8.573373603860336
2020-01-17,8.402537089359823
2020-01-20,8.297724088533903
2020-01-21,8.121966743437063
2020-01-22,8.286062894323118
2020-01-23,8.425584413698052
2020-01-24,8.143164498630929
2020-01-27,8.03715829578589
2020-01-28,7.939464677979756
2020-01-29,8.132699952483492
2020-01-30,7.933775137487748
2020-01-31,8.152730082045709
2020-02-03,8.189682518934113
2020-02-04,8.028980915506704
2020-02-05,7.907261890921038
2020-02-06,7.783667203590499
2020-02-07,7.583471723922518
2020-02-10,7.604824463338897
2020-02-11,7.425643499599054
2020-02-12,7.103988625533608
2020-02-13,7.022127590515943
2020-02-14,6.7725479244241065
2020-02-17,6.654679017884547
2020-02-18,6.534100560282744
2020-02-19,6.428006927445169
2020-02-20,6.671568346229236
2020-02-21,6.692997767372036
2020-02-24,6.684871391590102
2020-02-25,6.432900238760389
2020-02-26,6.325965089282303
2020-02-27,6.2797798029467
2020-02-28,6.139068132800096
2020-03-02,6.309938695972345
2020-03-03,6.151735742826864
2020-03-04,6.129247441013012
2020-03-05,6.0309754285810655
2020-03-06,6.0244850562233525
2020-03-09,5.895832698410511
2020-03-10,5.899448217131836
2020-03-11,5.81004835460436
2020-03-12,5.629197741282003
2020-03-13,5.6901578009195335
2020-03-16,5.63096748801854
2020-03-17,5.634969090258898
2020-03-18,5.537022635801826
2020-03-19,5.592491611608869
2020-03-20,5.538588461914999
2020-03-23,5.511488776049759
2020-03-24,5.56111731833004
2020-03-25,5.747785113473216
2020-03-26,5.609086170849462
2020-03-27,5.653598354028793
2020-03-30,5.447900594170896
2020-03-31,5.446076493635335
2020-04-01,5.554159872090189
2020-04-02,5.626063073858038
2020-04-03,5.64305773183666
2020-04-06,5.617627677088758
2020-04-07,5.621196466370579
2020-04-08,5.598960463699358
2020-04-09,5.511168738605232
2020-04-10,5.479369416983528
2020-04-13,5.485842016529945
2020-04-14,5.428925429892164
2020-04-15,5.33534269855287
2020-04-16,5.205313029170082
2020-04-17,5.246077989403959
2020-04-20,5.304528205037811
2020-04-21,5.317092670824255
2020-04-22,5.453196220104807
2020-04-23,5.479240306114322
2020-04-24,5.513885767353434
2020-04-27,5.550880692169791
2020-04-28,5.553246604208176
2020-04-29,5.525396535303983
2020-04-30,5.778935225305379
2020-05-01,5.73713336160236
2020-05-04,5.659973465511417
2020-05-05,5.69551545167967
2020-05-06,5.734279324529216
2020-05-07,5.5903301520646815
2020-05-08,5.728610148345008
2020-05-11,5.730871069408007
2020-05-12,5.620843423816935
2020-05-13,5.720471305390024
2020-05-14,5.800950806630614
2020-05-15,5.683645251129248
2020-05-18,5.846983636019179
2020-05-19,5.940590405362672
2020-05-20,5.958546965722242
2020-05-21,6.147760030543979
2020-05-22,6.185076566721031
2020-05-25,6.188649887278343
2020-05-26,6.130130767162372
2020-05-27,6.195633116035769
2020-05-28,6.259626843538567
2020-05-29,6.274225941064276
2020-06-01,6.214723109153626
2020-06-02,6.229955982808854
2020-06-03,6.229106119779177
2020-06-04,6.060998383281497
2020-06-05,5.887404754750462
2020-06-08,5.93340329272512
2020-06-09,5.641763524307183
2020-06-10,5.650916415915747
2020-06-11,5.583840781734917
2020-06-12,5.735412303377951
2020-06-15,5.687189586086169
2020-06-16,5.768984173818011
2020-06-17,5.736412296041321
2020-06-18,5.750632809362853
2020-06-19,5.84414982786831
2020-06-22,5.809443228894958
2020-06-23,5.931188777399432
2020-06-24,5.808651141035501
2020-06-25,5.841771557954402
2020-06-26,5.933542672697138
2020-06-29,6.0264311607671806
2020-06-30,6.28798524010862
2020-07-01,6.230487524011755
2020-07-02,6.056901410959705
2020-07-03,5.924704250333955
2020-07-06,5.997431447312946
2020-07-07,6.061609003809133
2020-07-08,6.095986982291743
2020-07-09,5.960584613263624
2020-07-10,6.053906200142613
2020-07-13,5.897756633062048
2020-07-14,6.019945861436859
2020-07-15,6.390852527540654
2020-07-16,6.468635756463502
2020-07-17,6.549577122530252
2020-07-20,6.502554531124908
2020-07-21,6.26228627437315
2020-07-22,6.177126164244777
2020-07-23,6.021218167875848
2020-07-24,5.826383340657398
2020-07-27,6.02767993697903
2020-07-28,6.066203099048303
2020-07-29,6.122336164107802
2020-07-30,6.099732641761994
2020-07-31,6.085227528324042
2020-08-03,6.208028335519476
2020-08-04,6.212584817776868
2020-08-05,6.282781563834495
2020-08-06,6.260528328553649
2020-08-07,6.189112031538308
2020-08-10,6.006175575159648
2020-08-11,5.750122640689047
2020-08-12,5.697129789524282
2020-08-13,5.702265353905031
2020-08-14,5.551166959047479
2020-08-17,5.539250480213685
2020-08-18,5.544025865291137
2020-08-19,5.310741586155419
2020-08-20,5.199228958120777
2020-08-21,5.23453366018284
2020-08-24,5.28482356986793
2020-08-25,5.1726779257576645
2020-08-26,5.180977756142834
2020-08-27,5.289071982721798
2020-08-28,5.375120021878309
2020-08-31,5.374216835917316
2020-09-01,5.33060524207619
2020-09-02,5.260769910117602
2020-09-03,5.282640946653594
2020-09-04,5.304801241815107
2020-09-07,5.3644392749806
2020-09-08,5.358922567522165
2020-09-09,5.452188679709934
2020-09-10,5.465097054383212
2020-09-11,5.553117421031211
2020-09-14,5.661813584337202
2020-09-15,5.580989590008646
2020-09-16,5.363763820193455
2020-09-17,5.505603161334588
2020-09-18,5.537634157861589
2020-09-21,5.337725522621929
2020-09-22,5.244817168284932
2020-09-23,5.301604227373882
2020-09-24,5.271207324592994
2020-09-25,5.217835858656833
2020-09-28,5.355592833222143
2020-09-29,5.244466030043375
2020-09-30,5.15758247847321
2020-10-01,5.167693184882905
2020-10-02,5.194674227411969
2020-10-05,5.251325568129245
2020-10-06,5.335724935832177
2020-10-07,5.375176635078374
2020-10-08,5.42465002484396
2020-10-09,5.4153278134356375
2020-10-12,5.426332505159455
2020-10-13,5.440584914197333
2020-10-14,5.467635466395363
2020-10-15,5.5544427135583145
2020-10-16,5.622802950074219
2020-10-19,5.634854096573115
2020-10-20,5.544505674612786
2020-10-21,5.5445415354731455
2020-10-22,5.547529132271017
2020-10-23,5.565926919028277
2020-10-26,5.8194136733111
2020-10-27,5.782835387761186
2020-10-28,5.804741393090603
2020-10-29,5.935136517292077
2020-10-30,5.941138795762146
2020-11-02,6.234360707290923
2020-11-03,6.236502149373431
2020-11-04,6.301993788854986
2020-11-05,6.237944728001904
2020-11-06,6.193666359587818
2020-11-09,6.2287534972683885
2020-11-10,6.332471746162203
2020-11-11,6.390948309487497
2020-11-12,6.558485931860445
2020-11-13,6.580349121708529
2020-11-16,6.562898256520344
2020-11-17,6.936988711663673
2020-11-18,7.039895870921698
2020-11-19,6.956413556125912
2020-11-20,6.87153858772081
2020-11-23,6.75939625666733
2020-11-24,6.891207359636486
2020-11-25,6.859197240170485
2020-11-26,6.889200223399954
2020-11-27,6.912183673115867
2020-11-30,7.017512807017666
2020-12-01,6.924886627589384
2020-12-02,6.782196460400463
2020-12-03,6.800730883133709
2020-12-04,6.889485910455392
2020-12-07,6.949259533973632
2020-12-08,6.861146510722491
2020-12-09,6.956351044508898
2020-12-10,6.900774392820817
2020-12-11,6.847986034144742
2020-12-14,6.756710092965543
2020-12-15,6.8983724917497975
2020-12-16,7.003486377132741
2020-12-17,7.10591219147409
2020-12-18,7.264565554389449
2020-12-21,7.601083285933709
2020-12-22,7.42129952373025
2020-12-23,7.344349399758015
2020-12-24,7.283771678310409
2020-12-25,7.204441411655506
2020-12-28,7.105041130968249
2020-12-29,7.077206480033334
2020-12-30,6.972490033560525
2020-12-31,7.019045176387123
2021-01-01,7.031569765615363
2021-01-04,7.099350750036974
2021-01-05,7.1917671393036455
2021-01-06,7.275697545143094
2021-01-07,7.228471678480831
2021-01-08,7.5411035201330625
2021-01-11,7.592858174916799
2021-01-12,7.331020472087335
2021-01-13,7.167085231921677
2021-01-14,6.91798636748249
2021-01-15,6.894195541916618
2021-01-18,6.880813750584849
2021-01-19,6.823912468365833
2021-01-20,7.111219805914896
2021-01-21,7.224501846413181
2021-01-22,7.327269017760343
2021-01-25,7.215926365881949
2021-01-26,7.073644254709707
2021-01-27,7.054435230309121
2021-01-28,7.078767291292311
2021-01-29,6.823383974021999
2021-02-01,6.787297374456164
2021-02-02,6.803498888842323
2021-02-03,6.781141020912361
2021-02-04,6.692760367150351
2021-02-05,6.617331156574803
2021-02-08,6.6007578557628666
2021-02-09,6.628438256317406
2021-02-10,6.705429057056829
2021-02-11,6.877737163656024
2021-02-12,6.863468663472412
2021-02-15,6.802026808802223
2021-02-16,6.873929092575521
2021-02-17,6.956413289557913
2021-02-18,6.909576372366663
2021-02-19,7.0238029415633845
2021-02-22,7.17938944928286
2021-02-23,7.385913891332185
2021-02-24,7.695267410145012
2021-02-25,7.553831597962106
2021-02-26,7.51530753155405
2021-03-01,7.550260893396671
2021-03-02,7.530167241473229
2021-03-03,7.404033955076075
2021-03-04,7.156437901046012
2021-03-05,7.149454605366971
2021-03-08,7.020697358369429
2021-03-09,7.016683868101818
2021-03-10,6.917399393998023
2021-03-11,6.7895801121163055
2021-03-12,6.797210659920934
2021-03-15,6.804990463400363
2021-03-16,6.887460391111772
2021-03-17,7.198437265432103
2021-03-18,7.222344384104022
2021-03-19,7.27413719207054
2021-03-22,7.120069164005175
2021-03-23,6.918626716539995
2021-03-24,7.1077972266658245
2021-03-25,6.965494735975517
2021-03-26,6.82439401721488
2021-03-29,6.79023623872301
2021-03-30,6.750632485338982
2021-03-31,6.643545831716805
2021-04-01,6.584920126106991
2021-04-02,6.745247206724876
2021-04-05,6.653982362142434
2021-04-06,6.4730913280684925
2021-04-07,6.590582338591171
2021-04-08,6.679306869326141
2021-04-09,6.614217068499276
2021-04-12,6.382622388790832
2021-04-13,6.284180836632666
2021-04-14,6.286357458263317
2021-04-15,6.449968804664746
2021-04-16,6.339803738438035
2021-04-19,6.315389378370978
2021-04-20,6.405550623404448
2021-04-21,6.136435219078895
2021-04-22,6.252336588175246
2021-04-23,6.145523747999151
2021-04-26,6.2015333417918
2021-04-27,6.256218651813978
2021-04-28,6.384727482426998
2021-04-29,6.461946857880092
2021-04-30,6.1770118559060885
2021-05-03,6.059226835019325
2021-05-04,6.065433666021766
2021-05-05,6.061626089496039
2021-05-06,6.151459850776754
2021-05-07,6.272930752921193
2021-05-10,6.335913368239066
2021-05-11,6.317977704023488
2021-05-12,6.072688503422224
2021-05-13,5.967619070381441
2021-05-14,6.005810480737173
2021-05-17,5.882308069730785
2021-05-18,5.955084821607221
2021-05-19,6.062526791097232
2021-05-20,6.080939120168579
2021-05-21,5.725979284141748
2021-05-24,5.555491005079401
2021-05-25,5.751225700323936
2021-05-26,5.708034465816014
2021-05-27,5.487276458467693
2021-05-28,5.6027629168384525
2021-05-31,5.616231759657314
2021-06-01,5.758128853447649
2021-06-02,5.796505033726771
2021-06-03,5.844428161568254
2021-06-04,5.905456618359499
2021-06-07,5.996366496196616
2021-06-08,6.281861839637569
2021-06-09,6.442154516919496
2021-06-10,6.277257578139214
2021-06-11,6.328519550922788
2021-06-14,6.467152818473673
2021-06-15,6.628143306817572
2021-06-16,6.584474715709132
2021-06-17,6.709641977063625
2021-06-18,6.853773758838009
2021-06-21,7.233623101277955
2021-06-22,7.151510789920542
2021-06-23,7.091803400430001
2021-06-24,7.044456939008336
2021-06-25,6.978219036904858
2021-06-28,6.877761105024474
2021-06-29,6.563583995925019
2021-06-30,6.482140560485789
2021-07-01,6.528436876898817
2021-07-02,6.470425002778529
2021-07-05,6.723046995038391
2021-07-06,6.73281090706149
2021-07-07,6.918508389051608
2021-07-08,6.961456861988123
2021-07-09,7.09552982758373
2021-07-12,7.146556769151802
2021-07-13,7.349333063913887
2021-07-14,7.38501184256958
2021-07-15,7.466446053304477
2021-07-16,7.537622326726174
2021-07-19,7.470332749017228
2021-07-20,7.56892791978485
2021-07-21,7.931911416369758
2021-07-22,7.926336201466619
2021-07-23,8.005793772869493
2021-07-26,8.226569754907183
2021-07-27,8.426583426390245
2021-07-28,8.45347133765143
2021-07-29,8.055015484731554
2021-07-30,8.075454060425546
2021-08-02,7.733460340237913
2021-08-03,7.9515228379356175
2021-08-04,7.996821675697409
2021-08-05,8.172111285649734
2021-08-06,8.050986862925445
2021-08-09,7.805142624204498
2021-08-10,7.827466507912602
2021-08-11,7.812024062527338
2021-08-12,7.764324633330249
2021-08-13,7.782118759513265
2021-08-16,8.195394515294657
2021-08-17,8.367393914135873
2021-08-18,8.5480244401429
2021-08-19,8.684508524374415
2021-08-20,8.958991791375036
2021-08-23,8.9555560608074
2021-08-24,8.608414622450562
2021-08-25,8.544137115066789
2021-08-26,8.65030478685095
2021-08-27,8.507066874322211
2021-08-30,8.473286841903448
2021-08-31,8.345933893850985
2021-09-01,8.592885762680584
2021-09-02,8.750912177367397
2021-09-03,8.8894529893657
2021-09-06,9.009397125127464
2021-09-07,9.012077297646162
2021-09-08,9.033226323693423
2021-09-09,8.820710957600223
2021-09-10,8.427823889596242
2021-09-13,8.403530459360661
2021-09-14,8.458561523147452
2021-09-15,8.689422617999783
2021-09-16,8.973449043419176
2021-09-17,9.258205886338184
2021-09-20,9.04053082278748
2021-09-21,8.967240366358865
2021-09-22,9.051819027396938
2021-09-23,9.533636201769651
2021-09-24,9.86009356890212
2021-09-27,10.098264834540617
2021-09-28,10.013662835891452
2021-09-29,9.82791879454432
2021-09-30,9.989086402309043
2021-10-01,9.801257964063792
2021-10-04,9.728860541580888
2021-10-05,9.733583496919614
2021-10-06,10.060833558116052
2021-10-07,10.042877688498429
2021-10-08,9.542255583088467
2021-10-11,9.589200314048746
2021-10-12,9.442905606326216
2021-10-13,9.429481598858043
2021-10-14,9.455126972914403
2021-10-15,9.429777073558856
2021-10-18,9.583897002393847
2021-10-19,9.32839495533363
2021-10-20,9.224581050477331
2021-10-21,9.3257034031536
2021-10-22,9.221365602639208
2021-10-25,8.94754768409878
2021-10-26,9.066136984489058
2021-10-27,9.30574154026634
2021-10-28,9.377544894599849
2021-10-29,9.047864992981642
2021-11-01,9.19748520079274
2021-11-02,8.921341817334033
2021-11-03,8.982309535918468
2021-11-04,8.830906636899126
2021-11-05,8.647509201452326
2021-11-08,8.577639093281185
2021-11-09,8.552063556413273
2021-11-10,8.451269131451951
2021-11-11,8.540705233341036
2021-11-12,8.494402132203517
2021-11-15,8.671349071906143
2021-11-16,8.749532315783425
2021-11-17,8.667022695558266
2021-11-18,8.531661250576152
2021-11-19,8.275152564822369
2021-11-22,8.314826781130423
2021-11-23,8.269440431711095
2021-11-24,7.894177886748794
2021-11-25,7.798039332288437
2021-11-26,7.627715222871955
2021-11-29,7.906202622636512
2021-11-30,7.6525077830235535
2021-12-01,7.42783512247394
2021-12-02,7.608213471108808
2021-12-03,7.83790052268393
2021-12-06,7.783174364708777
2021-12-07,7.705199493718285
2021-12-08,7.8072277969218735
2021-12-09,7.436378068366777
2021-12-10,7.15856638352528
2021-12-13,7.100184115538777
2021-12-14,7.320956964820274
2021-12-15,7.294754503265854
2021-12-16,7.309525249633113
2021-12-17,7.47060165468883
2021-12-20,7.796448475943555
2021-12-21,7.769062233642291
2021-12-22,7.781767866768029
2021-12-23,8.093046124944157
2021-12-24,7.879854251036452
2021-12-27,8.063884750212546
2021-12-28,7.913421384309542
2021-12-29,7.975712357366286
2021-12-30,7.967331608846334
2021-12-31,7.833625477478293
2022-01-03,7.697094263351381
2022-01-04,7.735155977249345
2022-01-05,7.8721198896371956
2022-01-06,7.864001888320603
2022-01-07,7.882699532813186
2022-01-10,7.977181093551259
2022-01-11,7.860111048336197
2022-01-12,7.995775742014139
2022-01-13,8.122625651003728
2022-01-14,8.613449831269397
2022-01-17,8.590898769198004
2022-01-18,8.504104307876943
2022-01-19,8.631421100482433
2022-01-20,8.782672582996643
2022-01-21,8.669855462456406
2022-01-24,8.607890582820124
2022-01-25,8.68738007315625
2022-01-26,8.554905989400469
2022-01-27,8.444317701407714
2022-01-28,8.49602675453989
2022-01-31,8.709864726064636
2022-02-01,8.63263685390724
2022-02-02,8.311929645296276
2022-02-03,7.957389512734242
2022-02-04,7.734503141205828
2022-02-07,7.492751306745059
2022-02-08,7.467452215794258
2022-02-09,7.303839506559023
2022-02-10,7.176088978814317
2022-02-11,7.025071593039552
2022-02-14,6.955285028562637
2022-02-15,7.141848701523927
2022-02-16,7.240416604273095
2022-02-17,7.238077972416258
2022-02-18,7.179722444160059
2022-02-21,7.120929697657294
2022-02-22,7.156226545561491
2022-02-23,7.229163821016708
2022-02-24,7.12271974105516
2022-02-25,7.139287742313491
2022-02-28,6.91126427741239
2022-03-01,6.957389649282204
2022-03-02,7.089533140553355
2022-03-03,7.05512214791669
2022-03-04,7.299223341285418
2022-03-07,7.195526940990329
2022-03-08,7.219947134896
2022-03-09,7.21971849620193
2022-03-10,7.1726181660291815
2022-03-11,7.153416903294353
2022-03-14,7.150708289356984
2022-03-15,7.272801651448802
2022-03-16,7.501297050625159
2022-03-17,7.54004417360453
2022-03-18,7.7046938136118275
2022-03-21,7.645167393898988
2022-03-22,7.755063664114222
2022-03-23,7.636130380629044
2022-03-24,7.823965504674568
2022-03-25,8.216853845888119
2022-03-28,8.232851172354662
2022-03-29,7.895693805384861
2022-03-30,7.805136071908329
2022-03-31,7.974819772659455
2022-04-01,8.072928508798194
2022-04-04,8.1428869330877
2022-04-05,8.29917161091985
2022-04-06,8.361120872985117
2022-04-07,8.563237831710447
2022-04-08,8.735816796356833
2022-04-11,9.014727139008038
2022-04-12,9.116427073353426
2022-04-13,9.33773419910169
2022-04-14,9.284817401718836
2022-04-15,9.154007181823935
2022-04-18,9.479522877733991
2022-04-19,9.537160927024754
2022-04-20,9.672059023723005
2022-04-21,9.693617978632734
2022-04-22,9.552252906756118
2022-04-25,9.545541306505704
2022-04-26,9.798753466438896
2022-04-27,9.929247873317712
2022-04-28,9.651500320564349
2022-04-29,9.538619816131202
2022-05-02,9.88563706007721
2022-05-03,9.835153293241934
2022-05-04,9.529546138684678
2022-05-05,9.80966814561152
2022-05-06,9.909020593985437
2022-05-09,9.81823241301308
2022-05-10,9.747030424118634
2022-05-11,9.934032233738057
2022-05-12,9.848737047877924
2022-05-13,10.102439713751028
2022-05-16,10.240900162090243
2022-05-17,10.311928697477454
2022-05-18,10.252796886477356
2022-05-19,10.21938039150096
2022-05-20,10.399023341906632
2022-05-23,10.254221938418814
2022-05-24,9.861050741109592
2022-05-25,9.979551570026793
2022-05-26,10.11489934129565
2022-05-27,10.235518702515028
2022-05-30,10.32214494387881
2022-05-31,10.232311601360797
2022-06-01,10.331490774391586
2022-06-02,10.331996094424497
2022-06-03,10.192811861297242
2022-06-06,10.115950114311929
2022-06-07,10.51107397939136
2022-06-08,10.19529652939944
2022-06-09,10.25742971020393
2022-06-10,9.87821981118366
2022-06-13,9.75493430397322
2022-06-14,9.599442847837448
2022-06-15,9.191241100447066
2022-06-16,9.22241107887479
2022-06-17,9.156043415008016
2022-06-20,8.769803100119605
2022-06-21,8.885390178197033
2022-06-22,9.125741688084192
2022-06-23,9.39530410972039
2022-06-24,9.402706266890776
2022-06-27,9.357309765583029
2022-06-28,9.552027294951598
2022-06-29,9.888781462171316
2022-06-30,10.103277419306584
2022-07-01,9.900689225143555
2022-07-04,9.906618925708994
2022-07-05,9.947768078428693
2022-07-06,9.56419938123813
2022-07-07,9.620899728629444
2022-07-08,10.071099754817176
2022-07-11,10.188709423731346
2022-07-12,10.4555541732401
2022-07-13,10.483797608006991
2022-07-14,10.428382169421283
2022-07-15,10.513524835775865
2022-07-18,10.358382616742883
2022-07-19,10.142126172377528
2022-07-20,10.371368070753112
2022-07-21,10.65440661793932
2022-07-22,10.447389171869638
2022-07-25,10.639244673000704
2022-07-26,10.62104318592034
2022-07-27,10.717079733349426
2022-07-28,10.84255585631651
2022-07-29,11.095451177410345
2022-08-01,11.11126299513668
2022-08-02,11.42311597111277
2022-08-03,11.508766261671708
2022-08-04,11.667869384338138
2022-08-05,11.478458303328988
2022-08-08,11.940166819786556
2022-08-09,12.102360556723946
2022-08-10,12.322351463293392
2022-08-11,11.96917353175005
2022-08-12,11.763358669068223
2022-08-15,12.06447450872593
2022-08-16,12.164938141465964
2022-08-17,11.680750242590198
2022-08-18,11.858034560665931
2022-08-19,11.739954676902364
2022-08-22,12.028147949792766
2022-08-23,12.026201743725572
2022-08-24,12.079366830542536
2022-08-25,12.36049041867146
2022-08-26,12.1584833754157
2022-08-29,11.888252586263084
2022-08-30,11.77239072910995
2022-08-31,11.947090688343703
2022-09-01,11.599067738287456
2022-09-02,11.146232330021151
2022-09-05,11.292711726665445
2022-09-06,11.15480558132798
2022-09-07,11.029400771686504
2022-09-08,10.620689178739468
2022-09-09,10.46037239794911
2022-09-12,10.441291361081252
2022-09-13,10.564072254760251
2022-09-14,10.39461082041874
2022-09-15,10.700654672702436
2022-09-16,10.539896494684095
2022-09-19,10.364360823903189
2022-09-20,10.64996738529448
2022-09-21,10.687398039647972
2022-09-22,10.556233772541548
2022-09-23,10.439566349258325
2022-09-26,10.672201888670148
2022-09-27,10.967027678533762
2022-09-28,10.80409086776758
2022-09-29,10.766038288570876
2022-09-30,10.782237001964068
2022-10-03,10.574828002448529
2022-10-04,10.59782168403285
2022-10-05,10.59056874896204
2022-10-06,10.806407434069758
2022-10-07,11.054031500098397
2022-10-10,10.968120201390091
2022-10-11,10.89597177393712
2022-10-12,11.00518849190614
2022-10-13,10.89746160548185
2022-10-14,10.980565132614949
2022-10-17,10.983466585182551
2022-10-18,10.77041066960344
2022-10-19,10.529047106790918
2022-10-20,10.791020283812566
2022-10-21,10.79487463430353
2022-10-24,11.151863255980244
2022-10-25,11.087641198443391
2022-10-26,11.14478309563422
2022-10-27,11.674833814662891
2022-10-28,11.486069242268249
2022-10-31,11.045837201733605
2022-11-01,11.308149529204671
2022-11-02,11.143736360464676
2022-11-03,11.130084720065677
2022-11-04,11.036032600289026
2022-11-07,11.112005962978
2022-11-08,10.918672120333667
2022-11-09,10.867390797239034
2022-11-10,11.024316044323449
2022-11-11,10.881722743277484
2022-11-14,10.718589394444106
2022-11-15,10.660930805843924
2022-11-16,10.37128184989827
2022-11-17,10.271123421948918
2022-11-18,10.280834870590352
2022-11-21,10.18782390817258
2022-11-22,10.150791233672816
2022-11-23,10.17290077861302
2022-11-24,10.06331594632501
2022-11-25,10.196828908098388
2022-11-28,10.507061431331902
2022-11-29,10.45000175943117
2022-11-30,10.605732793953177
2022-12-01,10.58898235014326
2022-12-02,10.68538896599986
2022-12-05,11.036148938417512
2022-12-06,11.160441924924772
2022-12-07,10.78487389449774
2022-12-08,10.872912377069106
2022-12-09,11.140885791316808
2022-12-12,11.1174435547149
2022-12-13,11.365080013383611
2022-12-14,11.241208820061788
2022-12-15,10.889996487905124
2022-12-16,10.902501808244088
2022-12-19,10.530924907021957
2022-12-20,10.467866190563266
2022-12-21,10.750461936158434
2022-12-22,10.35562165985684
2022-12-23,10.083187584957008
2022-12-26,9.86087996495938
2022-12-27,9.828544244846189
2022-12-28,9.749418729487411
2022-12-29,10.035057818154527
2022-12-30,10.271161326754934
2023-01-02,10.402389205662187
2023-01-03,10.447820090418055
2023-01-04,10.544241543181212
2023-01-05,10.39017881305506
2023-01-06,10.594987330455876
2023-01-09,10.41802916643262
2023-01-10,10.5876388300138
2023-01-11,10.867027840963798
2023-01-12,10.96227247758708
2023-01-13,10.9659472444207
2023-01-16,11.065570835617772
2023-01-17,10.47981945215068
2023-01-18,10.503195308031016
2023-01-19,10.496645303076765
2023-01-20,10.531434063856036
2023-01-23,10.70545721554405
2023-01-24,10.718143954402926
2023-01-25,10.506333679765635
2023-01-26,10.505941640147096
2023-01-27,10.53935039791431
2023-01-30,10.56514660099226
2023-01-31,10.63913127529801
2023-02-01,10.87732506548901
2023-02-02,10.724826843318017
2023-02-03,10.753683196625197
2023-02-06,11.027246676078205
2023-02-07,10.703200479540994
2023-02-08,10.71856137239443
2023-02-09,10.606687758246125
2023-02-10,10.536352918028678
2023-02-13,10.369759980664243
2023-02-14,10.349575126391535
2023-02-15,10.741022506181077
2023-02-16,10.51014587773789
2023-02-17,10.259940038849583
2023-02-20,9.99489883287883
2023-02-21,10.33305134973
2023-02-22,10.273593840933454
2023-02-23,10.287713334747844
2023-02-24,10.21487189287632
2023-02-27,10.03921264639601
2023-02-28,9.990855166044277
2023-03-01,10.502342923084974
2023-03-02,10.830779356492355
2023-03-03,10.701981757408577
2023-03-06,10.856741356364036
2023-03-07,10.68477431791013
2023-03-08,10.307045512854728
2023-03-09,10.483066075292486
2023-03-10,10.73619320503638
2023-03-13,11.032494123767211
2023-03-14,10.994548961379126
2023-03-15,10.93809673386142
2023-03-16,11.149743747676789
2023-03-17,11.25591514333749
2023-03-20,11.20720999963364
2023-03-21,10.862241316426308
2023-03-22,10.85280970343176
2023-03-23,11.11115779989154
2023-03-24,10.902215431115287
2023-03-27,11.056493219068546
2023-03-28,11.154715927937918
2023-03-29,11.35721438899814
2023-03-30,11.606744790778366
2023-03-31,11.504097992924594
2023-04-03,11.156093342314932
2023-04-04,11.02655017712543
2023-04-05,11.23908260486428
2023-04-06,11.182069355599827
2023-04-07,11.048969648647422
2023-04-10,10.656814441357938
2023-04-11,11.02960347236936
2023-04-12,11.256434440089055
2023-04-13,11.4972240315765
2023-04-14,11.758945162988793
2023-04-17,11.948490840921384
2023-04-18,11.931774753864971
2023-04-19,11.907974894887762
2023-04-20,11.802693009533218
2023-04-21,12.45334615836003
2023-04-24,12.673384157398132
2023-04-25,12.573144592397735
2023-04-26,12.721389472642382
2023-04-27,12.522200378934032
2023-04-28,12.90030995467942
2023-05-01,12.787556163472829
2023-05-02,12.88673120396699
2023-05-03,13.178310311567737
2023-05-04,13.334770337021263
2023-05-05,13.432751103555468
2023-05-08,13.44456645333694
2023-05-09,13.433207765473885
2023-05-10,13.330607960370566
2023-05-11,13.241548925195676
2023-05-12,13.611120942263891
2023-05-15,13.648957607063895
2023-05-16,13.46952599514414
2023-05-17,13.36426447448582
2023-05-18,13.644058573160429
2023-05-19,13.829308636265592
2023-05-22,13.99862626889331
2023-05-23,13.955437032887074
2023-05-24,14.10227429592681
2023-05-25,13.945545070247194
2023-05-26,13.921492543747958
2023-05-29,14.163154099167455
2023-05-30,14.41497231939811
2023-05-31,14.21148658879611
2023-06-01,14.01413120084844
2023-06-02,14.058064778608427
2023-06-05,14.494651175484464
2023-06-06,14.102963208543
2023-06-07,14.14570594813378
2023-06-08,13.80272418979314
2023-06-09,13.646108223016618
2023-06-12,13.575663344796316
2023-06-13,13.499023145911428
2023-06-14,13.38432819853462
2023-06-15,13.414358385712454
2023-06-16,13.35736508612015
2023-06-19,13.017582433373835
2023-06-20,13.187376194434744
2023-06-21,13.407604874740183
2023-06-22,13.673325332953771
2023-06-23,13.24349945751758
2023-06-26,13.283157920164376
2023-06-27,13.484521486948395
2023-06-28,13.238856267638935
2023-06-29,13.23876734747592
2023-06-30,13.229272283467228
2023-07-03,13.760002643634218
2023-07-04,14.344980302390592
2023-07-05,13.922730381387751
2023-07-06,14.587938426224536
2023-07-07,14.347344984027451
2023-07-10,14.606322199284923
2023-07-11,14.963617748714864
2023-07-12,14.705961889974756
2023-07-13,14.882629130127508
2023-07-14,14.896205360546466
2023-07-17,15.062609878499986
2023-07-18,15.183777490203656
2023-07-19,15.59757821805501
2023-07-20,15.649987636684008
2023-07-21,15.58659127916304
2023-07-24,15.969606135124328
2023-07-25,16.23127322779859
2023-07-26,16.50298132074731
2023-07-27,16.29186663752804
2023-07-28,15.92242470530468
2023-07-31,15.72079245321775
2023-08-01,15.51685837953286
2023-08-02,15.685195501834116
2023-08-03,15.988471082696886
2023-08-04,15.934773653628632
2023-08-07,16.429912048703006
2023-08-08,16.889290412549236
2023-08-09,16.999273456533487
2023-08-10,16.733749897359928
2023-08-11,17.22265660846057
2023-08-14,17.204208395509774
2023-08-15,17.18402853920862
2023-08-16,17.028083101996888
2023-08-17,16.65876664961573
2023-08-18,16.13831478032933
2023-08-21,16.29643460985099
2023-08-22,16.011527817753915
2023-08-23,17.018425571833973
2023-08-24,16.721769416792625
2023-08-25,16.278166940841025
2023-08-28,16.401112176009732
2023-08-29,16.934822406662665
2023-08-30,17.01436427285781
2023-08-31,17.210934455839627
2023-09-01,16.61410056619067
2023-09-04,16.318582369091597
2023-09-05,15.93703772921038
2023-09-06,15.270361051868376
2023-09-07,15.211542011285252
2023-09-08,14.537549714999926
2023-09-11,14.141723110427218
2023-09-12,13.94030359668406
2023-09-13,13.689767357816416
2023-09-14,13.80122250741214
2023-09-15,13.86618239791112
2023-09-18,14.100199424787576
2023-09-19,14.332686777814452
2023-09-20,14.637002868574212
2023-09-21,14.603806148427
2023-09-22,14.645202426995176
2023-09-25,14.802521221183992
2023-09-26,14.806117829295683
2023-09-27,14.663422994650215
2023-09-28,14.550651112448008
2023-09-29,14.251099756097542
2023-10-02,14.389558715347338
2023-10-03,14.339011503946807
2023-10-04,14.153166109939225
2023-10-05,13.981842010935663
2023-10-06,13.687272070886769
2023-10-09,13.94539673215644
2023-10-10,14.003834383792128
2023-10-11,13.797081393853611
2023-10-12,14.036990428035182
2023-10-13,13.89289324086272
2023-10-16,13.530661130106996
2023-10-17,13.768514430333148
2023-10-18,13.63099656749318
2023-10-19,13.504948317687685
2023-10-20,13.47886385978059
2023-10-23,13.81875371644396
2023-10-24,13.877544533903112
2023-10-25,13.54148377066397
2023-10-26,13.634286049101132
2023-10-27,13.545049585920074
2023-10-30,14.058356591234086
2023-10-31,14.104310170000728
2023-11-01,13.515201646703831
2023-11-02,13.636527235824772
2023-11-03,14.238970606297109
2023-11-06,14.768293713068084
2023-11-07,15.338559266445374
2023-11-08,15.087198243101431
2023-11-09,15.363195735562767
2023-11-10,15.185895631777502
2023-11-13,15.2703083046619
2023-11-14,14.976918589165464
2023-11-15,14.836831591088584
2023-11-16,14.663390753635014
2023-11-17,14.942954784972803
2023-11-20,15.23319096963798
2023-11-21,15.345518526711045
2023-11-22,15.044386804048823
2023-11-23,14.968955153504492
2023-11-24,14.80672233687391
2023-11-27,14.974784369960508
2023-11-28,15.368066623325872
2023-11-29,15.698358653055632
2023-11-30,15.528395431678756
2023-12-01,14.658034025979006
2023-12-04,14.089627644695833
2023-12-05,14.46756921810614
2023-12-06,14.371127645141826
2023-12-07,14.234389187978206
2023-12-08,14.711331688494235
2023-12-11,15.134967924292834
2023-12-12,15.19803808463793
2023-12-13,15.14023913736583
2023-12-14,15.13363501386159
2023-12-15,15.232114560299332
2023-12-18,15.74628333489938
2023-12-19,15.941085580181682
2023-12-20,16.15797386223862
2023-12-21,16.59210254960262
2023-12-22,16.2643442192228
2023-12-25,16.49812505638671
2023-12-26,16.452629043401743
2023-12-27,15.671660029646151
2023-12-28,15.014233368639267
2023-12-29,14.674059414212564
2024-01-01,14.829039193378597
2024-01-02,14.86298840544815
2024-01-03,14.927052744210608
2024-01-04,15.549345313579751
2024-01-05,15.210220267306624
2024-01-08,15.217055719482923
2024-01-09,15.359614943659713
2024-01-10,15.171744737535002
2024-01-11,15.20827173402694
2024-01-12,14.75486258725246
2024-01-15,15.159960435051932
2024-01-16,15.017335194624795
2024-01-17,15.617315817673482
2024-01-18,15.722664538924022
2024-01-19,16.134142132245497
2024-01-22,16.193643012817468
2024-01-23,16.239812675535834
2024-01-24,16.104961365179815
2024-01-25,16.146097633751875
2024-01-26,16.241392424397425
2024-01-29,16.01522832223829
2024-01-30,15.983236000563124
2024-01-31,15.760820987592924
2024-02-01,16.543267676803815
2024-02-02,16.650311818048376
2024-02-05,17.154050222896366
2024-02-06,17.11279030952863
2024-02-07,17.25960050097617
2024-02-08,16.852612005881326
2024-02-09,16.721020582906192
2024-02-12,16.761402482919788
2024-02-13,17.29458252541768
2024-02-14,17.43162887727652
2024-02-15,17.960496603050206
2024-02-16,18.202899526808835
2024-02-19,18.812116029432893
2024-02-20,18.81850812357411
2024-02-21,19.75866546695012
2024-02-22,19.71127392133261
2024-02-23,19.420076272508336
2024-02-26,18.989724404684125
2024-02-27,19.934729956648948
2024-02-28,20.35457979799088
2024-02-29,20.27585275770838
2024-03-01,20.79582363825658
2024-03-04,21.18042013793185
2024-03-05,21.99994654314836
2024-03-06,21.475464631135488
2024-03-07,21.379456400955974
2024-03-08,21.090525935614647
2024-03-11,20.266940785459205
2024-03-12,20.70682234915849
2024-03-13,20.599559887855268
2024-03-14,20.87581576428048
2024-03-15,21.921796533461716
2024-03-18,21.910957200888323
2024-03-19,21.706227094705117
2024-03-20,21.80803786926167
2024-03-21,22.298943277373404
2024-03-22,22.098478408699144
2024-03-25,21.894437689647518
2024-03-26,22.297458587610443
2024-03-27,22.487930151510653
2024-03-28,21.609288026801867
2024-03-29,21.02351862122164
2024-04-01,21.663640593034103
2024-04-02,21.79513030100124
2024-04-03,21.44977435022482
2024-04-04,21.28675916848208
2024-04-05,21.3260011219438
2024-04-08,21.6210619991966
2024-04-09,21.07340191707572
2024-04-10,20.673514558588884
2024-04-11,20.72543326442745
2024-04-12,20.652589769037636
2024-04-15,20.87465988631699
2024-04-16,20.285026379868064
2024-04-17,20.3343341755656
2024-04-18,20.782923241826367
2024-04-19,20.997042185020103
2024-04-22,21.08927330889766
2024-04-23,21.064358304875743
2024-04-24,20.747566268567628
2024-04-25,20.643537311747213
2024-04-26,21.175065206730903
2024-04-29,21.119684883926126
2024-04-30,20.62489866467412
2024-05-01,20.253762084865265
2024-05-02,20.286583521232853
2024-05-03,20.245475023766275
2024-05-06,20.44386708016615
2024-05-07,20.720025366971868
2024-05-08,21.159884580212807
2024-05-09,21.77344499977827
2024-05-10,22.255839677155475
2024-05-13,21.801638456578832
2024-05-14,21.36025813206656
2024-05-15,21.359695024423505
2024-05-16,21.18434796648453
2024-05-17,20.68340766479248
2024-05-20,20.493871071046097
2024-05-21,20.3028686290902
2024-05-22,20.068290035679357
2024-05-23,19.97991594210848
2024-05-24,20.45457286571241
2024-05-27,20.58086392883991
2024-05-28,21.72796813840732
2024-05-29,21.874570601252454
2024-05-30,21.67393563728643
2024-05-31,21.629442740534408
2024-06-03,21.71458593039614
2024-06-04,21.93422356804903
2024-06-05,22.978537699516657
2024-06-06,22.72693630354708
2024-06-07,23.067442932847023
2024-06-10,23.094534949618208
2024-06-11,22.433496490311928
2024-06-12,22.783924618231044
2024-06-13,23.4376238432584
2024-06-14,23.112146928287817
2024-06-17,23.08793477139175
2024-06-18,22.30542546058075
2024-06-19,21.70061628351895
2024-06-20,22.053391173839657
2024-06-21,21.79219128927708
2024-06-24,21.28289225721659
2024-06-25,21.35626422464751
2024-06-26,21.13528904088794
2024-06-27,20.885841852566777
2024-06-28,21.150209195746044
2024-07-01,20.67861152796671
2024-07-02,20.262871274048717
2024-07-03,20.31118859634689
2024-07-04,20.717482023703585
2024-07-05,21.276704388620107
2024-07-08,21.054474011928807
2024-07-09,21.441917615585798
2024-07-10,21.174575949272903
2024-07-11,21.898068077269212
2024-07-12,21.482614605671536
2024-07-15,22.056466845360152
2024-07-16,21.76665894829374
2024-07-17,22.570115720027832
2024-07-18,22.902544492113623
2024-07-19,22.384923663175197
2024-07-22,22.17224592712257
2024-07-23,22.450863365573145
2024-07-24,22.828743298697457
2024-07-25,22.764989507611663
2024-07-26,22.769889121890238
2024-07-29,23.119971763808422
2024-07-30,23.177058240456148
2024-07-31,22.63915531629469
2024-08-01,22.10732948521504
2024-08-02,22.10059580489945
2024-08-05,22.578969620635437
2024-08-06,23.35270907805096
2024-08-07,23.679848414434197
2024-08-08,23.838314344605948
2024-08-09,24.24497525969741
2024-08-12,23.94856430115124
2024-08-13,23.848032366628622
2024-08-14,23.423190684513813
2024-08-15,22.850671305131048
2024-08-16,22.92378954397369
2024-08-19,23.089275092846197
2024-08-20,23.423534162747107
2024-08-21,23.746165606942423
2024-08-22,23.850840555771285
2024-08-23,24.177071375391847
2024-08-26,24.168596749478663
2024-08-27,24.36930271932342
2024-08-28,23.96525615934833
2024-08-29,24.11562792538745
2024-08-30,24.467946647679884
2024-09-02,24.183209105087883
2024-09-03,24.121300718024106
2024-09-04,23.79679795959017
2024-09-05,23.550839827171128
2024-09-06,22.872869631382244
2024-09-09,23.41631926784823
2024-09-10,23.99856475151585
2024-09-11,24.40040231527489
2024-09-12,25.313375354468125
2024-09-13,25.295659699366624
2024-09-16,26.91030838276593
2024-09-17,26.90431629154844
2024-09-18,26.985642781012224
2024-09-19,26.892448133759395
2024-09-20,27.036445404434808
2024-09-23,27.4762924372633
2024-09-24,27.50974387401713
2024-09-25,28.425292300964223
2024-09-26,28.64295072303017
2024-09-27,28.80828137991349
2024-09-30,28.342526586832744
2024-10-01,28.49223150568572
2024-10-02,28.53840073840856
2024-10-03,28.225232597030995
2024-10-04,27.86051735937495
2024-10-07,29.3524574373702
2024-10-08,29.40591078817131
2024-10-09,28.659051382762183
2024-10-10,28.27246917637504
2024-10-11,28.267503891259658
2024-10-14,28.62747694347379
2024-10-15,28.992733100273725
2024-10-16,29.489776409401085
2024-10-17,29.1901713895526
2024-10-18,29.382184940492927
2024-10-21,28.96025497456436
2024-10-22,28.572190555031565
2024-10-23,28.006032523700224
2024-10-24,27.288414231865644
2024-10-25,27.850156039928425
2024-10-28,28.29608590182005
2024-10-29,29.005006076300116
2024-10-30,29.13500428908292
2024-10-31,29.565999272108648
2024-11-01,28.655586382427227
2024-11-04,29.089815749647823
2024-11-05,29.34228705921591
2024-11-06,29.879845221748067
2024-11-07,30.27865509157928
2024-11-08,29.807694533015788
2024-11-11,28.91772249936512
2024-11-12,28.480688352958367
2024-11-13,28.78504501817867
2024-11-14,29.24031948860332
2024-11-15,28.440866861336985
2024-11-18,27.897446964317645
2024-11-19,27.538102183194376
2024-11-20,27.420379720128828
2024-11-21,26.74096557994161
2024-11-22,26.05490834038181
2024-11-25,25.66792290430408
2024-11-26,25.806241840231145
2024-11-27,25.241761446949287
2024-11-28,25.217300597641504
2024-11-29,25.83174031716907
2024-12-02,25.28819112721895
2024-12-03,25.19070362736141
2024-12-04,25.770563835797763
2024-12-05,25.668816504470445
2024-12-06,25.42197764323692
2024-12-09,25.995407234688702
2024-12-10,25.903232778171056
2024-12-11,26.56175603817977
2024-12-12,26.85667054454574
2024-12-13,26.74414600516902
2024-12-16,27.060496794330408
2024-12-17,27.29336087802721
2024-12-18,27.794240151035154
2024-12-19,27.48216036602558
2024-12-20,27.51589998142969
2024-12-23,27.57972436060011
2024-12-24,28.013274704121752
2024-12-25,27.519476246175667
2024-12-26,28.092150032286906
2024-12-27,28.399412359343675
2024-12-30,27.692536710837928
2024-12-31,28.35625640684967
2025-01-01,29.715435410505243
2025-01-02,30.44761218968014
2025-01-03,31.437079330408896
2025-01-06,31.6478790843919
2025-01-07,30.59543972735789
2025-01-08,29.39339095940018
2025-01-09,29.46861308254558
2025-01-10,29.0555775310734
2025-01-13,28.48169334455897
2025-01-14,28.394443012557343
2025-01-15,28.84395914871501
2025-01-16,28.056306241549777
2025-01-17,27.870247731390734
2025-01-20,28.72718355656971
2025-01-21,28.232043109571755
2025-01-22,28.756684406572763
2025-01-23,28.54501548605079
2025-01-24,28.834070752536427
2025-01-27,29.43154588596067
2025-01-28,30.030518886820253
2025-01-29,30.638675548864963
2025-01-30,29.989973531588475
2025-01-31,30.62550383019445
2025-02-03,30.1449834165846
2025-02-04,30.3553930563796
2025-02-05,30.554041151103263
2025-02-06,30.92574810538814
2025-02-07,31.11725768555421
2025-02-10,30.70755284219196
2025-02-11,29.889655081200587
2025-02-12,30.36034161798943
2025-02-13,30.531498120599075
2025-02-14,31.30570011184324
2025-02-17,31.37841955328834
2025-02-18,30.67593905060837
2025-02-19,31.064099279031996
2025-02-20,30.867414680017223
2025-02-21,30.953552148312838
2025-02-24,30.669326172128525
2025-02-25,31.3762503212044
2025-02-26,31.07125705635677
2025-02-27,30.805064750884693
2025-02-28,30.801170098352355
2025-03-03,30.064640889426883
2025-03-04,30.16313091240895
2025-03-05,31.164877500293493
2025-03-06,30.857534278166995
2025-03-07,31.11352313611968
2025-03-10,29.37511589716719
2025-03-11,29.21988465425162
2025-03-12,29.023596141486447
2025-03-13,28.447086180638376
2025-03-14,29.08581522516151
2025-03-17,28.953341866218928
2025-03-18,28.763570987152
2025-03-19,28.541806263686752
2025-03-20,27.493783496654466
2025-03-21,26.76055973095885
2025-03-24,27.266114809284616
2025-03-25,26.16031489141393
2025-03-26,25.642566196612247
2025-03-27,25.410565861923303
2025-03-28,26.145062967455605
2025-03-31,26.6316589733742
2025-04-01,26.51234963711453
2025-04-02,27.257978901500323
2025-04-03,26.68899524374908
2025-04-04,26.992533660221422
2025-04-07,26.356185768113534
2025-04-08,26.67539683009119
2025-04-09,26.747311187005863
2025-04-10,26.081434606944235
2025-04-11,25.947711112744045
2025-04-14,25.99662881194138
2025-04-15,25.78968112354521
2025-04-16,26.00960824597125
2025-04-17,25.7639356628199
2025-04-18,26.032847388303303
2025-04-21,26.18209594680832
2025-04-22,26.217609159176963
2025-04-23,26.07876318683912
2025-04-24,26.187106013948178
2025-04-25,26.496174571942756
2025-04-28,27.541019876740982
2025-04-29,28.160129678690573
2025-04-30,28.74340942945325
2025-05-01,30.648545886234903
2025-05-02,31.321724035580004
2025-05-05,31.68568998629723
2025-05-06,32.240174027206635
2025-05-07,31.663095112054503
2025-05-08,31.292563410278483
2025-05-09,30.92883551867671
2025-05-12,31.420470818230484
2025-05-13,31.404273082184783
2025-05-14,31.48487120515569
2025-05-15,32.21953508604195
2025-05-16,32.8999638052271
2025-05-19,32.929701977621505
2025-05-20,32.520584901056694
2025-05-21,33.210282286054856
2025-05-22,33.718322391060155
2025-05-23,32.68812729293155
2025-05-26,32.42854454904564
2025-05-27,32.55907804501254
2025-05-28,33.0928946704218
2025-05-29,33.707765893634296
2025-05-30,33.971845732305475
2025-06-02,34.4284516585443
2025-06-03,34.48373936202039
2025-06-04,34.00493269237999
2025-06-05,33.844401003126634
2025-06-06,33.88046853080987
2025-06-09,33.80131407205235
2025-06-10,32.4984601692252
2025-06-11,32.121000193982795
2025-06-12,32.12891021439152
2025-06-13,31.928683475045556
2025-06-16,31.763916424874832
2025-06-17,31.95917461734864
2025-06-18,31.2862495440274
2025-06-19,30.219983245427347
2025-06-20,29.85272414537479
2025-06-23,30.284723090481517
2025-06-24,31.44442795063108
2025-06-25,32.04088784349465
2025-06-26,31.206799999166037
2025-06-27,31.04528325434772
2025-06-30,31.136641969157758
2025-07-01,31.18820307678423
2025-07-02,31.549492869436115
2025-07-03,30.95690131731848
2025-07-04,30.90646984856247
2025-07-07,31.097744104342706
2025-07-08,31.566581724640542
2025-07-09,31.103203149968135
2025-07-10,30.89047291447545
2025-07-11,29.223024177579536
2025-07-14,28.710415193457848
2025-07-15,28.358995210457987
2025-07-16,27.735584749999788
2025-07-17,27.801695128242088
2025-07-18,27.78464017986612
2025-07-21,26.550940166739128
2025-07-22,26.57112900095128
2025-07-23,26.107414212816916
2025-07-24,26.314685139164776
2025-07-25,25.627262005498512
2025-07-28,25.61036567237669
2025-07-29,25.398913081825896
2025-07-30,25.53299435483465
2025-07-31,25.54941740052196
2025-08-01,25.314003428756266
2025-08-04,24.595912747288267
2025-08-05,23.837634311126223
2025-08-06,23.5120707551902
2025-08-07,23.4735515497992
2025-08-08,23.19261376514344
2025-08-11,23.449798419997403
2025-08-12,23.40674676632632
2025-08-13,22.92911018248792
2025-08-14,22.74000684984201
2025-08-15,22.813929041741996
2025-08-18,22.948578011312048
2025-08-19,23.79556939390709
2025-08-20,23.549325076772156
2025-08-21,23.45725875026103
2025-08-22,23.684841760023943
2025-08-25,23.68123133364024
2025-08-26,23.41075078398125
2025-08-27,22.686570098044957
2025-08-28,22.40882081689781
2025-08-29,21.890399227130477
2025-09-01,21.11454993780297
2025-09-02,20.676236357449863
2025-09-03,20.20900195489426
2025-09-04,20.435687257361288
2025-09-05,20.70870780129988
2025-09-08,20.394580001846805
2025-09-09,20.268139811600296
2025-09-10,19.52878310440004
2025-09-11,19.30064321674199
2025-09-12,19.44782083913492
2025-09-15,19.807539080831848
2025-09-16,19.57117842280116
2025-09-17,19.92610422365765
2025-09-18,19.346987486036404
2025-09-19,18.80801709960789
2025-09-22,19.009236456054676
2025-09-23,19.659534950226995
2025-09-24,19.901648832581035
2025-09-25,19.864849469852267
2025-09-26,19.015264798643845
2025-09-29,18.17240333457325
2025-09-30,18.1872538998076
2025-10-01,18.08153504055636
2025-10-02,17.694204168701894
2025-10-03,17.706439418569936
2025-10-06,17.767436202428332
2025-10-07,18.08399278609831
2025-10-08,18.20914246283855
2025-10-09,18.66807875583354
2025-10-10,18.69762693643405
2025-10-13,18.71990956178802
2025-10-14,19.13628838143189
2025-10-15,18.83105601813696
2025-10-16,19.912358303666394
2025-10-17,20.2084176741825
2025-10-20,20.42683859175642
2025-10-21,20.703768999858028
2025-10-22,21.525452847864468
2025-10-23,21.99174581750106
2025-10-24,21.353199585206912
2025-10-27,21.959630366339624
2025-10-28,21.921618460355266
2025-10-29,22.06952546600247
2025-10-30,21.49039149406945
2025-10-31,21.72395544212145
2025-11-03,21.54587104162011
2025-11-04,21.548502583400385
2025-11-05,21.48236636234043
2025-11-06,22.259241376568465
2025-11-07,23.26380095487811
2025-11-10,23.49986737162289
2025-11-11,23.56896202181486
2025-11-12,23.413206335350186
2025-11-13,23.92372200450773
2025-11-14,23.81325411064672
2025-11-17,23.624263772883086
2025-11-18,24.095217416854137
2025-11-19,23.89213183722001
2025-11-20,23.816489240895496
2025-11-21,23.10030895821696
2025-11-24,23.4418797568919
2025-11-25,24.48450408069686
2025-11-26,25.005385356478875
2025-11-27,25.844650188370256
2025-11-28,25.56157864450972
2025-12-01,25.641880326272457
2025-12-02,25.182346530307143
2025-12-03,25.05318633943512
2025-12-04,25.46490955932844
2025-12-05,25.569428794270603
2025-12-08,24.858170267730944
2025-12-09,24.227827434436996
2025-12-10,23.57063038184007
2025-12-11,23.810464587876695
2025-12-12,24.8249298600162
2025-12-15,25.593337861542228
2025-12-16,24.718800204288662
2025-12-17,25.381708476822663
2025-12-18,25.98838127494888
2025-12-19,25.36070922671748
2025-12-22,25.20807311182179
2025-12-23,25.816295002702297
2025-12-24,26.22501887135028
2025-12-25,25.62773043260552
2025-12-26,25.947217381964368
2025-12-29,24.92009658023741
2025-12-30,24.76003036186889
2025-12-31,25.30792096315336
2026-01-01,25.36793203682707
2026-01-02,25.135089820035645
2026-01-05,25.646292326725984
2026-01-06,26.258508648744677
2026-01-07,27.03039745255283
2026-01-08,27.59105141730752
2026-01-09,28.247429347984045
2026-01-12,28.765340172532404
2026-01-13,28.978354438771
2026-01-14,29.065900717946796
2026-01-15,28.99816376808308
2026-01-16,28.308417897190285
2026-01-19,27.710067497452545
2026-01-20,27.461022037598926
2026-01-21,27.59746085870722
2026-01-22,28.45579166139595
2026-01-23,28.536812234340186
2026-01-26,29.134826829809928
2026-01-27,29.92070842238256
2026-01-28,29.85764266382757
2026-01-29,30.183115673228208
2026-01-30,30.01886611160879
2026-02-02,30.78291037996682
2026-02-03,31.15989029625885
2026-02-04,30.3857606902758
2026-02-05,30.351752276872908
2026-02-06,31.420671138737728
2026-02-09,31.40153053458026
2026-02-10,31.656765345544084
2026-02-11,32.084263956344934
2026-02-12,31.405597341322636
2026-02-13,31.67894321275421
2026-02-16,30.83548154492869
2026-02-17,30.344536543035243
2026-02-18,30.97560484456467
2026-02-19,31.228204911359494
2026-02-20,31.13057955923253
2026-02-23,31.38224037097272
2026-02-24,31.4128421306485
2026-02-25,31.40257899670107
