,Orion,Cleanergy,NovaTerra,ASML,NOVO-B,PVH,XLU,GLD,SMH,GRID,MOO
2019-06-21,-0.023634977797300283,-0.03331369572041054,0.005725790987646251,0.0017938183087622406,-0.022460166955924787,0.03129495433483864,0.003868032506500585,0.006635612181659978,-0.004737134497205142,-0.00020878830107529112,0.00030419493063482683
2019-06-24,0.006217485123757971,0.03895035273237579,-0.025923156059222907,-0.0057079323604063426,0.0030033274298115753,-0.006755289493387218,0.000327479268455777,0.014850786310930397,0.0018665801006330085,-0.001881370807200855,0.00334566335720754
2019-06-25,-0.014847537695866664,0.04051193941136799,0.0016954814379137595,-0.0019137494043808267,0.010181098334075545,-0.014466171833683927,-0.006064405439035303,0.0019411266395166216,-0.017326568488069016,-0.00942424204211667,-0.0024251083158214337
2019-06-26,0.031190537461814216,-0.021276117237920555,-0.019720101848868965,0.009360659245615022,-0.009337475517767757,0.024865885824320477,-0.021767799941405763,-0.009165393111099984,0.02957636127904517,0.006977058763622868,0.0013672469194048187
2019-06-27,0.0136751690651018,-0.05908619265150894,0.026858565713858473,0.003910670524420734,0.0005984401706837783,-0.002992833536946793,0.0013486987674955486,-0.000977700846950591,0.013442509432207261,0.009237629604377684,0.007586263120841652
2019-06-28,0.006470804366447869,-0.05038875277559418,0.018827438639956284,0.02248211880675477,0.000298935046548765,0.014579913799853017,0.0038719694951774297,0.0027100317696175935,0.0009995084600078474,0.0049928430207479835,0.005872653419782381
2019-07-01,0.04432415112519439,0.004370273680745385,0.004639170014127947,0.030586535402453263,0.01748904912872895,0.0065509325204486935,-0.0025155057612445963,-0.019369383559800002,0.028226429110317586,0.0033119408010400253,0.002844225819391477
2019-07-02,-0.02343742986622288,-0.015332677448741672,-0.047392524509703216,0.0017952777917122908,0.011017944599683416,-0.016166266423652265,0.013618129655329492,0.021359735486276676,-0.011739744128797858,0.0,-0.0013434992607493923
2019-07-03,-0.008389322506641705,-0.0019800898827317948,-0.021003092542708046,0.0,0.0026155017575850703,-0.0006402854680790382,0.006966357283229252,0.001649060899963084,-0.003662074692799888,0.0035074636704037765,0.008221267306456115
2019-07-08,-0.0084775540152352,-0.01561086675827017,0.020022443806967605,0.000538227861160534,-0.014441302061165784,-0.009911602098857109,0.0014830469860338535,-0.006432617734537516,-0.006502318394263851,-0.008525774037985268,-0.00698369734261195
2019-07-09,0.018608587591003367,0.002047587859083988,-0.03198846374085207,-0.010224673140859841,0.00313998487503242,-0.019912809237689233,0.0013165957902234737,0.0035037454291328984,0.006999352072837306,-0.006291908687385495,-0.0026933655385064093
2019-07-10,0.016190366253025168,0.019095004860594456,0.0070120759856748816,0.0030445806596688385,-0.0011923145781633782,-0.028866751930005652,0.002300955123370363,0.015787490178783115,0.009929501259279272,0.0012666261431601988,-0.0013505513405432934
2019-07-11,-0.005281153280789597,-0.02003341669380798,0.020747784700000604,0.003144130955549551,-0.024026370437565503,0.008803053930740212,0.000327479268455777,-0.008443584154164463,0.0027710044109792165,-0.0031621710299095662,-0.00014999171499585628
2019-07-12,0.02065674615675861,0.03062355142894524,-0.031949756043225586,-0.002485853815019201,-0.025229356305305095,0.010766122198947903,-0.0065560034937171,0.006254723814186791,0.018361591229497876,0.008035442599842346,0.0015025948879689999
2019-07-15,0.009048510809703592,-0.01020878619838761,-0.0019685924506515073,-0.0040084239355597795,-0.004392128268040696,0.014463466107784928,0.003959669697268131,0.0,0.008052637624835324,0.0020977429821891214,0.0064516560338216955
2019-07-16,-0.011297391366480558,-0.056387037113912686,0.002978977149175277,0.003263361225853023,0.005356714700337717,0.02232551566529617,-0.005751885095632958,-0.008462554430785363,-0.01033264169926773,0.0008376665075480183,-0.006708614552419778
2019-07-17,0.006242256520828882,0.012094269891360199,-0.008701224989671963,0.05171849954475993,0.007365513993264683,-0.03167589334845178,0.003801725910287157,0.01646531748539748,0.0035972445545289222,-0.0035559677886978225,-0.0037520108097743865
2019-07-18,0.023911113622568703,0.004606087349882548,-0.03785256800740322,0.028350465848049122,0.0024892048550586576,-0.018979491871768506,0.008727289634890667,0.014117951186161548,0.018008381916132965,-0.0029386721360005197,0.007080555869393379
2019-07-19,-0.006621783200336351,-0.052640750926244206,-0.007749787874063219,0.0,-0.009931545911229023,0.00432461751262081,-0.01452849626295516,-0.014727392803034478,8.585480640954657e-05,0.002947333382487205,-0.0002992099576862861
2019-07-22,0.038695968453420715,-0.040785445199007175,-0.007028971504039805,0.013533993576845038,0.014576540068360178,-0.017790437113534008,-0.0021532831721723378,-0.00014876383044060137,0.02000693818425625,0.0025188249816880948,0.0022445482963724395
2019-07-23,0.016796794196516585,0.009057307120931002,-0.0022737267231456304,0.01829872101525365,-0.008805588841694578,0.015920586045544916,-0.006308323654471537,-0.005652618252780628,0.011111960564897272,0.011097438205623922,0.008062132793578813
2019-07-24,0.03968646897701933,0.03213457959983845,-0.011012870766028637,0.017241443216057917,0.031951107828672276,0.01305936098652749,0.0008354113134945162,0.005086339018351538,0.02664231869651501,0.0037272530558072337,-0.0002963715652652965
2019-07-25,-0.02228284636246558,-0.0023108188509092242,-0.011373642778264026,-0.008355411364618481,-0.006192432823515781,0.001905668542654615,-0.0025037491823518554,-0.007070008058076338,-0.01808455003248355,-0.00206328849057702,-0.009777671115126618
2019-07-26,0.006628400333002604,-0.044658901220311464,-0.0018660364797917772,0.0033701373682000213,-0.0037992066045555717,-0.0007832858972817158,0.003681377476367542,0.001648937368628589,-0.0020646930061826163,0.0006203086774536626,0.0025433351734793774
2019-07-29,0.00852769635679329,0.00725050703598229,0.007141972998079282,-0.011276208914907437,0.00320358657963582,-0.002575177711613308,0.005168543575146289,0.006659678193005059,0.003393179400118518,-0.0037189523798401014,-0.0025368830296390588
2019-07-30,-0.0037815076154187333,0.05250651996351907,-0.00826318490746658,-0.005096001782883497,-0.0159672134790948,0.0,-0.007629935111283737,0.003344956160896251,-0.004453986444146962,-0.0031108512482013184,0.004189104171006264
2019-07-31,-0.04246281349620751,-0.023730675199820306,-0.012679602416402092,-0.010731420234156519,0.0013908666351201138,-0.0017961622885048767,-0.0046798934328421415,-0.013112972808538625,-0.02990878653086526,0.02038712278867738,-0.006406282031656607
2019-08-01,-0.035945545380032584,-0.010664799226772548,-0.0027221279434181955,0.023421848611387297,0.018981634660000024,-0.06882615953472992,0.010243634743402064,0.02402219643390402,-0.020155445585465337,-0.020591417752620522,-0.0053983029539048655
2019-08-02,-0.02538350325087302,0.04754280390148158,-0.04147875625740127,-0.04813302089230331,-0.008481045803320542,-0.02777749318069156,-0.00016638983268157936,-0.0038120684590625675,-0.013597220145052047,-0.00978344781930951,-0.009648716921908163
2019-08-05,-0.06513388432357547,0.027406647590838995,0.0008748894156995757,-0.03401514248030624,-0.01817641765502942,-0.04844707346432975,-0.014297432475718463,0.013981852270352535,-0.04312089295873289,-0.03552657966494199,-0.03090274571457452
2019-08-06,0.018925964134790974,0.016696764448436152,0.0010100032307971407,-0.004296575970060723,0.01011189115443245,0.0164485358411961,0.012480821922266294,0.008128386897085838,0.015883256450896166,0.01765461976612115,0.01303805422870341
2019-08-07,0.012249776529535295,-0.031850727505006615,-0.00012088018682654411,0.003052122009681746,0.004158571843783987,0.0,0.0024989794684016076,0.015189695160357397,0.0054540140106851265,0.01970452943967338,0.00790824641878296
2019-08-08,0.04290820410142082,0.03256280898256203,0.021313816065153146,0.027072515432055466,0.026993909357335033,0.00924793999922735,0.010302105582466803,0.005034686098196239,0.02558540798346387,0.016593166469042853,0.02323086435422006
2019-08-09,-0.0312070682968707,0.058133676089507924,-0.03965965572397856,-0.021454736565148513,-0.0023893648629333963,-0.04988558514102526,0.0011516948274203909,-0.0033161732510501585,-0.017277866402627073,-0.0033056978348441346,0.0
2019-08-12,-0.027168549279810494,0.018053880850303683,-0.049032699465853424,0.0022970722437229973,0.007335227935317823,-0.034288922356713325,-0.00197153261533467,0.009698502260031328,-0.011840741681941158,-0.01077957513784189,-0.026311919651216487
2019-08-13,0.043187962980197225,0.04725665007586222,0.0037524829096793333,0.018229001487615637,0.028087464430449183,0.03564502308323969,0.000658165873913541,-0.005959518154781018,0.02868570861600661,0.012573442362680876,0.010500366225307145
2019-08-14,-0.042633623703816514,-0.043103163911087705,-0.004607848797066771,-0.04194368112187585,-0.020670834792587578,-0.07111291234793282,-0.008224758877692029,0.0068415942238304606,-0.03220971902159997,-0.03290562773557293,-0.030868105900997422
2019-08-15,0.005994397299137866,-0.026004330361613093,0.0019793789183524257,0.0040575335245223165,0.01225089597027007,-0.002450603221987313,0.01293730879497823,0.0066549698650941735,-0.0010941698357360696,-0.010485733016498688,0.004257310683511095
2019-08-16,0.04080818627277849,-0.05724517446692812,-0.008308980442336966,0.017866636020468007,0.022359690197387483,0.022112954742843582,0.005076139393742407,-0.006402214255277094,0.024463666761523672,0.02465399061835538,0.01774218975982733
2019-08-19,0.022405130903830672,0.0109287793971653,0.010038276373164123,0.01912030367047124,-0.010072095757461819,0.017533811687477474,0.006353936928333637,-0.011696303286335752,0.016483946144565387,0.013507710633115178,0.010490579685535018
2019-08-20,-0.0020459482658715666,0.04569083713434541,0.01521672731779855,-0.0042033569422395,0.0017442479121718701,-0.001667802684431452,-0.0016188537954380244,0.007795380191040424,-0.0056977660513236605,-0.005830749850382011,-0.006564862688828166
2019-08-21,0.011915780708992685,-0.031210690693839305,0.011556771980717695,0.008956933063734906,0.01567018299958245,0.002088182446084774,0.006648078065409901,-0.003164420123660472,0.0102265809482458,0.01424361404625385,0.009220898298249791
2019-08-22,0.002797676024259621,-0.0039863285977619345,-0.008435856473432701,-0.011836751465914008,0.013857233821656934,0.010417762484828064,0.0009668563258624641,-0.0025395077899371676,-0.0013089361420391965,-0.012184832149041092,-0.0003045191774528888
2019-08-23,-0.06093924560928221,0.04955037846723842,-0.04937623485170883,-0.01817417519433051,-0.0009863672433324533,-0.051278220886246895,-0.010621208381516478,0.019589847185487175,-0.041419206219664884,-0.020280283765881535,-0.025285680369544705
2019-08-26,0.01554602653694337,0.024779693998414842,0.01287181989189623,0.011885008349435067,-0.009873014481201592,0.021301200381479424,0.011548321201385381,0.00013875475282665306,0.010300891016376656,0.007895804195804157,0.01203320494725002
2019-08-27,-0.0027032259201934528,0.053787903065051434,0.02217904904701462,0.005404654132430409,0.007407369561833077,-0.009506581294181804,0.0017688793916357248,0.00957073902105865,-0.0023459973342125906,0.008257440725016663,-0.004632586640623937
2019-08-28,0.00937555566587589,0.006039253342734696,0.014816588242371864,0.003307900662763652,-0.0026866475199400774,0.025211410628219966,-0.002728895608959614,-0.002816539407023644,0.006421307833401002,-0.003990008549280999,0.007601623490125942
2019-08-29,0.03564921020188572,0.005771681590484912,-0.016432988884344857,0.027408698323369007,0.006238502105392341,0.06246167270833913,0.006921009669037526,-0.007164566813753437,0.021657138602263704,0.0063252467602767926,0.012317223471062011
2019-08-30,-0.0032776967043494087,0.009081702980404227,0.01022626639087476,0.014191148504707929,-0.007186191730607749,-0.00263145937779663,0.0003194866307971722,-0.0025672712303844714,0.0064208944335424345,0.00209527758845085,0.0018250261542351875
2019-09-04,0.03961215912497251,-0.0015601389917329067,-0.013991380747024329,0.017143045714169913,0.0030469731137687806,0.0912518516497487,0.0009418241447474163,0.006243592878966586,0.029482339785857237,0.017747866438546644,0.005206037384902329
2019-09-05,0.04480618320161334,-0.0049610001579345475,-0.006222059324324736,0.05080595065195759,-0.01960515112803629,0.042920573728195244,-0.010823222519791398,-0.024001119491110168,0.030363099084789402,0.008926502487752064,0.010357881059420482
2019-09-06,0.012491310409470602,-0.0027376677994292997,0.009735603481203503,0.010227677453242157,0.00647799245419356,0.009815259493463735,-0.003964641523239054,-0.008523132778435305,0.000837187346555357,0.00020581911837092015,0.004070402804268181
2019-09-09,0.01813927825351369,0.011472591439695812,0.0015362581204565462,0.008513730327401436,-0.042535360280178236,0.04450184674386426,-0.004935591993059929,-0.0037344897557421985,0.003847786650424956,0.0049372941231689005,-0.004804536024647144
2019-09-10,0.0018294531504332578,-0.02543509508530095,-0.023058658083373595,-0.00958246609056379,-0.02864239613557551,0.015136531432282663,0.001279926508514384,-0.008557937047107611,0.0019997934711986076,0.011463780984135141,0.005883905355651864
2019-09-11,0.029333602276896853,0.01317154066950632,0.003952033241781727,0.018198638451786042,0.030840804388713616,-0.0015466157320114249,0.00990769055836882,0.006063676329913781,0.012723423321546523,0.020036416886134,0.0080996874428243
2019-09-12,0.000945502349806393,0.03259702273316023,0.015505587099196028,0.012669495417056975,-0.0010214306454031652,-0.00011058886224357689,0.0022150248023056207,0.002056360685188219,0.0015603080544246417,-0.010515817898663404,-0.003124417248594802
2019-09-13,-0.010104264874316926,-0.013695460501639167,0.0006969696743992504,0.012511060072837754,-0.01636237452154965,0.002433991527802659,-0.006315207117707056,-0.008279177519783909,-0.0004918814845661368,0.0030079252806423096,0.005074522752354982
2019-09-16,-0.010427147353543553,-0.01970204700411582,0.0017943401553597305,-0.012135831713677048,-0.007871434113231435,0.00011016241001660099,0.0007944551888017237,0.008348294532203537,-0.006726369746630545,-0.0006000921429692996,-0.0016334837037169647
2019-09-17,0.009902358555926138,-0.03088809189733477,-0.006602631155675498,-0.002456809793058956,0.03083793706983906,-0.023946074507857906,0.008731546848348426,0.0019813102518067005,0.004046678940351711,0.005801396740283904,-0.0002975187630726017
2019-09-18,0.006938435346269589,0.031102457098836966,0.028118192047045687,0.012315248189431305,0.004211695746012767,0.006444104385654459,0.004249325145958549,-0.006285306153149484,0.0010691508018234597,-0.002585594982163264,-0.0022318578841747927
2019-09-19,-0.00464446129013929,-0.02166066222980023,-0.016384427359096954,0.008626378674390978,0.01070134576358961,-0.025612067863026722,0.004701445038318264,0.004050828215713009,-0.0040259988267353775,0.010568158159395269,-0.0035787498308481602
2019-09-20,-0.03033185541864092,-0.058395029193532344,-0.014554037110605322,-0.008552600702083857,0.025897851138346972,-0.007263119739816526,0.003961077495295395,0.011820485442912032,-0.01872632532123042,-0.010852222345523521,-0.0026938345045987022
2019-09-23,0.010128393398337154,-0.03270491071217552,0.0009951133646770582,-0.003318163961246845,0.004741854128228029,0.010335712381004836,0.0001566188347967845,0.005596383832365381,0.008575030537516293,0.001595808441213764,-0.0037514472246353847
2019-09-24,-0.016499057893329505,-0.03805277483366898,0.016013847621566768,-0.0006655827073901444,0.0005552668150763385,-0.014368004743146146,0.011740771645873505,0.005286918308423871,-0.014836849122659923,-0.010754830316366482,-0.011296920074724048
2019-09-25,0.028131327426174524,-0.017113685467417317,-0.02568921508058364,-0.005773980271639112,-0.003191012323438658,0.01760949427547387,-0.0006189639096205735,-0.018545379403875573,0.01709102048573774,0.004127408768424212,0.0016757889428038464
2019-09-26,-0.0021747426770224454,-0.026113822535902442,-0.030832182157948695,0.011391534049182805,-0.003340215525434509,-0.00550087034838842,0.005263945616596155,-0.0002820880237280887,0.0034939164336218465,-0.002619566807289586,-0.002129443200623471
2019-09-27,-0.047015321010219435,0.043565272913853814,-0.04313028686212328,-0.004196214463302095,-0.009356076750685949,0.010832368134952475,-0.0035422031325362813,-0.005148429100112373,-0.023708888799613193,-0.010706872099789821,-0.0038102739487925197
2019-09-30,0.014502612295758999,0.021552186761529812,-0.0007810472166182025,0.007984199129116964,-0.007189428381855212,0.0058136612692167855,0.0006183664284844514,-0.015525325955691782,0.011547907222033027,0.012660834481910799,0.007650032816999941
2019-10-01,-0.02241050220970897,-0.03850436632597187,-0.021286920253168473,-0.010121004036183101,-0.016754122328488386,-0.02912821783380526,-0.0023171345034470603,0.005472814807717441,-0.006799210283716994,-0.017140537845445558,-0.014272785323914516
2019-10-02,-0.019745577778799484,0.007233190271816792,-0.00940772706337134,-0.02667266659101797,-0.022238143597034576,-0.0322207533955855,-0.013314664705809998,0.011673634369571584,-0.016311761916988243,-0.02790333600664341,-0.01617382186642824
2019-10-03,0.03151390020466738,0.05303771832002546,0.015465789746615277,0.007535969673089449,0.008713628688595598,0.011701142081006477,0.002353637065046321,0.004530648552570016,0.015379384529081941,0.00759829835556447,0.004070799699815053
2019-10-04,0.027015175481141185,0.007761404009981598,-0.008845632799645786,0.012692691893991137,0.018740689272847888,0.007272801798298589,0.013932360908504249,0.0,0.017600259506393767,0.012777427768053462,0.014969510578102474
2019-10-07,-0.008275686285243444,-0.03184181094579619,0.004110854864075586,0.01186229066893274,0.01422822734437812,-0.009114253300567143,-0.003859621951724179,-0.008527071931805796,-0.004989224219306365,0.0,-0.007835145958923984
2019-10-08,-0.04278818919081284,0.041642638624031836,-0.007047236896764786,-0.022119201482797557,-0.006376674851268582,-0.03464339906298164,-0.009299779439397415,0.00874259511120079,-0.026241064539493375,-0.011789131823759957,-0.009445656529554647
2019-10-09,0.025206966413649612,-0.023558884571729055,0.01593678592693437,0.016286100839721263,-0.0019963475014666,0.024130769683475384,0.004850144525320399,0.0009160434363713055,0.01759352431173089,0.008580994804381126,0.009066775610682587
2019-10-10,0.012710355196515977,0.028910349412674785,0.010662409631015946,0.026262964008617606,-0.0017148363087042817,0.01256623741669527,-0.0010898959880049075,-0.008729359144837523,0.009530368156688285,0.006640405481895373,0.007745959748456155
2019-10-11,0.026913334504249375,-0.028454821205933567,-0.009369332880662662,0.02494030482203491,-0.0061552849178657665,0.04677834572678763,-0.0037409153876926116,-0.005539370732339566,0.022806948046759867,0.024531058844090792,0.018139907538875066
2019-10-14,0.0029275814022986513,-0.0219780077478946,-0.006771381135889709,-0.0008463153569199244,0.02102851377981163,-0.00889210220065384,-0.006414304262348014,0.003999125640758994,0.001470231440174219,-0.0030179859628673977,-0.007096591079779668
2019-10-15,0.0306855512991957,-0.0012231494336942816,0.024773509282401296,0.03007205069483665,0.0019747622096026873,0.007131420202070249,-0.0031488091373261806,-0.006970593591764218,0.01990049457746368,0.010292575979530927,0.010492640560326727
2019-10-16,-0.021890275547538196,0.028723932828131904,0.011097731848373149,-0.04523051748791118,-0.002111660797256887,0.0010275820342426911,0.002211320607187428,0.0057302703836425994,-0.014554177804445012,-0.002197197699671971,-0.0016553619313360857
2019-10-17,0.009441045096606038,0.04997453631873516,-0.024987476479596205,-0.013780983839504879,0.003386025231826295,-0.003080373042778528,0.0025216789239796977,0.0014243781997433924,0.0006491796427594565,0.008808552043613416,0.0003014437179043039
2019-10-18,-0.017559901588006244,0.041042342558393674,0.011412349339559258,-0.004366753086079256,-0.01406094351119258,0.00011458742967951352,0.0033014841077396717,-0.0010667370445437419,-0.009812716448354242,0.007938272744384633,-0.00226031277676364
2019-10-21,0.036029618451616674,-0.04449673118779551,-0.019418200746402436,0.021710530110973014,0.006560315821071416,0.02242807375550826,0.00391714711740887,-0.004770136663166058,0.018755190851542425,0.007678732650383324,-0.002114515524415217
2019-10-22,-0.0028741938142948786,-0.008265419282177944,0.02615623906306408,-0.0049367818127017404,0.022669318421860263,0.034023493297303586,0.004214195664165921,0.002932997222985456,-0.007556888584447585,0.00019520031805475568,-0.00847585115572591
2019-10-23,-0.024053117364877807,0.001967189782556611,0.025007281260869707,-0.007549579821572339,-0.0033248464091464314,-0.006927075655296155,0.004040890865751656,0.0023537934253772264,-0.017415887897924587,-0.0017579728863855726,0.0010685886716805815
2019-10-24,0.043385778339234404,0.01561597849627372,0.009231244759703827,0.031514884922920317,0.013622455119293608,-0.009918367802995931,0.003405665593278373,0.007115918371069618,0.02646323268968631,0.00626193246152007,0.0021346942062154817
2019-10-25,0.029377289490349234,-0.01102275950431808,0.006249293301651804,0.002317833054298779,-0.0015087486008584783,0.021246379359617595,-0.01018203102001436,0.0023316740895991117,0.020239322793370818,0.01011271394710933,0.005173425098881745
2019-10-28,0.03396494845390108,0.04370574389809723,-0.002148296495354529,0.0121924877699644,0.00879002404470719,-0.033416195834341855,-0.013715719254399406,-0.008600036764796815,0.015193259885377897,0.006738559386909371,0.007871825623909645
2019-10-29,-0.018716623840114632,0.03425392534349858,0.013444755683868603,-0.004984369592681337,0.00013634336851797713,-0.013939842438382422,0.0009480316166994296,-0.0027730332148816483,-0.006823810321804569,-0.002103494747811019,0.0012016270567054566
2019-10-30,-0.011081005141418077,0.004642449611934385,-0.0021381469203903825,-0.008557853478236566,0.011979157242881122,-0.00045234830139251336,0.008841389167772107,0.005490226541611021,0.0010930764649657032,-0.004216169989124885,0.00029993040449838304
2019-10-31,-0.0010590294541940048,-0.0340269882267058,0.006951276339996593,-0.010526515860331154,-0.015738489512545528,-0.013804218711571337,0.005477184257801859,0.009998499224238566,-0.005693398639884939,-0.013664198978136644,0.0020996110807065538
2019-11-01,0.03915371204082296,-0.01337445961570738,0.02363089859126455,0.02021305057781575,0.035670372308652,0.033616412770676396,-0.0024902806659191645,0.000912763389017579,0.02062911666695455,0.014439012828960651,0.006135831663138802
2019-11-04,0.040129129991351986,-0.05040686658072513,-0.007783298006039163,0.0257644380304618,0.004222621356862577,0.03651885662676824,-0.01279450489251166,-0.002876007780098777,0.02128803533775314,0.01038647111960489,0.007883328548578872
2019-11-05,0.00047536070788312124,-0.001664380987312808,-0.010362958429437352,0.006738954961498234,0.0013141996121444066,0.01681316043535741,-0.010273368714099562,-0.016180006273117664,0.0005268770493820352,0.005330344812281451,-0.002065951053653259
2019-11-06,-0.014634977112061631,-0.021192333051647028,-0.024085184570413753,-0.013995792998417689,0.0003936224487912643,-0.018430605930645494,0.003832765735776844,0.004290245395359271,-0.006092222990750851,-0.0007573191242605803,-0.0036970781156827615
2019-11-07,0.010447585599812736,0.016741208094454008,-0.018982842354620555,0.0016455990303072543,-0.0056407474094104515,0.04785398068889868,-0.013522261996955831,-0.015521486102876958,0.00590247940016142,-0.0047376814758863794,0.003710797222887141
2019-11-08,0.015983845794660168,0.005575570532488472,-0.03675054447354675,-0.005750731848843782,0.02638532439667629,0.0030719001913810384,-0.004193027160612872,-0.006364394703267995,0.0021064506991927967,0.002665718593464872,-0.005915403274316278
2019-11-11,-0.006824514906576984,-0.04835171928458559,0.012274207112878521,-0.0008262657809350316,0.0,-0.012658108326830675,-0.00615380124225573,-0.002401934875323586,-0.004054000407602176,-0.003418107719776131,-0.0013391647103683235
2019-11-12,0.0070080837659058925,-0.019670824612986082,0.04165294240750139,0.007235988106532698,-0.00012853924727163069,0.0016542798893661725,0.0024442991844726425,0.0026995120660886496,0.0021107609128319105,-0.001715148631069363,0.0013409604773175765
2019-11-13,0.0031040553639278823,0.010400605192951273,0.03367342550273755,0.003284033018720711,0.007327226964310984,-0.0015482763054213144,0.014791953215102849,0.004002059820052306,0.0017297727961718135,-0.016987694724094116,-0.005504390268233239
2019-11-14,-0.0007485454873991104,0.051229931905097725,-0.02708469189578744,-0.002045835229033899,-0.007273929233891918,0.011474851777254491,0.003523818144143931,0.004203521155341949,-0.0018020366598777704,-0.002135998556372698,-0.0005984199153725722
2019-11-15,0.01233669493124201,0.0401073287904774,0.016242254747874885,0.020910126022976483,0.0038564923422075292,0.02125938620812562,0.0031924797378390934,-0.0025259154943226836,0.01015495193027327,0.006421474490658774,0.0022451542577008876
2019-11-18,-0.00031078302804810054,0.03043276484177393,0.03068959064615484,-0.0028111792974414573,-0.018440463598494383,-0.001100884649644307,0.0020683446889440127,0.0029664162029099383,0.0005957138407115536,-0.0003865609809207138,-0.005376470895177676
2019-11-19,-0.003842498733625521,0.04474930899777263,-0.005504463832846196,-0.013491827703230874,0.003261694712347829,-0.016130895656323974,-0.002540423393517788,0.0005050304911609071,-0.003423285362280648,-0.0005804204823939285,0.001201398967063172
2019-11-20,-0.025383787411918268,-0.006660633994185372,0.0017300248980716137,-0.0012245602944805922,-0.04096227893498117,-0.00397125225921191,0.0060490581065668625,0.0005046655432805469,-0.009782689848400694,-0.005032127836715139,-0.008698284796050282
2019-11-21,-0.01736170258939973,0.03803853977834781,-0.03697521696957884,-0.007561947205866004,-0.01613559345307536,-0.00664543225925629,-0.0034811071058551413,-0.005477043362080103,-0.010935213130619847,-0.002723036900103337,0.0006051431360070136
2019-11-22,-0.0022178999262572052,-0.03183421507037554,0.004194894055283616,0.0012355369072372113,0.014332892729809199,0.027377401014395675,0.00031744169724601257,-0.0018840181654777854,-0.0017536363119944332,0.005266245474090381,-0.0021166867069553064
2019-11-25,0.03226221037613053,-0.01918347807500065,-0.016297695110070953,0.010695127420608408,0.0335597333269122,0.007613760273267545,-0.0033331549325132936,-0.004791662812458131,0.023067460951307295,0.019208278725266537,0.011060544839048614
2019-11-26,-0.012409661871873201,-0.023353306754711145,0.004466036539582774,0.0032561624092508623,0.003812228956724617,-0.004893539554521209,0.0033443020092513986,0.004814733391401704,-0.003210343855950426,0.002474872229241143,-0.0008992441311627131
2019-11-27,0.013264925738236677,-0.012710477856649582,-0.028131531439218316,-0.0012170568447592567,-0.0001308711867419321,-0.02598686698217989,0.0017461536214897766,-0.005299919828770094,0.006741023962165915,0.004747578240493544,-0.0002998193209764466
2019-12-02,-0.01808999047817761,-0.0047495644216046795,-0.014413703517510368,-0.0338057093278169,-0.010755613164314837,-0.0023721488381747147,-0.006502663631517525,-0.0005078146228696401,-0.013016475853651843,-0.006082746927635996,-0.004375784070646871
2019-12-03,-0.021184202351352877,0.0019183722889883903,-0.02408383688085669,-0.008589900872992384,0.011668127362207681,-0.027499546363267235,0.002713906523134746,0.00957984896245434,-0.014026435092793332,-0.002485997943197593,-0.006820458339454105
2019-12-04,0.02072315272187719,-0.002376766518968565,-0.04050223769781347,0.025993184725426888,0.011795500538459125,0.034867939413865345,0.00764204631846499,-0.0013658431498282386,0.01469001455188379,0.007477049462289553,0.006409238815119789
2019-12-05,-0.004008732396553971,0.0040478687383838086,-0.007315441402216516,0.0065912649206862906,-0.0012952915936496057,0.03471999508649448,0.0017381524537383175,0.0005758841931267078,0.006019462993624769,-0.002664196795626239,0.001213172933533846
2019-12-06,0.0241178684774348,0.01406514987996399,-0.008293171781349362,0.03376292223666755,-0.004020894568317113,0.006750815176900238,-0.0029970071178458957,-0.009928092682104261,0.014845242245342227,0.011830059091966438,0.007118019771683359
2019-12-09,-0.004458453944982788,0.022067965588607796,-0.030107192935899252,-0.00257309585210852,0.0018233104225144903,0.008480194227234561,-0.003480409214794866,-0.00029060665275248976,-0.0067171747858795205,-0.007920167284066637,-0.0007520281907081872
2019-12-10,0.018306932963141787,0.02768212414655502,0.009528942265588647,-0.0007937987830771709,-0.003249822493872623,-0.008897693327626577,-0.00015873272419308915,0.0028347098739491816,0.003982355125739412,0.0007605080032311307,0.0010534061026914454
2019-12-11,0.032244516262854184,0.03644931896617698,-0.00701827031536939,0.009533217019090934,-0.00260824290602224,0.01124705178706531,0.002699403771676101,0.00688553265084435,0.02140394820208691,0.009686243949629691,0.0034577198136092058
2019-12-12,0.04037075935640644,-0.008320198977182724,-0.01661201117532707,0.005115060230387547,-0.0024843058481462954,0.02565835357820423,-0.004275515822144804,-0.003527249493396556,0.028722295437602297,0.016365698915703275,0.01348323206044233
2019-12-13,-0.00030337399539004384,-0.019062768453686818,-0.013329398208964949,0.017224363852321734,0.004063586341254144,-0.006848725730690286,0.007792474003919914,0.004478873140076667,-0.0038462203352128688,-0.0016680575318783752,-0.000147835806393104
2019-12-16,0.004739709361899935,-0.012599529790743746,0.026496735241923197,0.01212271773200757,0.022715564946633515,0.000862086523909511,0.01246653144135812,-7.198680622300113e-05,0.008151047445913662,0.010954229769809531,0.011087955222411683
2019-12-17,0.007737722249079759,0.008740657964550369,0.013410036596152253,0.0,-0.004085171796793352,0.008325292795752004,0.0032729643218794013,-0.00021575647831872935,0.005673759997136374,0.0036731627402970535,-0.002193220536001128
2019-12-18,-0.0004323346170664877,-0.005803458464067157,0.00015625140307995444,0.0022811567843790126,-0.023711811620806822,0.014615327128827627,0.00403915324768267,7.200752478642158e-05,-0.0034557150221924404,0.0,-0.0016120047190654185
2019-12-19,0.012841421843696077,-0.013601041635024402,0.014224087385853013,-0.009483923260668492,0.01076531422938376,-0.021045873645048174,0.00030948195481039775,0.002589559770448613,0.005803043011699316,0.0045746313730075094,0.0029355616535289286
2019-12-20,0.012900844584435633,-0.013803978328530864,-0.01896765835769998,0.013404633344963557,0.01636588808420636,0.005446176482562182,0.006874470465969784,0.0010044438566789715,0.009639082610578331,0.0012747465407998426,0.00995169580540467
2019-12-23,0.015257295977559648,-0.0003217256607440655,0.0007765268178248075,0.006802518258202994,-0.0008946903207628365,-0.003135839466575585,-0.009289169310264578,0.003081942822633188,0.004965348189315266,0.002910673810769593,0.006299425117766155
2019-12-30,-0.0004683901507520627,0.0008191679997371359,0.012098393865084267,-0.014986769574351855,-0.01226217821191633,-0.0003844751710273542,-0.00015539763873329004,0.0021077991140190377,-0.007240159200905372,-0.009587463702813603,-0.008132475524588734
2020-01-03,-0.029131824530527428,-0.04550701529810297,-0.05717915886999125,-0.005382402175716616,-0.014149867227392754,-0.01955387325867386,0.002037125767462289,0.013268521727000326,-0.016380909141059385,-0.012160350566986389,-0.010575073587706596
2020-01-06,-0.03360140751844931,-0.017954219697927876,-0.012084549905679975,-0.018100374176968415,-0.0030010583766187926,0.022751733544271957,0.0009386572418290662,0.010489502076611812,-0.010681103096024325,-0.003439530232212995,-0.00263535843424334
2020-01-07,0.027421711794782144,-0.008310611450560668,0.021028914309976665,0.02014428566662052,-0.0009161429186634873,9.445328034418665e-05,-0.001406303465850578,0.003935150508558971,0.01669167639892244,-0.0005448102553562428,-0.0007341238761664481
2020-01-08,-0.0061608805097618236,-0.010756871967743109,-0.002744196637693541,0.008569530702063899,0.0020958690348547027,0.005490098037621127,-0.00046954882347061133,-0.007501524641443713,0.001676635206108834,0.009632545646350854,0.005876218426813962
2020-01-09,0.015991951395906145,0.01647833361925155,-0.026915111696298566,0.006279969814291908,0.014117688372973003,-0.027581595374676082,0.0054790955154504495,-0.005651653463197515,0.005718961106204734,0.00018023750027285068,0.001606664456117457
2020-01-10,-0.008863070688467811,0.009725301388706642,-0.020718263002522108,-0.013949907837038755,0.02423291152551088,-0.027299382021956475,0.0026466308140837835,0.006026192495848015,-0.008321663208092578,-0.0070195715838072825,0.001458018734855182
2020-01-13,0.021944313608842192,-0.013026356236869208,0.022164135301140364,0.0016752883769330928,-0.000629181303163806,-0.002289125122020952,0.006056108260760196,-0.007419483430124996,0.013986119305929856,0.003444042116979684,0.007862776603127397
2020-01-14,0.015771659726665055,0.04621055302948118,-0.035120081835615546,0.001672726831354332,0.003903929089160263,-0.003491139531984544,0.002932511888610101,-0.0008915435213457945,0.0020689371970967763,0.0016257929545246963,-0.0018781886218863786
2020-01-15,-0.0062067465268638156,0.009671863248280399,0.02128916521031332,0.007235278679673884,0.050300980532178574,-0.011611725411601492,0.014004121267027214,0.005834242779070742,-0.014796842317273184,-0.001803643134529631,0.0
2020-01-16,0.024445081182401518,0.021859466130966787,0.00259759304037388,-0.004604621905243245,-0.02018388400320381,0.006583163759427135,0.0062227613974013,-0.0015695082440052577,0.01613705076679528,0.010117563716775635,0.0018817228523371199
2020-01-17,0.006805932045323093,0.01700825128246297,-0.01992640498293352,0.00259043285148719,0.008166694169004396,0.0156956262676049,0.006938206073596742,0.0018454259925253513,0.004124570162219676,0.005544760387426351,-0.0014447266126428326
2020-01-22,0.007436681633635089,0.05128803916258118,0.02020399197259115,-0.003870639131367093,0.0007267643622825837,-0.006985957174503565,0.0031170029944331823,0.0003406555206315609,0.008209053369192532,-0.00017818927065615942,-0.002919334457068379
2020-01-23,0.017478818835038767,0.024907323472080467,0.016838095625670624,-0.021095858101598974,0.005929371750061696,-0.012133103553869873,0.008878245842933508,0.002248122121045526,0.006242288471628443,0.004990116240440212,-0.0004391727288457492
2020-01-24,-0.012937874991169163,0.027499631826361393,-0.03351932651792955,0.023251497065645665,0.007698549692792378,-0.02002264677120491,0.002639898944108321,0.005845572586286041,-0.004383019010167688,-0.0008866083240280931,-0.013620400033817925
2020-01-27,-0.053085399023330426,0.019545236310200886,-0.013017814249345117,-0.04267488222058413,-0.025665250968168185,-0.03717723468298795,-0.0024868013658088106,0.006825312844883635,-0.04029802658420467,-0.035143706498478644,-0.024498925428458218
2020-01-28,0.03664059824175592,-0.006982291573362942,-0.0121552437081347,0.010227542303770543,0.0007349675864647409,-0.01334528338573282,0.004106391055259895,-0.008926785569624784,0.02505307328874684,0.021155296494674403,0.0085236935475268
2020-01-29,-0.021225206842617972,-0.01169904735917704,0.02433857726449462,0.027316359965577908,0.013711930723741217,-0.003215024003553557,0.002628852981173768,0.005417872354848807,-0.015215141352998063,0.0019814745147184176,-0.00679159938394136
2020-01-30,-0.006533255618627831,-0.01327060508270983,-0.024459873862061943,-0.014503689621042093,-0.007970958423495156,0.0165723380903684,0.009322660273090477,6.732120695107646e-05,-0.0023069710758436557,-0.0014381094842343956,0.003495029408377315
2020-01-31,-0.06122207472738139,0.03459349873570483,0.027597825847544,-0.04056596942038415,0.004382745629604612,-0.046280225368592776,-0.004474023378878811,0.005792420039608892,-0.03601728181486796,-0.027727855473371532,-0.018019447515676856
2020-02-03,0.024516075145457616,0.017535559887485785,0.004532523034189717,0.022615441480512866,0.0033939747932905107,-0.008603903723325868,0.003189220213993149,-0.006495688802043542,0.01366584534381321,0.013148123373650122,0.0049345133917275685
2020-02-04,0.04588877089501153,-0.010172497749885934,-0.019622446054028964,0.03826913618475736,0.004952978099037164,0.008447118557448396,-0.009971166283938127,-0.01300895070524588,0.03219787408997332,0.02924498180069568,0.018873712357387662
2020-02-05,0.039859233962132645,-0.021570947998690526,-0.015159959385453892,0.023708115599558877,0.04579870538994224,0.03270214363194257,0.0040872109688869784,0.0012293105482077404,0.01986939811022781,0.00958982655423335,0.012500019669376083
2020-02-06,0.007260193369235557,0.0471691328577164,-0.01563052913075369,0.015560234306764453,0.0103447905138494,-0.012444434779831925,0.0002906686537669234,0.005388399719282511,0.0006811177104952826,0.0,0.0008923906745337273
2020-02-07,-0.024381293771143953,0.03243576817198934,-0.02571994336752137,-0.007482799066856338,-0.01581334603201423,-0.027339942388934668,-0.0031974362325958294,0.002645857569860688,-0.022872629824745028,-0.009498735329934616,-0.011888731580727896
2020-02-10,0.039818335836054874,0.058643489164696305,0.002815694472627861,0.008795516913201018,0.00023111404775066902,-0.01249288095893819,0.003790590097215052,0.0025712490701368385,0.015744805165289977,0.010300251001218452,0.0028574964266563363
2020-02-11,0.04323934477044933,-0.01712383430017561,-0.023561485817803374,0.02651250240198455,0.003120253371855952,0.009253826420671851,0.0036313036221167216,-0.0034419552752806837,0.021124894237045888,0.017402043039515425,0.007048629800165296
2020-02-12,0.0029865317897341814,-0.05535497872954864,-0.04331676764213277,0.007973641942517817,-0.0014975870812777847,0.04329147451354021,0.0007235793451694228,-0.0008127480224853212,0.014105125776413097,0.015376612133075396,0.004169688932064375
2020-02-13,-0.0021965033098814146,-0.01865369775720016,-0.011523249730923668,0.005331019051125763,-0.0038075997337561063,-0.006786002293087234,0.011135265847779241,0.00569345014846645,0.002384305538496667,-0.004083708545870701,-0.007711608578290563
2020-02-14,-0.002681413450685066,0.003971484420826288,-0.035541887109672876,0.0022238409152879335,0.01007647401115186,0.0010080088373376483,0.006721877974447343,0.004178427664004669,-0.004294767726877757,0.00017057408575626987,-0.006576103350032447
2020-02-19,0.02434701888811519,-0.024838743887796833,-0.016236914608027342,0.023589015559193127,0.0035032659584528503,-0.002547977010653235,-0.010847982466282269,0.005831221275388376,0.02573608605239719,0.046140637862725375,0.00334104642399069
2020-02-20,-0.025371710344028298,-0.032067125748723946,0.03789065903836408,-0.01775339968816969,-0.0030404110712429766,0.008707795184899503,0.0035608306255194844,0.004084659090851872,-0.015763436021947075,0.010165716066510733,-0.0010596760641040648
2020-02-21,-0.0382124892365322,-0.039633926742412284,0.0032120515043381204,-0.009384748034041102,-0.008923527150133559,-0.025437324855880572,-0.0018451251072557628,0.015025216397275942,-0.029362680126450713,-0.010875035325929372,0.0016667926540017142
2020-02-24,-0.0736548023310929,-0.0025870148276500027,-0.001214160838593159,-0.05035105451359778,-0.028493243047194028,-0.040628125315659736,-0.011659164401953248,0.008985128746405113,-0.04530785561245754,-0.039383131645635894,-0.032521566758023424
2020-02-25,-0.04175598614699472,0.04770564375504671,-0.03769274501626241,-0.015887401020700187,-0.01032382703340784,-0.05256690296887856,-0.021004221136937007,-0.017874260693127697,-0.028805867255733864,-0.04014321886192884,-0.029080704666169188
2020-02-26,0.010645187995362626,0.03464413635262242,-0.016623163038308242,0.004692970886439607,-0.0032005156571590643,-0.03794198562731066,-0.010139670807472023,0.004370503298157802,0.0060061699778160005,0.0040933197517092346,-0.0027375802538651683
2020-02-27,-0.06865295496904467,0.014558106344781496,-0.007300907558571934,-0.04390888293292483,-0.0189084796367035,-0.013236170262584834,-0.044982269782862905,0.00019483522153040944,-0.0460677173763967,-0.023573227216227233,-0.02938791337056068
2020-02-28,0.03192159719789256,0.007440669195519112,-0.022407102567605364,-0.03029125244300601,-0.04048492368522161,0.014371944567044048,-0.03342147965233311,-0.03649347478693177,0.019703391321132635,-0.012343709816729054,-0.003826231857627982
2020-03-02,0.0410738101253636,-0.041048110553567496,0.027833306208040698,0.00866593724511544,0.017812127786843046,0.006476675184056813,0.05886155821365269,0.005526297603759334,0.0346289970594269,0.02315761930661342,0.02605200571624322
2020-03-03,-0.05135155798235769,0.0004603216534515564,-0.0250720269669914,0.036163680267152554,0.04070990404085939,-0.03566121965288305,-0.012302597402688797,0.031434333360162325,-0.03281090835327516,-0.011136965010528077,-0.01627612341119633
2020-03-04,0.07128273708061328,0.05022251779600495,-0.0036556027036880323,0.017161776872772316,0.021347565043362327,0.025858149896009097,0.05674313660967467,0.0017545277375516921,0.051264728221753986,0.035967383838749756,0.028788993942138852
2020-03-05,-0.05197936794147695,-0.025141714017248185,-0.016033291750366163,-0.003222725668182158,-0.010742369539285868,-0.05353024471878953,-0.015424974389709023,0.021600945458936538,-0.03140540212520637,-0.02402268350273451,-0.029269823092798575
2020-03-06,-0.028621467072637796,-0.017412311487718046,-0.0010761729067829684,-0.044123389469134966,-0.03375829414021603,-0.009450166418822903,-0.008128907549120545,0.00038096105467699815,-0.0192607903858093,-0.029284895052788973,-0.01988092964428334
2020-03-09,-0.1291418285484982,0.02343593758538942,-0.021354913592148805,-0.0600875109243908,-0.03188371557583791,-0.11101472057591666,-0.05438827961850867,0.0016502348575044845,-0.08318163435278247,-0.09975922009124683,-0.07724801495316103
2020-03-10,0.08719716063634086,0.0003667037581012167,0.0006132329233661249,-0.006350440962157977,-0.01350178911950195,0.033983928132258256,0.009297289229558636,-0.02110133630677158,0.06161599849538346,0.03124993985794,0.03718624118964842
2020-03-11,-0.08027583237267177,0.05250263926095333,-0.015153936306765203,0.014060369172687714,-0.00997679188255618,-0.1094512618100636,-0.05027333972065329,-0.0035603512879937016,-0.05398873731566256,-0.06658695986436591,-0.049452465353356456
2020-03-12,-0.17066109253251527,0.036775178072679715,-0.0311272131115804,-0.08235305465469123,-0.06459950081274668,-0.21861210786096508,-0.10093697937655066,-0.0398882588306293,-0.10557518582572556,-0.13007264187724032,-0.10609432607436409
2020-03-13,0.15461356253441605,0.007959569217552254,0.01082926243476523,-0.010530901327901021,0.0038673461607017234,0.13762743159782986,0.05448871195104066,-0.03051623730778741,0.09695225024125342,0.07856642583437679,0.06859273464225746
2020-03-16,-0.284873466995469,0.04061386268469169,-0.010402226963095451,0.012262788466393948,0.004403018211701637,-0.1905048309640882,-0.11357719039021075,-0.011446115323986206,-0.14411603483320568,-0.11928080126571028,-0.11768137983829174
2020-03-17,0.15628533938868694,0.002450162232566111,0.0007106420431075566,-0.031085862314685797,0.0160273858977924,-0.08147221580659503,0.12793419920860005,0.0135554799295321,0.08100411948526154,0.039028098754164464,0.04343036865488137
2020-03-18,-0.15847472657014494,-0.012545690689145905,-0.01738189737835316,-0.12290629649724061,-0.020763277192339058,-0.11167531812681353,-0.043530868644406584,-0.019921988429849713,-0.08309892379444062,-0.0890546653197205,-0.0712022113109575
2020-03-19,0.034111029560300876,-0.0059553712747689724,0.010017834395038783,0.08149557612936098,0.005094494674910077,0.020715476397792587,-0.05820495348077093,-0.018905499074657994,0.017710406605998097,0.046695595279204305,0.04208375632783423
2020-03-20,-0.051832203236152896,0.028216050857080344,-0.009638485569111621,0.06938552098665052,-0.01547971033020168,-0.06873153552886058,-0.0793221255937967,0.014995707221804766,-0.017499429784779252,-0.030784914825779608,-0.022920864775194283
2020-03-23,0.02724739593780945,0.017676046320400873,-0.004892886707793198,-0.00697654955669158,-0.020453542474962227,-0.07982255965126261,-0.051028828756195965,0.044179590424960224,0.037106709751391076,0.0010764946634305161,-0.021894469911662884
2020-03-24,0.15856456378111328,-0.028415998898647543,0.009004561978959824,0.12412177613545161,0.008522830573104878,0.22271969660090085,0.10750055089841881,0.048530353360380474,0.1032343767682462,0.1097068157940817,0.08291456611838366
2020-03-25,-0.04051032530841736,0.0030556430476893492,0.033566599022807786,0.02041652428227314,0.027182873899967985,0.054616919414638865,0.025522556677632702,-0.01368964099270864,-0.007524019245252034,0.031015506125853243,0.02636574060682717
2020-03-26,0.11602056421042795,-0.03518868716591428,-0.02413085038593976,0.016741560928801524,0.053064740031991464,0.04191106518564225,0.08524409289818968,0.012822223412266576,0.06064833625772326,0.05323870282009113,0.056514562669881974
2020-03-27,-0.0770867963342764,0.036319633075931224,0.007935728178087409,-0.07831313919544747,0.010828004247396494,-0.02638977911090068,0.005417116477572703,-0.006460489804721581,-0.05529097646564818,-0.020111899373207676,-0.038513936922258796
2020-03-30,0.05889804662331066,-0.014930684735546929,-0.036383511345710384,0.0664486599362688,0.05774013889165697,0.005789604797598713,0.03699699461165862,0.004400644787818209,0.03922089517028793,-0.008894047724086196,0.039652066141323994
2020-03-31,-0.014007734013157025,0.021161940541101876,-0.0003348263251192751,-0.009397398407708701,0.01062108974981002,-0.015175422911058556,-0.040353414982115865,-0.03184668568859872,-0.019748998476636248,-0.014035989707607888,-0.0003891793567883939
2020-04-01,-0.07738862530968016,0.008915668597299087,0.019846099954924812,-0.03278999736012478,0.014053724605233908,-0.13310309334421655,-0.06009729453044699,0.009456223354449733,-0.04959861978361524,-0.045974027723097555,-0.03990658431903371
2020-04-02,0.04501695371303738,-0.008103553172159716,0.012945828608420973,-0.021108884472379907,-0.01578724281204147,-0.023291355399610025,0.03129797534835155,0.0163934225377782,0.026946899917001055,0.007338480751462262,0.0208841236683881
2020-04-03,-0.04067254731682113,-0.050634057371351515,0.003020701644385948,-0.0060988166477263794,0.021917539763251614,-0.027612072847033597,-0.035747730829902236,0.0049374590529023266,-0.020029828284790496,-0.030112079580676854,-0.018868027306877644
2020-04-06,0.13758022042551876,-0.009582282896745009,-0.004506431788644072,0.07560783303349039,0.0010784137853503406,0.2813806805305916,0.07723522390973825,0.027710521817620126,0.0994288520121911,0.08212345768455642,0.06376521617054953
2020-04-07,0.0010036654597991301,-0.025579012107072918,0.0006352840535117643,0.027098973779849267,-0.020945534985667646,0.17678186072694202,-0.012547103549561789,-0.005354484768834378,-0.0030849083880171158,0.0111062214436366,0.006089416432858208
2020-04-08,0.03880069223246463,-0.049623868099852864,-0.003955741950001257,0.023606384302476968,-0.006234628651621166,0.024823244022478486,0.05445650180610584,-0.008907968786563414,0.03314332794679542,0.023340845498480922,0.017401109641466794
2020-04-15,-0.044952908463175234,0.006910995184510105,-0.01723780010386944,-0.03190912091152742,0.008475720445181967,-0.11738922239480121,-0.03298698513619358,-0.005101958505246418,-0.026950588270853948,-0.04470236808489736,-0.031129797746517363
2020-04-16,0.0519930221220255,0.023561552900881022,-0.024371380945793164,0.04983318566502404,0.02874538406590399,-0.054098905952973286,0.00017051153617364534,-0.0008649946516461338,0.026520310096012745,0.0029246647396867775,-0.0034019088044888735
2020-04-17,0.010254009493754213,0.05975119854891431,0.007831413789225472,0.014950421462884167,0.020719778210454676,0.12087895612427402,0.032230496676687315,-0.019417471147623044,0.009783647025900066,0.0311796275244296,0.032618963838388026
2020-04-20,-0.01379124824532485,0.0023051974111114593,0.011141697807754536,0.0055238691946060126,0.02377920225743102,-0.08912635567509208,-0.03783231866604042,0.007126124562213176,-0.02119456817119203,-0.022623071082098267,-0.015059632399261558
2020-04-21,-0.0623302247470745,0.0006120350274609887,0.0023686302156922245,-0.05292051856912139,0.0007931675860575194,-0.03791606778985823,-0.01648352643875084,-0.006825274631933054,-0.04477615961533288,-0.027375773285024052,-0.023867311715689232
2020-04-22,0.08465811893882824,0.0025213605091363167,0.02559736263905532,0.03712296418068295,0.00690604091338165,-0.0035594908030017747,0.029155196851503806,0.019670860003665247,0.05650916886731272,0.0288328200862642,0.014708720840254097
2020-04-23,-0.011933013205267518,0.021178369080899984,0.004775930474222756,0.005406303389649647,0.0038226160207275317,0.013013513209650718,-0.01679421929193403,0.00995486708021609,-0.00919539811443193,0.0022242080541170495,0.005459235259585249
2020-04-24,0.03946936073742946,-0.015651538956493627,0.006323041024583365,-0.005963284766032917,0.00011192635509926774,0.04181330975993802,0.006211274030711422,-0.004285520778353313,0.020185608640221897,0.0017752551991356835,0.010110592965410614
2020-04-27,0.020391969613418492,-0.0042903979153707805,0.006709410817938188,0.01124859725014593,-0.002239829859914333,0.1518378472977202,0.010459402318743649,-0.006640444141094992,0.01235691341817069,0.038103635124298485,0.01723820021059752
2020-04-28,-0.026097427977381682,0.046163780327730164,0.0004262228229336973,0.010196383429154743,0.005724465635848164,0.062552453308377,0.0037334032149434204,-0.004456556273727319,-0.006664811986546226,0.02390097624316545,0.0025510108969686307
2020-04-29,0.07931368233242142,0.025019181512057953,-0.005015096733339441,0.014864980393675786,-0.03560261258675146,0.06578422331405287,-0.009129469107510668,0.005533445721913166,0.046966111278808675,0.05022924958770658,0.02217375166173574
2020-04-30,-0.0579918811232748,-0.010900019640901704,0.045886062363386104,-0.021157396467053724,0.005207664980481308,-0.08748837449162139,-0.023033569205953563,-0.018116569301821484,-0.03708273189378575,-0.023814186276989502,-0.013335654574537892
2020-05-05,0.019883155654103923,-0.004525066661957733,0.006279532295482504,0.03840192619240801,-0.004167514628087177,-0.0036012824307045666,0.008170911463918795,0.004241037483481591,0.013039447561448814,0.005695351011151928,0.013984657829861913
2020-05-06,0.023139189831406393,0.009832042241318062,0.006806034182229137,0.01568900747970603,0.006045016326018393,-0.03998198240015671,-0.03400286656443252,-0.012855591040204617,0.011722496760652845,0.00020951074808039927,-0.014159645418845956
2020-05-07,0.006506738550464686,0.02168403756792525,-0.02510327180065519,0.017285961779062387,-0.0016177837780575466,0.010352812326891003,0.004012238708706706,0.015350754880484763,0.009087281397759162,0.00398387565338032,0.0070882851120108725
2020-05-12,-0.03242410734356638,-0.0013711219111081085,-0.01919911375748984,0.0010749935363218999,-0.007289248007718796,-0.03170225187331965,-0.008762594029099846,0.0038890673962401756,-0.027501268600591988,-0.02043288925686293,-0.018660903219064773
2020-05-13,-0.031669529330272006,0.011092558896522275,0.017724721018013145,-0.01932714753152287,0.0,-0.062396219325016156,-0.008479097041801498,0.00962264814750724,-0.017749797048533078,-0.020859268823962274,-0.012863407577473285
2020-05-14,0.04078751583718665,-0.015071320803393018,0.014068683670305226,-0.023540380299067354,0.007687035795870711,0.04326929724405337,0.01073496220846204,0.008850059782004704,0.028024508591963704,0.0018985646326759031,0.003399420850373147
2020-05-15,-0.035362927453179815,0.022743513831593676,-0.020221780775538156,0.0054194818169504,0.0007969718543554549,-0.024739154948927644,-0.013321340028044526,0.0056438144895878395,-0.022791606271482356,-0.001263111638688641,-0.0003762698903949646
2020-05-18,0.07403823513263585,0.04922811407806282,0.028738314527543496,0.028438946518405395,-0.0019340406539053445,0.10619223507758635,0.041051103107142106,-0.007564144999551381,0.04306414198603714,0.0626051996737782,0.042741315279569925
2020-05-19,-0.009471391524726536,0.028260703908202567,0.016009411890063552,0.027109931834729206,0.013108429201756033,-0.06362391433008585,-0.016474239392110346,0.00965020617044443,-0.003726795761038848,-0.008530185790150524,-0.006861657565978563
2020-05-20,0.04755572407673436,0.021804842935569946,0.003022689519775801,0.04152723639810452,0.006975658225048198,0.008163196672116513,0.005524070554343785,0.0023742810342795018,0.036233087644464756,0.01800752413436113,0.013999947916448097
2020-05-27,0.03131251211036079,0.010260258172436032,0.010685310209739285,-0.021272889015812813,-0.036969003049401206,0.08067423029405907,0.011961457212916082,0.0018024320171106112,0.015088510210581108,0.010955483744631067,0.030255099114423034
2020-05-28,-0.041108168472680284,0.018655304740988754,0.010328843929955589,0.025560812601665095,0.046852577507264126,-0.07966568123237172,0.029549980449674162,0.003350344766475555,-0.021376264307597204,0.0009504968977116501,0.003585365648798744
2020-05-29,0.03263244902934059,0.031074164132814497,0.0023322632307991586,-0.006612432350288633,-0.00637707003049548,-0.08252619263511252,0.007766321432275625,0.0073584122707384125,0.02003475979683822,0.009306672648395464,-0.0018713039691330424
2020-06-03,0.04124340404718696,-0.015722723391514593,-0.00013641557533039528,0.03825439388797136,-0.008182641062367102,0.10884926791381289,0.012008836532970246,-0.01845018380928054,0.027578384214580698,0.02578173818810736,0.017839378286779395
2020-06-04,0.012938029275790353,-0.014966597132370474,-0.026987457472251175,0.007303606060194756,-0.0018591158885432613,0.038538392785253395,-0.017880605051341925,0.010526269495827023,0.011046944550518134,0.0,-0.0021096968906539892
2020-06-09,-0.0033435391890621613,-0.03201446414204956,-0.04915219040908847,0.01342916966550356,0.008833919086649544,-0.0846529291675785,-0.02005405327252896,0.00964183116931494,0.0018392733861134491,-0.025428284040573956,-0.012343705497905422
2020-06-10,0.007745052737683,-0.025489826993426834,0.0016223458443676009,-0.004524795601228204,0.019964898607627513,-0.06244105327727589,-0.005846942679976652,0.014324773012967418,0.005114179752786274,-0.0035498904527120345,-0.010283076630629773
2020-06-11,-0.09592079650440566,0.005912325853317579,-0.011869868397258898,-0.024675794576692,-0.0025183238322339374,-0.11558459441019409,-0.03904594514920656,-0.007214084989501601,-0.061383085221584754,-0.06572849040061601,-0.06010235429349553
2020-06-12,0.02640007177634862,0.022708047536647458,0.027144671126518194,0.01864219181309723,-0.0082625732734678,-0.058991045446771806,-0.0025500354663422486,0.0014163170663434865,0.014108167496616142,0.02192557854247479,0.022448822448007943
2020-06-15,0.02815477058168181,0.03106390935990011,-0.008407890268565477,-0.007679508672932878,-0.006248539071985637,0.011288169331149955,0.006817609722556073,-0.0017832572551969017,0.01295221177780026,0.008022436679230083,-0.001663189258091502
2020-06-16,0.019954772290054823,-0.007921279055183028,0.014382250933212104,0.029309841752430676,0.006054952248595313,0.047837242052169326,0.004570917374130623,-0.0004928345355281749,0.015628194024407627,0.024060730973787914,0.018160618482596647
2020-06-17,0.01719820658104232,0.033599293796853,-0.005646033477525347,0.02975530056531328,0.02986123780211436,-0.05668609321919693,-0.0030334127702857927,0.0019106166939522051,0.010591466592796639,-0.012109051239991842,-0.0029455684287382766
2020-06-18,-0.015514766618152431,-0.0005379316940894441,0.0024789908025517615,-0.0029516544018424185,-0.014497777578958093,0.0026215198979979704,-0.00016890643475353517,-0.001968455156468263,-0.0013842219573447778,0.00914741911014949,-0.003118321149566783
2020-06-19,-0.011610024745597136,0.005531764849862508,0.01626203960600603,0.019632287356069478,0.024746205136916277,-0.05772340595802883,-0.028064302326889168,0.011032995719469696,-0.0046866000825768195,-0.0023569518475253792,-0.0037866893768641052
2020-06-22,0.02217340308573923,0.05684160563738949,-0.005938690826824855,-0.014211470272356808,-0.009904173226875979,0.013873946776125967,0.009752117097867163,0.006462217682632332,0.009151950417212174,0.006178592199399979,0.006775859065815126
2020-06-23,-0.00037311060513023353,-0.008489197515675895,0.020956491647760034,0.016586809128564806,0.014611646573135628,0.03578958744373839,-0.010074831762101333,0.008419646377624934,0.0032859275197756332,0.0009027995373263042,0.008043234170224567
2020-06-24,-0.029892173623323193,-0.010293630725424885,-0.02065987797098212,-0.018756062187471723,-0.018389221911550124,-0.032520171954852795,-0.009124469878902475,-0.0034839130582626776,-0.020960333518174057,-0.027246333705053916,-0.02361177513453916
2020-06-25,0.021523250603193267,-0.003464937395143197,0.005701911875017007,0.0007772136515633576,-0.0007900346230031996,-0.015126037376601342,-0.012396028990701247,-0.0006027175913517757,0.006824061167150619,0.006249434604041815,0.0038358766681898526
2020-06-26,-0.025779294356462312,0.023550511084162062,0.015709466526087734,0.006210982163445955,-0.00609884564529628,-0.047355071512063196,-0.010579162479707027,0.004463149702982783,-0.01873867931745432,-0.021256839726342736,-0.01977072686338399
2020-06-29,0.015480740921967051,-0.04194590594232628,0.0156548108261636,-0.0055554292308577224,-0.011704688991459933,0.089789597380725,0.01884770405695879,0.0005404803669293301,0.010157752346488857,0.023984928588071552,0.011186474020112636
2020-06-30,0.04099027343957262,0.007987408332730483,0.043401156067987445,0.014586973669758585,-0.012533025553316257,-0.012738895805813555,0.0037351262025431264,0.004440918278166173,0.024334595190067754,0.01291043769755107,0.008213251184767678
2020-07-01,-0.024276541740561375,-0.025662584160149327,-0.009144060283428956,0.0007648710436474193,0.008616755985811908,-0.028303854939569995,0.023391836441464697,-0.004481089931769877,-0.011452965516841163,-0.00582682632315934,-0.00033257322799262745
2020-07-02,0.019457407726003684,-0.019807926630048267,-0.02786075927173659,0.017117676317405905,0.015239026959908086,0.016491713963951993,0.0025972869751564875,0.0021606086958432247,0.015292973174943825,0.012637307616048643,0.007650136175942679
2020-07-07,0.000799529350622219,0.02549081742797976,0.010700840361408392,-0.00392967967267277,-0.013058449216118095,-0.04043021199439578,-0.004021752836950387,0.006310260659329048,-0.012437321752807318,-0.013815290888864129,-0.01591447990735939
2020-07-08,0.03420277114776171,-0.026145526899648663,0.0056714279098184495,0.004967767937801515,0.006267394393760561,0.01098164344582564,0.008953861874147595,0.006211565862881185,0.014328857865308686,0.016523136547591744,-0.00297021452068158
2020-07-09,0.032328311669994614,-0.02825764016354293,-0.022211722141377566,0.0013084668196501337,-0.001614718218953315,-0.05763681656124919,-0.013398215302492189,-0.0027044004055614135,0.01735712876270168,-0.01289746660844393,-0.013240816297120928
2020-07-10,-0.01048169765697804,0.02793049334545694,0.015656448642860976,0.012632575759345288,-0.002195027632320712,0.043754284557145695,0.018871175242165972,-0.0025938951172596036,-0.00392269658915112,0.010560226129822103,0.012244316476620831
2020-07-13,-0.008579369058369979,-0.006546220716658335,-0.025793192348584237,0.013765532031142502,0.0061363780885024255,0.02298840306906369,0.0010386811049745148,0.0012411575864292868,-0.014377861334579856,-0.010626898346235425,0.009610642278472525
2020-07-14,0.031403271738008165,0.02208153268624602,0.02071791631581288,-0.028854352465727873,-0.02266989654411833,0.024675136950095933,0.009337722193107023,0.004663568910189042,0.01680746288594248,0.021482302294368205,0.016248094410900693
2020-07-15,-0.008585473303873936,0.0017769966128586834,0.06161295709979453,-0.0367025987631292,0.020487541364394568,0.09180826030432376,-0.003940604620468635,0.0008813320073604025,-0.00455342270743242,0.023308854684050084,0.01663451820369355
2020-07-16,0.001435335029671414,-0.04503734386774483,0.012171025475498087,0.003023744105756565,-0.007615118508606522,0.009452533445831746,0.0127281729828852,-0.009451688651900159,-0.0007519561726045954,-0.006850773229098217,-0.005083449697223408
2020-07-17,0.022059631742940233,-0.013354943767333927,0.012512895935726798,0.004220693473215409,0.012440468986951503,-0.03960197511030705,0.022588346715265217,0.008238009985450212,0.00464035394950435,0.01310580283019469,0.009739774967114201
2020-07-20,0.027863430945757495,0.000250644392743693,-0.007179485106540318,0.01741216939536261,0.02893881226583317,-0.03839119485390963,-0.013120993771397083,0.004820170160796611,0.019973774487079377,0.012425473718167268,-0.0004744503789751997
2020-07-21,-0.012880899653698319,0.016513418009953318,-0.0369498257341323,-0.004425968313469086,-0.0044641609834651375,0.035487849308305064,0.004544120791037276,0.012050997596656066,-0.005018152061772252,-0.0043711447209507925,0.0026895069283212614
2020-07-22,0.0010202099584000202,0.05880704694404981,-0.013598884879611695,0.003556591957258437,-0.014013370596799302,0.008567925403218934,0.015412776845785903,0.015202340363078104,0.007319066740585134,0.009456112523119176,0.0023666684067797927
2020-07-23,-0.03161741938595841,0.06907741446315097,-0.025239568081250496,0.0016244384252610544,-0.016372951380327905,0.02953100904223649,0.001154938640741232,0.008825301770064575,-0.016485594793112845,-0.0023417304723076793,-0.0003148792614487972
2020-07-24,-0.018841534780086433,-0.006831941664653951,-0.03235804147704269,-0.0489459033491384,-0.018957453864271834,-0.01611025622454776,-0.0065919395724750585,0.008578870839228259,-0.01005691911257034,-0.018444206890880666,-0.003463940280910016
2020-07-27,0.05663234754332924,0.007741965297501929,0.034549150742786416,0.004340324271574936,0.006362657418983675,0.0007989007641846513,-0.012109950948505532,0.019753770786684832,0.040323427981471927,0.020498833827780283,0.008058183901282767
2020-07-28,-0.039045817054856324,0.0234763994825522,0.006391043066659385,-0.0029326197589849556,0.007142145551967127,0.011771634889829796,0.015113133034644344,0.00834113103275036,-0.02598108756748929,-0.02008707227120632,-0.00532913360466436
2020-07-29,0.03618059331852708,-0.04223290279092873,0.009253410105623638,-0.043962902261113435,-0.019414107843542694,0.02859381679058548,0.004631906829870358,0.0075102306547618625,0.025188719381828095,0.017424282234794086,0.012448671064471784
2020-07-30,0.024347004056092247,-0.028610900369885672,-0.0036919766801308818,-0.01845825303933013,-0.00011863252461519203,-0.037960098428185596,0.0,-0.007400261112960993,0.009417529198489483,-0.010745642434032088,-0.0038911041050246897
2020-07-31,-0.012929653583761858,0.049864139099628835,-0.0023779916743632556,-0.011217327859557313,-0.011382426933879919,-0.030290676817495088,0.0016469090524406926,0.00908793109962347,-0.005920788324690673,-0.015105146017122317,-0.002499990986917555
2020-08-03,0.04456780322218479,-0.0004764170170346027,0.020180150474875536,0.03470111766955708,-0.005516921781536399,0.01171376413548808,-0.01085044141813285,0.0011325390830079218,0.017807852058723928,0.018266146811552364,0.0122182055347273
2020-08-04,0.010412821878374556,-0.04868903561812765,0.0007339660857090813,0.01644653811722363,-0.010492080218107658,-0.030672278169277756,0.010969464955015606,0.021277725496816835,0.014540826761471282,0.014892682720051509,0.010832451339900073
2020-08-05,-0.005104683274670507,0.009724292305991034,0.011299120755142722,-0.008724659523428269,-0.005971885257720189,0.07250625118540288,-0.01282292935888718,0.009283241730161151,0.0008737256130679771,0.023511600388963938,0.010869658670363824
2020-08-06,-0.0003605506150125004,0.0072888805634701015,-0.0035419399918249495,-0.014562753416198837,-0.018146319580950476,-0.010355498843720667,0.005828545667043716,0.013274069532868138,-0.001746110129936862,-0.003258296244659009,-0.00469488396895712
2020-08-07,-0.014093563676056742,0.030560601930153197,-0.011407391400118483,0.018512731120494674,0.0158593034431751,0.022902147724034316,0.018046237636441642,-0.01588530528005727,-0.01148767528003758,0.007028528496001218,-0.0006085742259176463
2020-08-10,0.014581943619979443,0.018628108933146148,-0.029557787198948304,-0.016262675577139007,0.004794049953115609,0.042848835866328816,-0.0003250591847459017,-0.003458957447482258,0.0007078153671509213,0.0073038625904151555,0.009287352951294459
2020-08-11,-0.021922935373014152,-0.00021797266853118558,-0.04263160995985282,0.01264185667793205,0.020308148498558554,0.0031465163863642065,-0.021636603040295355,-0.05369440853432972,-0.014147507931502545,-0.0040282431569828026,0.007542588039602949
2020-08-12,0.05205407616020419,0.0368044705660997,-0.009215951463326544,0.012964135044995606,0.024220778313700286,-0.01217725281733073,0.014466297118338689,-0.004668202325739945,0.03145180480291576,0.025724177102919077,0.012127584920568646
2020-08-13,0.0011060621583605101,-0.003053334964655763,0.0009014301184067097,0.007426011831600521,-0.012877590435390385,0.001307600397663533,-0.0016391267665694098,0.023618065792215592,-0.009507342777424155,0.004574075571655456,-0.00044378535317712853
2020-08-14,-0.008640724717802972,-0.048830800538600005,-0.026497959228445334,-0.015056287379224709,-0.007409975175349581,0.0326430852749513,-0.008701283858432718,-0.0043092158240957135,-0.0010535353911705903,-0.007379635619195635,0.00029598825737142676
2020-08-17,0.012715702099860948,-0.032822109796911914,-0.0021466619400398734,0.015605084969430916,0.015893948100058175,-0.012644590511580178,-0.0013249683169579418,0.02169391289315903,0.014588766265860142,0.010281450467239939,0.0034028577538343097
2020-08-18,-0.009795482876115646,-0.014103407183283068,0.0008620995014596566,-0.004546974660845748,-0.01327484223977593,-0.05781197738181543,-0.004477880087283337,0.009008003623491856,-0.00617882140310011,-0.002817978048873071,0.0029489076190609698
2020-08-19,-0.007819306224759681,0.0433595925296304,-0.04207849761239668,0.0,0.005165292927927112,-0.008932057290279238,-0.0029981253000512798,-0.03156545548841261,-0.006101112563939526,-0.004867362370820305,-0.008085764116677607
2020-08-20,-0.00570337359844264,-0.002230312534237444,-0.020997562435601025,-0.017168057451097063,-0.0033462601782456858,-0.01684956818674621,-0.0088556944788446,0.006913929262821528,-0.00800943582697955,-0.005995752920418762,-0.004891109230428126
2020-08-21,0.01029442283845361,-0.03797106651977111,0.0067903726391813635,0.0051281453752343165,0.0027579926051441994,-0.0009963866891388173,0.0016857482404264434,-0.008010905834894388,0.0072490833301601665,-0.0036506493581689448,-0.0002978839347186346
2020-08-24,0.05024382842806019,-0.0072957149187034,0.009607333327059653,0.015784105120950187,-0.004543968251382258,0.0704170720707753,0.00875132240775911,-0.005658401286623649,0.008893361111767417,0.012107523278297005,0.013110863485177982
2020-08-25,0.01112318651223032,0.007454949851465109,-0.0212203193971654,0.001726986466182634,0.007207241312358503,0.00931782427956862,-0.00950955684768251,0.0012154763574758753,0.011309059526600773,0.0037779014742027606,0.000588233147501338
2020-08-26,0.024866763037936446,-0.008218925460465876,0.0016045519369840555,0.020369722326654127,-0.003339394116455674,-0.02104865795595101,-0.011116660483335927,0.011808847672626355,0.005562646015598416,0.002665854486954,0.005584993644763836
2020-08-27,0.010847654544339447,-0.012015247252549432,0.020863673164935204,-0.018120337132018327,0.0007181702845804327,0.03828738301579415,0.003236184507621198,-0.011561927956646234,-0.014029181101281374,-0.002502450598818373,-0.0046771050281329
2020-08-28,0.02067423255229217,-0.038810510650088226,0.016269024024934797,-0.009383851354948236,-0.011359797206955013,0.03978205566170234,0.002886237975778805,0.0173802350530341,0.015906094906048773,0.009564090776854384,0.0038179650910274976
2020-08-31,0.029728363576214223,-0.04392859478358058,-0.00016803084532368562,-0.007578214044091203,-0.0006047232833361615,-0.02585597904641279,0.0030472352661887747,0.002386259791001155,-0.001537250325302053,0.005435720975471403,-0.006728993222606339
2020-09-01,0.023226301905823643,-0.0019692735120475646,-0.008114967291542596,0.02815772576372333,-0.0033885328019385152,0.03389509776898536,-0.01147683074429573,0.0011902895553947967,0.019615624883174254,-0.0016991674198592044,0.012665701846443334
2020-09-02,0.0923457468469786,0.05664524493155909,-0.01310082603891849,0.03094530040786969,0.005343073302874535,0.03226357029592308,0.031073832552248604,-0.013131628719242117,0.02650864918629736,0.012378358025874281,0.008725907579799186
2020-09-03,-0.10147223965881413,0.04573935426631626,0.004157383217602728,-0.04577497805264297,0.0,0.0325997798207851,-0.011260029986362996,-0.00810423703378893,-0.05311909199153908,-0.04340533548125447,-0.023356441889147983
2020-09-04,-0.013904819172836702,0.042056838292595655,0.004194927382969338,-0.04120786039281721,-0.012199494655651066,0.03205841132907761,-0.005694169180208375,0.0027602959130217375,-0.013751384960783763,-0.003195370640005968,-0.00014742993125804738
2020-09-09,0.033277964273443095,0.047153601710198334,0.017403892482606542,0.025050436867105175,0.022038145573783474,-0.015293671781805074,0.013211395349643773,0.00970825655471863,0.028630838008096626,0.017422762689462523,0.019216263551221857
2020-09-10,-0.03827054488264525,0.0005887521329654977,0.0023675583204438855,0.0008199833639410681,-0.010721871820055573,0.031062401740585166,-0.017218503454592526,-0.0032231430104036063,-0.012581718342398074,-0.013570156015314194,-0.0063336883541894595
2020-09-11,0.01933575143161881,-0.021509389120598632,0.016105910978726934,0.007866339813732637,0.00722546705545013,0.0002982081341260656,0.002381540752850686,-5.486005292487661e-05,-0.0019231931516582312,-0.002947794388138636,0.006967065981681619
2020-09-14,0.027471864866605467,0.050227582931645864,0.019573899679183437,0.008943027082686239,0.0031084514123367324,0.06455979677402413,0.013745019135922076,0.007892586821005798,0.022521906960514704,0.030715970098170287,0.0067717801647801945
2020-09-15,0.012131388586053449,-0.02479843614853461,-0.014275283550865603,0.0069299472855304245,0.020023850317115732,-0.006582770388075199,0.0066958155322813795,-0.0023927480714920346,0.021024765795130795,0.0062152300749316325,0.004679029070912444
2020-09-16,0.015225276011486155,0.012668808445655877,-0.038922446693697266,0.0,0.005608733076006844,0.016213009751655294,-0.0013301803021495973,0.0028345831622316187,-0.012285749752440789,-0.0017424176044261719,-0.0033472628907542656
2020-09-17,0.006726740480736071,0.039539992440327465,0.02644399453367763,-0.017445375008161235,0.011271319726128715,-0.021781090183107255,-0.008158603957902022,-0.005489995652194879,-0.002277547898049348,-0.012057710489556062,0.004088642044328683
2020-09-18,-0.029280541459006937,-0.004898103819246491,0.0058178905359456135,0.00488655423563733,-0.0003448091555251498,-0.028790469969900534,-0.01762614875103874,0.0013117087099276947,-0.015100999596246334,0.002087908647520287,-0.004653787829239642
2020-09-21,-0.012766147047673981,-0.027021463989764793,-0.03610000760990273,-0.01783117581251481,-0.00011500239456496697,-0.05549076455737967,-0.006222111989774293,-0.020087296599797022,0.0004753508783075233,-0.025480753585869653,-0.025277709785450186
2020-09-22,0.0187349055609749,-0.029218882035521254,-0.017405981994248254,0.012048222198293157,0.005173171680749267,-0.004947232259328915,0.006243622220954759,-0.004846314367596194,0.008197247153247655,0.0,0.005696276217515006
2020-09-23,-0.04505083131339516,-0.015178893397855941,0.010827271431373742,0.017612542531912023,0.01898441657966199,-0.035425821606798746,-0.015339517118043933,-0.021606497297661065,-0.02285979792928361,-0.013813660976409459,-0.019078973409912492
2020-09-24,0.020495286193568996,0.01722101179273139,-0.005733529225727341,-0.012339802813927103,-0.018406371074349948,-0.0032215645725587327,0.011202446455748749,0.003718800733685912,0.008742752089225814,0.006842892661562017,0.0028870889116614507
2020-09-25,0.028006093847265046,-0.03694930764116011,-0.010125093294500953,-0.003082986092840745,0.00480225748666574,-0.006140830152578047,0.01644470418242361,-0.0028499771605223767,0.011595916582020527,0.01046855115131251,0.009242523245323042
2020-09-28,0.03878607033849213,-0.008086716785958181,0.026401170580473643,0.024739638695607802,0.006372277535037885,0.0063412701461798004,0.0025542650726069205,0.01006056066236427,0.02540757832326057,0.028284712748561258,0.011109467723434019
2020-09-29,-0.015415581933937994,0.03988823747913228,-0.020749673591580753,0.01095954136710775,0.004748888191401512,-0.05170451899406081,-0.0003398491391662928,0.008432402483858015,0.005301579943460144,0.006876705755214596,-0.004751217037595512
2020-09-30,-0.004287444508625504,0.026490687638470067,-0.016566710714197574,-0.011154712832306957,-0.011141039269162656,0.016186774530414505,0.009006112695185475,-0.006004867330144381,-0.0014903712702821759,0.001747182987438478,0.006862508036546977
2020-10-01,0.022080395356449012,0.013326006113675737,0.0019603576776319187,0.021289974672803913,0.0018208804049164584,0.01592887190541048,0.010104412669428076,0.008920516455577454,0.02468432903505624,0.012684197948989784,-0.00933474643783494
2020-10-02,-0.04737805725500499,0.015480472343963214,0.0052210999306212535,-0.00466705831585712,-0.008292569182325238,0.025251480851406605,0.01183712413223681,-0.0008953758525005462,-0.029972052462802434,0.002505229294573974,-0.002991314249607968
2020-10-05,0.062207204228428514,-0.01598147415565876,0.01090565803305421,0.001093767976372284,0.012600169956000773,0.026883600477162428,0.012522752693901129,0.004872915921881216,0.034074648294118326,0.027643225737826738,0.02205232049565775
2020-10-06,0.0037497402975001926,0.0438472707245281,0.016072012029716864,-0.00952364783548798,-0.00803173180534189,-0.03370429718885437,0.008462155401350424,-0.011760774579356315,-0.008768621701761625,-0.010942249650647384,-0.008366454689984093
2020-10-07,0.027312709455348916,0.03862695628318069,0.007393878005452992,0.004571344651008502,-0.00957924549385536,0.04542497112970412,0.00613208251089481,-0.0004512229536247636,0.021410898830177105,0.029809509509441057,0.009621042222330844
2020-10-08,0.01582059180632478,0.014659487485900957,0.00920404911770234,0.011140812900634733,0.011744483483032697,0.049193052355752,0.018283838344958392,0.0035549310375408982,0.012246204023556917,0.004625601270301427,0.013047892716149256
2020-10-09,0.017783503841670045,0.03466035331100903,-0.001718490845608267,0.01831174925861956,0.032889632736128105,-0.021890199195223503,-0.0001573819711597757,0.018161347296547614,0.017166237859513434,0.007871870022108984,0.008683099837849761
2020-10-12,0.027297981628882972,0.01822747965191751,0.002032137684539581,0.023773117874070326,0.023248025950071805,-0.008165611443843201,0.0063011021172521,-0.002871682500567352,0.017626627647969073,0.007367971267221662,0.0070302285775247775
2020-10-13,-0.0013207580875044256,0.002906713708721087,0.0026265270372440863,0.024858576006154154,0.0034456189336475873,-0.046501105624221495,-0.0068880375060415,-0.015728823528417535,-0.0030009399510197987,-0.006875609915505065,-0.009118136084253381
2020-10-14,-0.003653463460695505,0.0029140234833546774,0.004971993383917406,-0.009731329151157597,-0.01813483975068031,-0.005276741909986393,-0.0012609015147173608,0.003094772946095059,-0.005280706672081026,0.0051556359920823525,-0.0012940282907271117
2020-10-15,-0.0016151063606130167,-0.0006271794508587725,0.01587656084544742,-0.0346142416250258,-0.022623149456696634,0.026523111387900533,-0.0006313178958652355,0.003646120384284801,-0.003875293187951323,-0.0024913690631230834,-0.001151737750768267
2020-10-16,-0.0010280531156005024,-0.013588825860365472,0.012307307868895334,0.004557960173520392,0.011070106442176986,-0.026620633793222215,0.01073897033809712,-0.0034652086045857677,-0.006235376934245029,0.005876336759792045,0.0010088070607081612
2020-10-19,-0.006465226314578465,0.007165001652641001,0.002143263174238852,-0.0030249502685913976,-0.002101258098892278,-0.0017697285233845284,-0.008437459095737121,0.0005047466985432791,-0.00493387753160901,-0.007010172597033515,-0.008495164649644171
2020-10-20,-0.010998489111792575,0.023284022474221233,-0.016033852946658267,-0.010466937566452339,-0.0003325043095914193,-0.007413205721544136,0.005988176340909979,0.0048209014703402,0.0008084818131703919,0.007059662046456028,0.0011617731860396052
2020-10-21,-0.001461739346603208,0.0017269037446863145,6.467819218425319e-06,-0.005059439437152702,-0.01031022290386241,-0.002760415020066631,-0.0026630155432315616,0.007531414803434444,-0.0064082228826070065,-0.017233508129428476,0.0007251393492009317
2020-10-22,-0.004448355548448579,-0.019296092227894857,0.0005388356780731129,-0.013559290106963773,-0.005041045307356273,0.0579616429299854,0.014135315865024145,-0.009800687777642758,-0.00037944100898179567,0.007876067263665076,0.002319231453657755
2020-10-23,-0.005962176141473652,-0.030662500969918183,0.003316392995619699,-0.01093406385219109,0.00258961604715946,-0.000615534105232296,0.0027878683293924844,-0.001062475196895396,-0.002385521539626456,0.004276197367427237,0.002313865065019405
2020-10-26,-0.03681651737399205,0.009509862954942161,0.04554259478618494,-0.023057441847302407,-0.014149536079960834,-0.040960717962587045,-0.0003088477817964064,-0.0005037860400700644,-0.021412935289128465,-0.024519558685546228,-0.015582172141367368
2020-10-27,0.003314428817572157,-0.0006936819787067838,-0.006285562017642521,0.00048522371569648115,-0.018680955195241933,-0.020713137394141823,-0.0007725322247339461,0.0026323226696718383,-0.0034434311359945458,-0.01459951029745199,-0.004983254414790195
2020-10-28,-0.04481402391477951,-0.028061264784307483,0.0037881080578185955,-0.001292886514692504,-0.02147417731176693,-0.04066222823132837,-0.029066321119282312,-0.01614344386479838,-0.032267037748544,-0.025202494205129877,-0.023420218644026436
2020-10-29,0.03672362633858306,-0.03544841004066501,0.022463554424092536,0.019252783913475513,0.008422362617153123,0.04460772024014492,0.002707116967839429,-0.004144728133141373,0.02470487620887485,0.013945583613686141,0.013423913917801844
2020-10-30,-0.0174138631554851,-0.018614000258281416,0.001011312621467475,-0.009523965152737679,-0.03411367588150871,-0.04630240109842787,-0.009369450844841642,0.004561020978312902,-0.016803496400248807,-0.01112656510727661,-0.01205538565208375
2020-11-02,0.0008425397498721399,0.05142093080561816,0.04935449610063536,0.009491497670458982,0.014980082258837957,0.025390423854805055,0.021962060555035468,0.009704919089013941,0.007773683094309813,0.0296920546430115,0.021843914251884033
2020-11-03,0.024946180692429598,0.008607232568843548,0.0003434902443169019,0.014820690744943521,0.0006000167281394742,0.05738655294196038,0.014431340547482296,0.005676996717700833,0.0208156615056847,0.015783788781247754,0.003095963905901389
2020-11-04,0.033411262949724074,0.021034233876301656,0.0105013416035038,0.013348004412194081,0.0631968422744682,-0.033544316476053604,-0.014999079564996576,-0.0005588578456844351,0.03667068122842765,-0.013894923627321254,0.009553361108898262
2020-11-05,0.07029214842606968,-0.02629361586790946,-0.010163301170869499,0.03905159891805643,0.01894888358861646,0.022265757573600276,0.008948137585166327,0.022983923404670703,0.03971493961372641,0.04363660935152747,0.02533110180893794
2020-11-06,0.02280119857057472,0.02181498632528278,-0.0070982303218113385,0.011931491643415226,-0.01405808799552788,-0.053491396508067335,-0.0021784319375136585,0.0014213621387162423,0.015516258830926333,0.00450081026783411,0.0018457356860754892
2020-11-09,-0.00858763687824804,0.003502994062496434,0.005665002866396929,0.045541724956302154,-0.03469172984376745,0.19864631957145829,0.018556182372861274,-0.04427097823171633,-0.01091361032496374,0.02182346273003999,0.011621272888284961
2020-11-10,-0.04353933898932516,-0.0027808049724171724,0.01665152569278905,-0.03946988231352666,-0.019306945946713783,0.014963360788433189,0.01439062765241994,0.0033127817282887495,-0.030946912286008654,-0.00311158593520644,0.008685997141383739
2020-11-11,0.05539735863931172,0.0361937550433038,0.009234397825893748,0.029498165465372317,0.01292698681097093,-0.0592489167181266,0.0037731291386466914,-0.004326595410341194,0.03516563108015869,0.008938382647375231,0.008333363062016375
2020-11-12,-0.005067934358360615,0.03691172992680136,0.026214829828029584,0.006129489987327208,0.00784465284778646,-0.03356003739803526,-0.016087841864350527,0.006060679556170845,-0.01079486324635015,-0.011250014059961178,-0.012396887987382366
2020-11-13,0.006683273071324436,-0.00020453870158199106,0.0033335727293206663,-0.00028342542464998566,-0.003252803185542441,0.07220440257940308,0.009932716833503275,0.006819714153532219,0.014739987694904366,0.013369497358884042,0.01562076870597795
2020-11-16,0.03841948548922991,0.02771769907753896,-0.0026519664633923856,0.015022899382064692,-0.013286815191196455,0.077471984841607,0.010137682341562204,-5.650127239831271e-05,0.028134527942712984,0.01670170497067658,0.01881356372985543
2020-11-17,-0.01527220158583098,0.017930008065190073,0.05700080064042812,0.0026525028022703623,-0.005787783232204857,0.045285976951613405,-0.019622592500218472,-0.0036691725592956637,-0.01150107013445234,0.0016563295242550957,-0.0014827328054222155
2020-11-18,-0.011614910075591234,-0.0004807225826415351,0.014834557692879002,-0.00389883121642709,-0.0015443165716532148,-0.003420608824498017,-0.01955692511116569,-0.005722348480656891,-0.004964969947862885,0.0026188439629968308,-0.008774207318914984
2020-11-19,0.017199072702382523,-0.019274763052908095,-0.011858458750875767,-0.00615129141008286,0.004164395190786818,0.0013984733308347597,-0.009973513818424928,-0.0018804594035273237,0.013053930449912654,0.007560151043102259,0.0043578755925646195
2020-11-20,-0.00444431641541343,-0.035934439478494284,-0.012200966449207096,0.016035923700454813,0.01173124282142135,-0.02564107073006705,0.0001577799466800922,0.0030257979459697992,-0.005074667599069493,0.0009547367485911451,0.004338848853848942
2020-11-23,0.033237615508645346,0.030003893424945582,-0.016319828466636932,-0.010798956868418808,-0.012883520182362829,0.056539956625882626,0.00015697409047144006,-0.0196938167555728,0.015401588328637583,0.015538049534649101,0.010935621026052722
2020-11-24,0.022702511067040687,0.015126890668650805,0.019500425476482564,0.004618814582600939,-0.02040817826158914,0.06510466043412921,0.010700318257430785,-0.015328336846880064,0.0031517449705358302,0.020668205957955044,0.015625118095943913
2020-11-25,0.009078904683181621,-0.004754064035523364,-0.004645066937542963,-0.01086638847954946,-0.003391488980432067,-0.019217457709163943,0.0026469164340099383,-0.0004717367343725076,-4.9132592073841685e-05,-0.000789012090359309,-0.0053912271914132726
2020-11-30,0.01213921849648636,-0.010206478662067253,0.015238185048737085,-0.006823921788078002,0.0010733297859315538,-0.0522239970400602,-0.014429217373388759,-0.006674981596057172,0.010609352696918428,-0.013983636520475295,-0.013417359529250494
2020-12-01,0.03814924227200178,-0.01622397123980579,-0.013199288975383694,0.024735330292363633,-0.006433237860026142,0.029060434973176452,0.007001747529478131,0.0210595460814611,0.018167862857378925,0.007952438281225715,0.012799952448297347
2020-12-02,0.0008057811737631759,-0.029813108057160642,-0.020605415635315927,-0.004693651300911594,0.008752936354124774,0.018215176004640288,0.006637469225595272,0.00752153069206285,0.00400192804715882,-0.006574498751040658,-0.006845797783090801
2020-12-03,0.0038375943026853765,-0.007423207196108894,0.0027328053443251843,0.00552384322834798,-0.018542575972304576,0.058230079108081645,-0.010361180324450991,0.007873502810363364,-0.00037516120904390604,-0.002647588516108912,0.0
2020-12-04,0.051265666129756804,0.0059086373139281,0.013050807162771516,0.013801765315710757,0.005449925992311755,0.03846168958965657,-0.009993641177803325,-0.002835427586930339,0.029178468213621134,0.0128734656581595,0.011797585844928404
2020-12-07,-0.004496525065618817,0.00836485577877677,0.00867606441106572,0.022468874650179993,0.009395246097643417,0.007975577170301396,0.005608100020296991,0.014914066598165077,0.005697803548233793,0.0005239001801311538,-0.0052406122237833586
2020-12-08,0.002728377267720461,-0.023872115853965425,-0.012679483737853436,-0.005299882000219691,0.006085968367843586,-0.006286798781980685,-0.003027554628600604,0.003487910186290799,0.0013142301170929738,0.008512279391265087,0.000922185205108228
2020-12-09,-0.051878365192758014,-0.01593348581850529,0.013875892846424875,-0.003768841186494898,0.02467105545060022,0.021597013841581303,-0.0017579544138764946,-0.017094017094017144,-0.0309599551521903,-0.006362348243123206,0.0
2020-12-10,-0.00038867096158490266,-0.0005962695742340873,-0.007989339717401234,-0.01656647408509815,-0.014816835622406765,0.010463315656722427,-0.005123245711759927,-0.001913054093070632,0.0007473784613132306,0.0031360291443134347,-0.0019738485969108543
2020-12-11,-0.009530858036873702,0.04273262378621645,-0.007649628240417927,-0.00822399967352938,0.0015274222501893142,-0.003275459935061731,0.0016092453019214137,0.0018586706605219216,-0.008121375151623922,0.001563217858490562,0.0003954586424874673
2020-12-14,0.02656444023757909,-0.015194611862768714,-0.013328873733691626,0.005751182039784641,0.0011732041874985555,-0.00773891923393899,-0.00514142730272138,-0.005507636250083436,0.010211198912148722,0.003122081488544204,0.0001319586833918862
2020-12-15,0.024431791494957444,0.0344167433935898,0.020966179817562436,0.016887934883202504,-0.005976225078971331,0.020619699372657063,0.019702810962340056,0.013990959829817351,0.015697844378985026,0.01867188184224644,0.015285224332861835
2020-12-16,-0.014197539767833334,0.033025865621050476,0.015237490510791485,0.0077156696161553295,0.042084355442417065,-0.012247452979003537,-0.011561501443365763,0.005519095329445722,-0.0004128018241134068,-0.0028001663562912116,0.0007788252643592397
2020-12-17,-0.007194370610368539,0.01858683886858037,0.014624975166051879,0.013495876844395127,-0.010294030304664914,0.021619478067729236,0.006729705567882105,0.010520363984510617,-0.00022937254584276534,0.006382316056960935,0.008688796681435074
2020-12-18,-0.009496786061518048,-0.013909237887832493,0.02232695235183413,-0.002432916103335847,0.020459360136223292,-0.011825875743598058,-0.008594721252235149,-0.0016974258370123785,-0.0034418135765341695,0.0006341225569936881,0.0010285382420771594
2020-12-21,-0.01301290180310355,0.049929908131079115,0.04632317363299543,-0.022975041136305663,-0.020721405914993274,-0.006508525417739275,-0.012109765114936777,-0.003173869592184575,-0.005044877834849637,-0.0025348828016108493,-0.005376496798234487
2020-12-22,0.003113087553192173,0.04684564199188035,-0.02365238682967208,0.028376265108977394,-0.011780694071001019,-0.031276503124893495,-0.001966524294950589,-0.007903112071065643,-0.0017711164872071805,0.005209962173769123,-0.00339458090327871
2020-12-23,-0.013552764792577054,0.030781541066693174,-0.010368820679744761,-0.002938004839086017,-0.013888954151956234,0.03163202388792419,-0.001970325678880558,0.00664787877129025,-0.0074699493846115406,0.011883913318011086,0.005371399587363879
2020-12-29,-0.004680799187931739,-0.0034173411546342125,-0.003917591808665688,-0.0013860008823308734,-0.004407822606032674,-0.015488588938907033,-0.00016269331654983343,0.003642361648136694,-0.00251824827956737,-0.006227399936982736,-0.0003892559108320537
2020-12-30,0.03604025923709031,0.0074149661220555,-0.01479629664165405,0.0055515364534182154,-0.00582553694184762,0.02226048200239572,0.005043149125701252,0.007655178894261816,0.018466648594905877,0.01265797325065976,0.007272593071409705
2021-01-05,0.03234339052006918,-0.018223549009137918,0.013017583229873564,0.0015998992775800858,-0.020900612041904187,0.0012434424382095077,-0.00016357841356307024,0.0029616260665272787,0.017499735031050845,0.016371012266257035,0.018114051740083514
2021-01-06,-0.0009725171066133909,-0.013197208609957212,0.011670345300915264,-0.009953370575544684,-0.01403475882665628,0.0636513655344293,0.024873110826878042,-0.01624105266038789,-0.0030536153845719394,0.041610771277642566,0.027129410550277955
2021-01-07,0.061634322942157205,0.012103841972098905,-0.006490905699315208,0.0026066143535303787,0.009688937785005347,0.02656415186734562,-0.01309260583396843,-0.00233462025122122,0.041259404248374265,0.022492881694509137,0.013759172067300263
2021-01-08,0.00958044587935647,-0.025688878203732113,0.04325006108593277,0.03008165851324618,0.008529835552394394,-0.014502358736084853,0.008412857942158736,-0.03420993723985433,-0.003590398139145523,-0.0009166791249775041,-0.0016965794274769186
2021-01-11,0.02124055180137674,-0.046485230516447706,0.006863008132107273,-0.002764242809991546,0.011394290681479013,0.005867047879075438,-0.009305376582543046,-0.0019614419353504164,0.014977837680510753,-0.008142078478727277,-0.0033989254018662596
2021-01-12,0.00448675521759756,-0.042285779998560535,-0.03448473510205308,0.009761607361962188,-0.010452971418885015,0.04025628258376712,-0.005344100448514744,0.006473960214956609,0.00466235793248293,0.007746529959247628,0.008526293741045965
2021-01-13,0.007287524853458738,-0.02434120630311165,-0.02236185818738845,0.008354122191056357,0.016314651922674894,-0.03630855116261533,0.019537536023595203,-0.004307374345463466,-0.005407088691466777,-0.008604553602639231,-0.003019346091921782
2021-01-14,0.0346832677938389,0.048072679490339665,-0.03475595118217911,0.05894187333422396,0.00993171050045727,-0.034433300886346,-0.003832555678140226,-0.0005190998467168306,0.024870550522372303,0.004628607773205173,0.005087784175221044
2021-01-15,-0.02943616651446601,-0.00528316952726815,-0.003438981273177766,-0.025706922457852333,0.012350052444759951,-0.0093847395782094,0.00977874112879884,-0.012407628760563338,-0.01946370486755189,-0.030065548916436313,-0.010003665775892845
2021-01-20,-0.0018708575877072198,-0.012807463475080105,0.04210302211245476,0.030120383182241417,-0.011809210299356554,0.01962590481516835,0.005896466760809904,0.016282289539807593,-0.004159446103201403,0.008107028428561813,0.009449946135338338
2021-01-21,0.023536495154604875,0.033513820751996715,0.01593004345106319,0.038397964789477435,0.0007891225216669628,0.0015115607366804618,-0.005861902249043371,-0.0006271772092728556,0.015466712070600241,0.007109905678422068,-0.0009603426641530133
2021-01-22,-0.02190412054056201,0.06169024645503218,0.014224810724933645,-0.01625758727589266,0.0014642912539644115,-0.015999027320597325,0.0014342487246350455,-0.007873145210082533,-0.018815001097421624,-0.0013890023084708325,-0.006607098945928369
2021-01-25,0.009275137536443268,-0.019789569172444232,-0.015195654971656314,-0.003348426232747337,0.011586128041169985,-0.019838593668457527,0.020051009163653655,0.0008626173693986328,0.003943056231501485,-0.012052427653751807,-0.007739815886481871
2021-01-26,-0.016731274649391503,-0.00871818690672499,-0.019717788674365466,-0.006069089634470837,-0.003447161354330208,-0.04517484976859065,-0.009984408216371699,-0.0024705999829396363,-0.017281228235433654,-0.011026255597722079,-0.010725179655575179
2021-01-27,-0.0793830768977074,-0.017895471797316098,-0.0027155768241804434,-0.039036046396635826,-0.023097424340041472,-0.07003923051973149,-0.026946120869527967,-0.006335623059913753,-0.04884314684171909,-0.03178780163378736,-0.029814004608510025
2021-01-28,0.031007953152087042,0.04852627325020342,0.003449186247915126,0.018949334838710197,-0.002741303780048665,0.042415632670758985,0.01198383918524537,0.0009273614616172043,0.020920936030149218,0.013598188607428341,0.020317523913582658
2021-01-29,-0.02331361606295279,-0.0026623289907113934,-0.03607737149156787,-0.021269455138703264,-0.02554108067572669,-0.03899904005085497,-0.005440951357220558,-0.0004053281700162614,-0.01823941017749331,-0.01837063100645242,-0.019166276561449758
2021-02-01,0.05280650673629994,-0.0053059176525329654,-0.005288666108081208,0.03515728123053763,0.019511018632594856,-0.03295810437235547,0.0048272474209922756,0.009385291185094458,0.03918630211613494,0.02474749836689738,0.016114656731620602
2021-02-02,0.01951909454389411,-0.010207239409410374,0.002387034705025881,0.005715747047970066,0.009914694705797755,0.03832647982906012,0.008166474362078402,-0.012167796413785958,0.013673669364621777,0.01597975148831532,0.013486697077034648
2021-02-03,-0.03658887195373828,0.0014945106954604714,-0.0032862308490457792,-0.0007650115210553476,0.027397310848590095,0.023244626763468723,-0.0031766670219190996,-0.0015106298641213156,-0.018809358997763592,0.003902729879535327,0.003942756188169527
2021-02-04,0.01049299151820482,-0.01738159701320585,-0.013033301252614038,0.005249819466695449,-0.011888963451785917,0.05719209707606643,0.007807600826526873,-0.021530474690833024,0.0115702047621411,-0.0042408598644759765,0.012641144260766568
2021-02-05,-0.01465193935258513,-0.0040072202443243166,-0.011270269132266031,0.0009791787311863587,-0.00955810534312529,0.027858570878067868,0.005375502614020755,0.009872160109213546,-0.007259447540171715,0.00449542739092923,0.011756221527607469
2021-02-08,0.058802498020168015,-0.02095149217201142,-0.0025045294575396504,0.015434794134353336,-0.007266000086717628,0.0005253726786640378,-0.0077056924792837656,0.010070118005137685,0.03341691417534376,0.012130537696215082,0.012937094748725286
2021-02-09,-0.00908509421311876,-0.025092222681783904,0.004193518556414366,0.005673353434207273,0.0018297559666955454,-0.015224575047752098,0.0014263640279499334,0.0032649110578624185,-0.002962117274300846,-0.001978210129438107,0.0026018079963665564
2021-02-10,0.004116880701672265,-0.01803320592885138,0.011615224848182892,-0.012027757970408226,-0.009589086290229476,0.022070480030335293,0.003956203618936893,0.0036611162023989507,0.0025582089383715534,-0.003614303087333237,-0.002595056158502307
2021-02-11,0.051936069920268224,0.0034358563251957186,0.025696805548610868,0.035229602259925,0.0364222498177198,0.019403279857282962,-0.00567452610567587,-0.008685078696598514,0.037041675712083055,0.010413998872519814,0.004020892674019949
2021-02-12,0.019109855879941406,-0.02767411926051755,-0.0020745922451079757,0.029763758959777897,0.023131860643313518,-0.016066429678093352,-0.007292505683508033,-0.0030372306060941767,0.010278989004001371,0.010307038844018734,0.009422778373161078
2021-02-17,-0.03236587089334575,-0.008650679582887122,0.011999570532591486,-0.03100947806222576,0.015247295385874882,-0.04232408416374156,0.0008073971332633878,-0.011352850687983307,-0.019365848767305405,-0.004140095343772243,-0.00313522723523052
2021-02-18,-0.006515139696019356,-0.02296553546837543,-0.006732911809819497,-0.006193637400102814,-0.013087270937695794,-0.025254480603767893,0.005970828228912151,-6.0088418961767864e-05,-0.010630786062662545,-0.01489610876512626,-0.008270211740490918
2021-02-19,0.039603430407837426,-0.02263169572783219,0.016531631324540497,0.02628023291379389,-0.010326153540529015,0.031727324450891325,-0.014918230624756168,0.004148551901348441,0.021610528113831018,0.014066386279844911,0.01562121822805862
2021-02-22,-0.06188637669077457,-0.017523014938111703,0.02215132016286958,-0.020850327580536065,-0.018561222946664957,0.037241792273895236,-0.01954078827051542,0.014969164015496528,-0.0365555524649831,-0.011328219021370045,0.005666675928219123
2021-02-23,-0.003544577394657522,0.010506028841947845,0.0287662960072399,-0.022327771333345514,-0.021486070462132023,-0.004308809345904163,0.008304167975817123,-0.0023007456922117253,-0.009608292490749348,-0.008885831012031997,-0.0026447714814651357
2021-02-24,0.04379965315706169,0.044367288934823224,0.04188425743439428,0.0011629060615867548,0.009720976970540862,0.0538844533295717,-0.01169485891741373,-0.0007095264939214196,0.03215942907898128,0.02453736471985013,0.011068828749684734
2021-02-25,-0.0901084626126486,0.021631907060705613,-0.01837958379411797,0.003168216490077702,0.003397714151660569,-0.023169550997781063,-0.008999983746871054,-0.018816524708764826,-0.05575538719866302,-0.02590690606619006,-0.02178129071354762
2021-02-26,0.03692720074121669,0.012654560324170339,-0.005099937152219458,-0.0202124803332987,-0.011287932218345453,0.0004005253660417374,-0.018500029378381244,-0.024182906697045592,0.0206284431476782,0.003546085093459439,-0.01165771510109137
2021-03-01,0.03537888552341273,-0.034197254503729235,0.004650955625683295,0.033523179218418075,0.024203634610725278,0.002500741445200738,0.022104473009461945,-0.0017304170540851649,0.030089284455539378,0.02579523505833503,0.02465206857432589
2021-03-02,-0.04337026463513882,0.014606445378218869,-0.002661318887803743,-0.019752620803507592,-0.0005573349723553278,0.018960222195119947,-0.0030177969100146917,0.005447934683729505,-0.03074137691679779,-0.010449009903969797,-0.005986043766012306
2021-03-03,-0.037332832356476775,0.02408710582739193,-0.01675039641914733,-0.01580237390107775,-0.020967972053550832,0.020957600006391575,-0.011770589863145275,-0.011021541189334294,-0.03150843569135664,-0.011255746107843634,-0.015286642497320924
2021-03-04,-0.09126252053381534,0.011439126293717905,-0.033440696724562624,-0.06120686892440774,-0.009455520524366712,-0.045083786513910096,-0.0008506726258404873,-0.009836893780889033,-0.04854286951238096,-0.031568942165027924,-0.019287260147311858
2021-03-05,0.05006167488617197,0.026066864756539854,-0.0009758060889510922,-0.016414212663176664,-0.017596224866054833,0.04861888080531451,0.016348633312213368,0.0006288110395962221,0.03207318991197594,0.01175467902777827,0.021345350326864132
2021-03-08,-0.0750733273489883,-0.00222438158067062,-0.018009380310056944,0.024273664893453395,0.020252861296364832,0.02260768426079185,0.014075051048378695,-0.010368190918767173,-0.05494115882532391,0.001078162325345522,0.005988142010750375
2021-03-09,0.08975728113001158,0.0011670257167295528,-0.0005716654717820013,0.02460971528642797,0.015146211828410694,-0.024543495369562573,0.013218819214512179,0.02127113294736649,0.059245155996274335,0.013280634058612462,0.008403307291533268
2021-03-10,-0.024563647585133297,-0.04277422936294517,-0.0141497715972565,-0.011453421914616402,0.015598387224483368,0.011812223059211924,0.006849343549255593,0.005098279923459348,-0.020302872809913275,0.013696861326789822,0.014583414728271071
2021-03-11,0.05331195981083314,-0.04989943389326512,-0.01847793868785741,0.027896413506748985,-0.0075679760760728465,-0.003606557209399952,-0.0025916235544519717,-0.000866011298261804,0.04202680342658627,0.01770523008814484,0.00969654818091481
2021-03-12,-0.017543971259348368,-0.016386829407216807,0.0011238615170048316,-0.021995911166239335,-0.013793960290371499,0.02209940255479048,0.013478566474337761,-0.00018572795011984056,-0.012488771540062116,0.0004579135792190936,0.0007908808490182384
2021-03-15,0.03497818121295038,-0.008191891272062213,0.0011445582414124633,0.01588901151263933,0.01580616941396662,0.010624336395885337,0.012818145654067026,0.004396503999798185,0.021568648819481062,0.00846600152432675,0.005531693741200883
2021-03-16,0.04640193007898308,-0.012717716113039734,0.012119036485791046,0.020817335669918835,0.014552967149444429,-0.022501022357587108,0.001265783100146578,0.0009248406787658592,0.010938274252143998,-0.01542818378970312,-0.009093972955236174
2021-03-17,0.021483781647099187,-0.008844021323496265,0.04515116699932609,-0.004963379953239699,-0.015778607495521846,-0.009433858834673181,-0.016274217008455216,0.00714498527693741,0.009394027330765553,0.005530475036947147,0.009517257676341595
2021-03-18,-0.0664152145188226,-0.003619573629941808,0.0033211539936208734,-0.00021684836752799974,-0.003026862449594714,0.00380942300786824,-0.003694132576501419,-0.005810023730399405,-0.0400515889226124,-0.020740331953244318,-0.009427533411610955
2021-03-19,0.029417163669994917,-0.005742755528089116,0.007171190573591613,0.007917516347448084,-0.008883220745528497,0.003605261868525167,0.00274054162656423,0.004183119739068708,0.011382907247982965,0.0023403612428403164,-0.002945836436366256
2021-03-22,0.02385718891486266,-0.0025680642007459564,-0.02118024777334604,0.028731460586896462,0.005672702085669057,-0.02183776221761413,-0.0014413930810255327,-0.0014702614866924923,0.023835983484586487,0.0040858103972714055,-0.004431956824749728
2021-03-23,-0.03682318600004297,0.0439898800538725,-0.028292203744810895,-0.011506391937124882,-0.02583486084125919,-0.08243927442078969,0.014922832999701319,-0.007300628474884996,-0.02503656347386196,-0.021392964574213802,-0.020431305722870996
2021-03-24,-0.019622671943571368,-0.04104735430786943,0.027342205017881538,0.0416931243774441,-0.02235090253973404,0.007899882294574834,0.00031947750454719426,0.0034608341081703298,-0.017148223393922857,-0.006415467102035777,-0.0027965997697578793
2021-03-25,-0.002993140807542205,-0.0004906450534318818,-0.020020617661466455,-0.0017269418622284372,0.00793648400073077,0.02675276426303097,0.01070468261051638,-0.003633653726877295,0.003664005973919693,0.00933225626873102,0.010282788765727302
2021-03-26,0.06426987623123526,-0.01676959204254147,-0.020257099331634998,0.05199975997662376,0.009413661041242749,0.037150286723487635,0.0033196798491095247,0.0028434090575977233,0.05015204579560728,0.014580672972362985,0.0170019935556045
2021-03-29,-0.03607317052199277,-0.008575317480789324,-0.0050052471187485015,-0.0007740671328553272,0.01888800014612979,-0.03866522731462785,0.010713806257574232,-0.011896005111092234,-0.016015560833267606,-0.009931114803042984,-0.00545878791404375
2021-03-30,-0.018666405076000703,-0.026109165947470037,-0.005832455895743105,-0.0003870541733753674,-0.0019695996473607646,0.022049560345187125,-0.009041431861248062,-0.017091823816998808,-0.0042898544436427155,0.008378376861751802,0.004230886713739501
2021-03-31,0.034061166557035394,-0.0002398520230878498,-0.015863203019087058,0.001355586579053547,-0.0022056661575051706,0.055733006255547224,0.007393531621975535,0.015167857324082767,0.02872228815391109,0.009947576819107073,-0.0012524656108812149
2021-04-07,0.002549303108438483,-0.017845685408313883,0.018150680187875023,-0.01575095997332343,-0.007681622603363247,-0.010856828102785099,-0.001230440432526625,-0.002818323186048577,-0.0022866932607374935,-0.010803009698540755,-0.006446266487819097
2021-04-08,0.021712191162810868,0.02941522479897296,0.013462320349970192,0.013526333379694222,0.015716749393103413,0.015638445772180987,-0.0007698872087890107,0.01075202788807239,0.014344926559166638,0.0058632925587864815,0.005463758295252585
2021-04-09,-0.0057697842768581475,0.034115796354088124,-0.009744993320456974,0.006578811828391595,0.011778258687226817,0.056809520560342275,-0.0010786725485021353,-0.00753747660190629,-0.002337577627973486,0.006856882632095385,0.0030566875447051167
2021-04-12,-0.006513188811056447,0.005892744895023894,-0.03501467782353729,-0.020727944006848298,-0.008445537479275123,0.02352941750053139,0.000925369361704842,-0.006063609158189043,-0.01159791503566443,-0.0012487445086116766,-0.0016928984281353587
2021-04-13,-0.0006398395654599875,-0.020010166027462528,-0.015423370859452556,0.002478867262408757,0.01392733507928523,-0.04252874916360283,0.011868187279445053,0.007086479573175097,-0.0019753842750886985,0.0029550268202047647,0.0048614386778100815
2021-04-14,-0.015025289089433347,-0.002235758498387752,0.00034636521246533825,0.008750292083831601,-0.00397331360672315,-0.005078998309298477,0.0044175945738984534,-0.004344315528953313,-0.00957996294169694,-0.0018131272495134354,0.007650721865750665
2021-04-15,0.023298827945409162,0.0016786806182846892,0.026026414738214543,-0.0007542053292584061,0.017779755832916466,-0.005104569053263508,0.01107042626433774,0.016162763416190717,0.01283022677346457,0.006697782389457396,0.0059178806087683
2021-04-16,0.002621115388273587,0.019334261760121763,-0.017079937835829062,0.012266417526543227,0.006158960176738892,-0.009516234277226254,0.008099690299299134,0.006047777218550321,-0.003906837887918124,0.009810739709434024,0.008324975221979392
2021-04-19,-0.04365659956695045,-0.03001288009169889,-0.0038509646472230097,-0.02647273557197105,0.000890446055389793,-0.02109810562209724,-0.00505874440765397,-0.0027652942409929215,-0.024761309600949022,-0.0102737053713704,-0.0033024020882381766
2021-04-20,-0.017621487517831658,-0.011170944725936383,0.014276434853289555,-0.019532883270650503,0.000778494298751875,-0.019532314211638813,0.012711196746760134,0.0035565515706876827,-0.014015254532792176,-0.011734296867462302,-0.011044924121785926
2021-04-21,0.04529721670083364,-0.019699013631544582,-0.042012844819657724,0.0408203631490931,0.017888801275447896,0.055446523270728854,-0.008416941937971156,0.009911155680072392,0.02636891969129307,0.01255849903843509,0.012508435497786463
2021-04-22,-0.03959122480955357,0.005981788562780865,0.018887410191506637,0.020266295862120254,0.0026197942479204706,-0.005021059669289563,-0.007148332157219106,-0.006483147356353358,-0.02211872773155865,0.0013531219312803433,-0.003639977864922428
2021-04-23,0.0370072856367627,0.006877948231041042,-0.017083667628851718,0.01912817318978899,-0.009472050446670655,0.02270843110073062,-0.001349704185281797,-0.003831414124593202,0.022988434510385902,0.015538695091564803,0.010959922453927406
2021-04-26,0.021940695952797018,-0.01865836991718095,0.009113884526259275,0.005233704059339317,-0.0015384973434906524,-0.008680711708795474,-0.005707549698977132,0.002644245538133694,0.017094826165198862,0.00188502643451538,0.005146570903118652
2021-04-27,-0.004653069922068931,-0.0390954082127547,0.008818030478632943,-0.007719868439918454,-0.0036329370855952003,0.027191543873583246,-0.007703786336735519,-0.002517371003141977,-0.005839293142182678,0.004869423839403364,0.00098055136594688
2021-04-28,-0.027192758460417354,0.03308266881731625,0.020540974950701063,-0.005247076829910213,0.00629759194282542,0.018485152712578667,-0.0013703802389466446,0.002944390689552989,-0.01599333497142219,-0.012445076908970454,0.007292197079203477
2021-04-29,0.011252167791316658,-0.04273221830652829,0.012094388627490904,-0.012731641913157454,-0.005160247540473728,0.004845788870261103,0.009146509852336893,-0.004133978948338446,0.009235733023477577,-0.00524134273792165,-0.00010811749301031792
2021-05-04,-0.03192393797580717,0.003138682025747741,0.001024360231336674,-0.04602818596153646,-0.012408217254958331,-0.0034291333015691317,-0.0037474330496278796,-0.007329692780131181,-0.012407279665514359,-0.018971929161246126,-0.001193412289428153
2021-05-05,0.013888434943073902,0.05180942722299253,-0.0006277500893393517,0.04961116690959999,0.0034961120286214342,0.009893227798154713,-0.01685232126540026,0.004142168530566259,0.004426663915651385,0.008978630349486982,0.004996247600035364
2021-05-06,0.01486479255712081,0.010754680892702817,0.014820076321827802,-0.01797970744392885,-0.007947756391358363,-0.013715110288971544,0.007652284248436558,0.01667957921247054,0.008226640781856531,0.003080326745068751,0.00756520815769357
2021-05-07,0.02925870611548187,-0.050084073326497114,0.019746678852029076,0.026613689923680406,0.017559289909379716,0.024961296064994754,0.003037789986036099,0.00899681760120985,0.01411271236141931,0.014217532444912528,0.016840017021146014
2021-05-10,-0.07746108738158886,0.009842147992226824,0.010040381091173778,-0.03346186589801725,0.00895162164518215,-0.030841742762270363,0.0101451874131957,0.0030305045955998366,-0.044335022436590155,-0.009980894341496516,-0.009493632941927066
2021-05-11,0.006320581182791107,0.04419101776286061,-0.002830793789808772,-0.020924699215199127,-0.005344721283394693,-0.027997720770267187,-0.012291942486467256,0.000174300035968189,0.001932969320276312,-0.015858582317384906,-0.008306694088169309
2021-05-12,-0.06415629285282864,-0.0026367273525377266,-0.03882400541633069,-0.021371589357634835,0.029231663967365096,-0.05224072799538071,-0.023372390195744774,-0.009933813872024522,-0.04124328989992143,-0.022444879257204953,-0.017074821068233548
2021-05-18,-0.03072113406932575,-0.04177704121026449,0.012372142195498315,0.007902803785752255,-0.015807097394775926,0.0016312240384595,-0.00015310040200744446,0.001946172546249958,-0.0055040365274570124,-0.005571202432176459,-0.006304856697847416
2021-05-19,0.017521453491094796,-0.012164474969184269,0.018042055270173885,-0.02658237657099738,-0.002573967773523811,-0.03437063697055309,-0.0016830036132200465,0.000685616890880425,0.01791091113009502,-0.0075463727786511114,-0.014947777789507621
2021-05-20,0.0423070230582121,0.024283465741115506,0.0030370717863688057,0.031237867430092603,0.015689611136882053,-0.02334437901562192,0.008735560130400444,0.004567270124640199,0.02483085601098245,0.01958553832745835,0.001965076298884094
2021-05-21,-0.001063630190174969,0.017633281438636184,-0.05837253572388845,0.0009525280499906863,0.0097560016773246,-0.007089179458831252,0.005165576307522013,0.0004545724551812125,-0.005054680421213709,0.0036156457960307975,0.003268578812324785
2021-05-26,-0.008476675249542986,0.009420396333685854,-0.00750991819108926,-0.009866566456827042,-0.00214609016782652,0.037275430408109766,0.000153337447740709,-0.0017420486873281904,0.0010203545847722317,0.005153271264490167,-0.0010829809813880376
2021-05-27,0.009748046543325728,-0.025004606899722503,-0.03867496047376473,0.003875043298796843,-0.014644064309897287,0.01976059194833879,-0.006743363558113669,0.00039409662496781017,0.004811477471263759,0.009585357643955295,0.0021682168444636662
2021-05-28,0.02759959290758185,-0.00948767350976143,0.021046225617545877,0.015257299662618573,0.0032218100437613195,-0.015519391469181576,0.0054005000328509745,0.003770176937892389,0.011199867669255736,0.001324799355938877,0.005192648353130602
2021-06-02,0.015371300616283667,0.00802936607731719,0.006664696337273623,0.007257950415293424,-0.0007267824402766854,-0.04118831805099776,0.0052499204147169465,0.004890446350902078,0.005867726436453058,-0.0014255525905271238,-0.0016067696099912876
2021-06-03,-0.03670654295383946,-0.019118698392492806,0.008267590136236125,-0.010268146421283375,0.012053237701169728,0.010785088397122777,0.005990975171593416,-0.019578228541437537,-0.017100859152381687,-0.005709908269238229,-0.0046131777388999096
2021-06-04,0.03685667091279643,-0.012862943023729034,0.010442160482449836,0.015835446762013206,0.009342924610139525,-0.004973437189660368,-0.0015271140026807961,0.010783359066451448,0.022276383835432734,0.012037423891598342,0.00991584120509259
2021-06-07,-0.007837231714273307,-0.0036781193984920524,0.015394216520782988,-0.00035832295238868994,0.012206114046930283,0.005634474442457238,0.0018352173503852764,0.0040076283608136976,-0.005089881190871615,-0.002182195179997737,-0.0005334014146165522
2021-06-08,-0.01052223257728091,0.0070689516131690056,0.04761138993456071,-0.001971654502345377,0.006934060577772128,0.020422877762626968,-0.008548252315507487,-0.0030920774052216604,-0.00823341903237873,0.006342840572250097,0.0006406255933739669
2021-06-09,-0.0028390893520812144,-0.0013526997373151106,0.025516746686548464,0.010057729528652803,0.011776550661010798,-0.018331548424310284,0.008929930755693372,-0.0019175027218333307,-0.0031030713130303367,-0.005216358399040333,-0.0021342965633837085
2021-06-10,0.010615504305146573,0.01664712086841247,-0.02559655133188765,0.015646909659486674,0.016965756338452875,-0.01921514094063359,0.006561687792943305,0.004294325821970535,0.01305748480937119,-0.0005459686497246707,-0.002031946078514424
2021-06-11,0.01563142848463328,0.0012013628053346714,0.008166300672780347,0.00420170887993665,0.0025219483161535994,0.039734997606956535,0.002274214657483009,-0.011252390785353672,0.003511455421240317,0.00251374388477954,-0.004179022888565975
2021-06-14,0.020746186501513497,-0.001612273455831259,0.021906113497061064,0.0071478488597269685,-0.0009675551877760258,-0.035916442589888686,0.0021176004710048435,-0.005860923791407013,0.013519965645553134,0.000654122637801402,-0.004304421131249514
2021-06-15,-0.010204936884044336,0.004872366445301202,0.024893564890568598,0.0013846635348371272,0.006197929821510462,0.0,0.0030188563411632785,-0.0037777095572453234,-0.008631627788740048,0.0030507817600817777,-0.002269469382870204
2021-06-16,-0.005218608842894157,0.02541374345017622,-0.006588359528002852,0.009853135407419833,-0.0007699690137766835,-0.0036703720194956047,-0.015048784565450557,-0.016891711518855712,-0.008429509325991513,-0.006082918049705177,-0.008340657841066301
2021-06-17,0.013398483232761382,0.003257856408312332,0.0190094528050766,0.009414574627099936,-0.008090969758697275,-0.030760682532081418,0.005500333098603871,-0.030740427140865334,0.011295266130201043,-0.010273382863995262,-0.012124418164316086
2021-06-18,-0.04060145486742839,0.01417157254030732,0.02148129248432129,-0.04392064531309259,-0.0007769795778924671,-0.03354244984805321,-0.025983815221405027,-0.005547261946798776,-0.025456000743804497,-0.013692350288144528,-0.015811511465133488
2021-06-21,0.012435761420421798,0.02915168739386842,0.05542192605207119,0.00869134847454478,0.0034987311337013605,0.02133535479359172,0.012954738732583015,0.012247646651096789,0.0026323398477354765,0.01768911668652251,0.01617775572857183
2021-06-22,0.0016149287975411042,-0.018147945157437784,-0.011351477704569013,0.011956685182017646,-0.005810624930539188,0.008182412029735575,-0.006053055666147222,-0.0041928539145718036,0.006543372551729876,0.0020901923218106244,0.006081001186439394
2021-06-23,0.020205299620096984,-0.020851871255821663,-0.008348919724024517,-0.008861808887573486,-0.00564970220120431,0.029026900419600876,-0.010618278478706555,-0.0006616578066259704,0.00505611397324901,-0.00010962698335037491,0.0013185622315667889
2021-06-24,0.02233099160569818,-0.026753939246213165,-0.0066762230632047,0.020511948841867245,0.006269375939108368,0.005010738827780692,-0.0009471154250680902,-0.0006019387497473438,0.01632994126678855,0.014205197313481577,0.0030729088159009432
2021-06-25,-0.00047678564922892797,-0.002529828345854579,-0.009402840087883724,-0.0010305381185465867,-0.005062094381345417,0.024005317950783978,0.01074261946933941,0.0033124733437563947,-0.003928419071731359,0.003911876294143024,0.0005470122962825119
2021-06-28,0.03999540844789151,-0.005435984163363328,-0.014395927005028675,0.008426575129002467,0.01545984049230742,-0.04183598561618451,0.006407999325125813,-5.999463986816611e-05,0.024255563738012187,0.006277546832385239,-0.003608533359347521
2021-06-29,0.0120642297076623,-0.0007312854050330886,-0.0456801427531317,0.005968297398210254,0.005588665045255015,-0.01195051514974188,-0.016151397705134518,-0.010505462725200698,0.008702204863364038,0.0007531319102767053,0.0004389734730552153
2021-06-30,0.01215535638520393,-0.03526176415269344,-0.012408378637310702,-0.017799422876029314,0.006899437268224506,0.02466647575084413,-0.0018943213896336353,0.004853503869870712,0.0010690785129146008,-0.004621716492318129,-0.0008776561828426344
2021-07-01,-0.03210876502665272,-0.014502330598491264,0.007142133988152555,-0.013980071300150554,0.006661443069181372,0.021470526632643594,0.010912620090071767,0.0034413575356286863,-0.014757593697541704,0.005506748393915739,0.009551985140390018
2021-07-02,0.011513294924169859,-0.008204147423838237,-0.008886028189315165,0.01347774961989101,0.0028361955446061238,-0.005095560938183197,0.0015643518303434245,0.006558341503640763,0.005534827040307055,0.002899543735330745,0.0019576903262432666
2021-07-07,-0.027904067284805545,-0.023167700288249327,0.02758097391319203,0.006379500617355038,0.01519132085985464,-0.028651876803537868,0.006533012902027124,0.003806801143447114,-0.013860996571460116,0.00021479698580595397,0.0035160326737460057
2021-07-08,-0.02179200130555936,0.008331286289359197,0.006207764813074501,-0.02809666459686022,0.0016626594753286206,-0.007518791972249583,-0.002936220076244722,-0.0006518168637834609,-0.013392186375663195,-0.011165665243155543,-0.012482215071059621
2021-07-09,0.023946216112405994,0.014262786331342925,0.019259325778155922,0.027851260013327606,0.004426586756838491,0.04943696509441464,0.0012397067261158412,0.003320562334123478,0.017056446262619263,0.019543639688047953,0.017186128235008313
2021-07-12,0.02565878332701521,0.0021486219092194947,0.007191420909782531,0.01474848882190205,0.0007343573046432184,-0.0029618264715288722,0.003250865847220785,-0.001241101031467462,0.013112821025893728,0.008200348602038776,0.0010899700230084797
2021-07-13,-0.01598197036884108,-0.0003721771779513494,0.02837398502693933,0.013351488307118853,0.0014678858869396905,-0.02840432390170744,-0.007560502648473744,0.001301782371024407,-0.0021507306552926986,-0.007077164245426593,-0.005008759398397511
2021-07-14,-0.0003216095444664724,0.024009973467153722,0.004854696112614576,0.015843967358504463,0.00146573435616415,-0.01261105406918106,0.008706438352936496,0.010755182911599048,-0.002193924128540914,-0.008723460361182767,-0.0016414905174921834
2021-07-15,-0.048789252784742665,0.012749816942230208,0.01102695736592918,-0.015760854225161935,0.0069518620968285205,-0.024189603995049325,0.011251440698891502,0.00017547964957964624,-0.02742632556236113,-0.008049138991342186,-0.0012056508239636221
2021-07-16,-0.03049557335165154,0.0320805708608467,0.0095328182797485,-0.01701450355352785,0.009811083363352235,-0.028259693171142075,0.010059515115496298,-0.00970365108457183,-0.020941507053739983,-0.01265782097486201,-0.010316112878082984
2021-07-19,-0.0003774046466612502,-0.002901902745433671,-0.00892716227905943,-0.020362957955611383,0.0007198646500605754,-0.04285734031189281,-0.015844254224776533,0.0011805498135817327,-0.00020259248299070443,-0.013368692236761515,-0.016189783663544288
2021-07-20,0.018560295492396683,0.033329713864644006,0.013198230129788158,0.0062358570359446475,-0.005753371354817793,0.06396608727366115,0.004293079757286877,-0.001297100524211059,0.012236580387049223,0.020879624592675672,0.015667197266762356
2021-07-21,0.04640383630938061,0.04967965394313256,0.04795705553438889,0.03133086964620313,0.012658316394585256,0.020040165467784643,-0.010992244223123726,-0.0037192566567244567,0.0287406892422144,0.017406516257798987,0.008989015517263832
2021-07-22,-0.019677131612583443,-0.02910964551422568,-0.0007028841612668479,0.03622084657583824,0.0008927940600291784,-0.004322372657728835,0.0015436519693261541,0.001955450591350383,-0.006031167036726681,0.0011761156312790622,-0.0005499949376219782
2021-07-23,0.011945673035405946,-0.03332572785390098,0.010024501785348416,0.028994938427746808,0.018554811181512587,0.00532754120275758,0.01279284929834601,-0.0031344183025339145,0.0072813645235501046,0.010146381222368328,0.006272748224302349
2021-07-26,-0.010789830276405454,-0.02662529174667383,0.027577025876668104,-0.0012528234049262732,-0.017341112955250648,0.01864576690850317,0.00030454865748152926,-0.0023730060647713103,-0.0011271473832297207,0.0006345285403703826,-0.0004373431123403382
2021-07-27,-0.022184428639895892,0.027278510857901672,0.024313131407383004,-0.023510538740688425,0.0021390923558644026,-0.014932649301469092,0.017191437562234402,0.0016650735799190741,-0.01766390409329477,-0.003592561464167976,-0.0018600867663630671
2021-07-28,0.030221388986377384,0.010695015313025191,0.0031908437738810136,0.031300370298635416,0.02241201423605088,-0.005965740740810466,-0.0076278672047839224,0.005046252863966982,0.017862745414363168,0.011558882846536722,0.0063576772291609185
2021-07-29,0.023041741343990285,-0.035461090384757865,-0.04713517524394628,0.0003110539646300481,-0.00504527845788183,0.017807986622278227,0.0027127725555495807,0.011105233370970247,0.018755657823984695,0.012579692655590113,0.006970789559160417
2021-07-30,0.011342068592993249,0.04150406399454165,0.002537372613713007,-0.005757034699029329,0.014163574115438227,0.011309653736522929,-0.008417359912434308,-0.007886842666167015,0.005080130402808081,-0.0012423991896348685,-0.007463426861127331
2021-08-02,0.013245722172781305,-0.03705752178505872,-0.04234978214582408,0.02143976206803022,0.0015516610940959907,-0.003154270594603381,0.007731043362259937,-0.0012366429443513294,0.007068333519200554,-0.003627873682808702,-0.004577214380189765
2021-08-03,0.016644997846094967,-0.050196089491921114,0.02819727367878322,-0.0026044527740975987,0.0037870990489492495,0.048614630799934666,0.005715956602577288,-0.0007074766626713469,0.009056508463415325,0.022263937338552475,0.015436899903950696
2021-08-04,0.025485095343883213,-0.00983316562001213,0.005696875766447729,0.029339542693869625,0.04784752145076321,-0.03273607885867513,-0.0014956951236002602,0.0002359625041987723,0.01091991108524426,-0.0027481940818298023,-0.012398902513389931
2021-08-05,0.0017199387218487239,0.043023731566802725,0.02191990981680081,0.0037307475362817755,0.051882416605465664,0.029778839417515135,0.01093452714119758,-0.0039520921003340925,-0.0011096679338779003,-0.0018368505355472742,-0.005021882543658429
2021-08-06,-0.01241480192934541,-0.014031264251423425,-0.014821680529116699,-0.00981244746470833,-0.0245838239507018,0.012026086843476724,-0.0005926411826605582,-0.024991124040327772,-0.005369993870651846,-0.0003067051274020516,0.0044984673313348544
2021-08-09,0.0001760305928135697,0.02530581172184898,-0.03053591353540175,0.007507235898694287,0.015792002877000888,-0.01977497547623508,-0.0002963003414182541,-0.017735654639032372,-0.0030157545095490512,0.0017385563109200142,0.0017477409923285503
2021-08-10,-0.022609725001130676,0.03919115835611553,0.0028601506446372937,0.004917779987756665,-0.005967426721206315,0.02702197989018562,0.001037946636409215,0.00030919522248562537,-0.012810178790880977,0.010515869307381243,0.01079491031893931
2021-08-11,-0.013023563552918449,-0.036283024216429594,-0.0019728535880227938,-0.008304650577784511,0.005529157482138336,0.02586051939485201,0.009333400347516507,0.01378497662510525,-0.0026480779436507396,0.005152272358895482,0.005393783642058114
2021-08-12,-0.003473656931099356,-0.009765233173328558,-0.0061058989085676085,0.0008974605021803139,0.011311938817245348,0.003688994215544028,0.0010276057323197474,0.0002438615008097944,-0.01092454805613452,0.0006033749774521091,0.0017167066322991698
2021-08-13,0.006303899877415864,-0.05222074532891774,0.0022917802929864894,-0.005528422460664095,0.00543724818646818,0.020565358782479892,0.007037784500426136,0.014325811995228088,0.006519807698211366,-0.0019085673476567644,0.003106359754608823
2021-08-16,-0.010173688659077307,0.01953132687726855,0.053105814567039555,-0.001502445999755575,0.008078316223837367,-0.032755980464647005,0.006115554462974293,0.004988291568599701,-0.004305660101945663,-0.0035225134007520476,-0.004271327696772187
2021-08-17,-0.026103322910720372,0.01855283801894636,0.020987323858567386,0.00015059568961661718,0.02018815930338369,-0.05407802277352902,0.0005788327777738189,-0.0014950364679763295,-0.01894233389981359,-0.014140185852498988,-0.009651435908967332
2021-08-18,-0.009236902063834207,0.008167959360896537,0.02158742947453085,0.0028584834816789417,0.011178228882066987,-0.005341932743869404,-0.005062334776328115,0.0007786122169375354,-0.012911022252948046,-0.002663666819538224,-0.0077964697317998155
2021-08-19,0.032057881994469906,-0.042442005578452235,0.015966740056399864,-0.003300287948253877,0.001344523511918716,-0.0069725992390337055,0.004070602021760905,-0.002932408589264246,0.008772630318124364,-0.0017464003639124925,-0.014733107101966403
2021-08-20,0.0017821052855349073,-0.024160717704223567,0.03160607951851757,0.01234188347602072,0.015366238622794404,-0.007970243217950479,0.012451074788609962,0.0005401616803368814,0.004308989793671003,0.0033960409570752415,0.0018828766769192207
2021-08-23,0.04131557779349171,0.04642795801432409,-0.00038349522442293615,0.020368537149518362,-0.00910970904270647,0.024581320107713633,-0.012870103688541357,0.012177557387281546,0.028746351561209416,0.015177800086513926,0.007407581596500679
2021-08-24,-0.011419586636595924,0.03535736757309049,-0.038762689441033005,-0.004225368901441318,-0.022983396726546146,0.03267356488705753,-0.00651888759823982,-0.00047414113127741686,0.0006824215309151338,0.002727765764511725,0.006035908880636542
2021-08-25,0.025068274144010916,0.0341626890087412,-0.007466822893978486,0.0073162832660034205,-0.007740243817987547,-0.0015368147810844723,0.0018956955626128202,-0.006937433805443538,0.010874117032136477,-0.0009069974872318864,0.01003600249272596
2021-08-26,-0.01929205826815228,-0.028510597533875637,0.012425792137271019,-0.00014511062154975995,0.005812319652287012,-0.04228157110240538,-0.0024744193085245447,0.0011344784228162208,0.0015366841338984027,-0.007764410927727838,-0.0050760722608587105
2021-08-27,0.03268836364677319,-0.006358371251876105,-0.016558712792001384,0.022083043549718573,-0.01916068536771398,0.029211697571592365,-0.00029197395607738486,0.015029547921398434,0.01807585940226608,0.008130198065046779,0.008250143583178104
2021-08-30,0.007145359323758482,0.0062190762419847,-0.003970820133167741,0.00867111205835669,-0.0012402968382372315,-0.019932131346197313,0.001459781733630594,-0.0049356385559711224,0.0031611198788319417,0.0034274196159489456,0.002476198299463217
2021-08-31,-0.016138352898671493,0.010257254660936299,-0.015029934714667847,-0.007187015887884174,-0.02561304704301426,-0.01790045164793508,-0.0011660203686293391,0.0020076547129428413,-0.007585094020151728,-0.005425145010279131,-0.0030072331374229044
2021-09-01,-0.007960597964362104,-0.01196299801887657,0.029589482971048353,0.013768660521215503,0.006213038240004076,0.15068215973206267,0.013131178331546867,5.8898619200498104e-05,-0.0015506326504565182,0.004242582820313423,0.001508244696862615
2021-09-02,0.004871368472759041,0.047740811828342444,0.01839037769745877,0.011201119378142277,0.005224716567488796,-0.0069663242204037745,0.009072645310385541,-0.0026517204262498373,0.0024405259913924393,0.006135399411545617,0.010971218023885898
2021-09-03,0.01481026553946796,0.04612210114280235,0.015831585232521705,-0.0005538079562503739,-0.008347523527975298,-0.03808241927792677,-0.008277579155506087,0.01069422486613747,0.008189889687176377,-0.0020992881749839487,0.0009575998216730941
2021-09-08,-0.024525501583382292,0.022199565808014077,0.0023467426375476386,-0.010682075986948036,-0.00298181641760642,-0.03664588884431852,0.017938132843487553,-0.0025044029033459703,-0.013199844494698354,-0.007985511052903127,-0.003539637296630427
2021-09-09,-0.006022785672323838,0.0062238442958446605,-0.023525964973974967,-0.0013842249667258555,-0.008342373144271109,0.020355466420129753,-0.005444522029253385,0.004423489287242344,0.004124287248601366,0.001018967323172637,-0.0066738590856260105
2021-09-10,-0.007259801093514429,-0.03595681153396746,-0.044541428677634665,0.014832340045519699,-0.003968157456899268,-0.01489444301406706,-0.01397266257376839,-0.005058656845151166,0.007548952969766987,-0.006819820980312308,0.00151714057168717
2021-09-13,0.021333191339162116,-0.001265379867715799,-0.0028825270382749624,0.003961117252615054,0.0035058302499195726,0.019334771311109167,-0.0017531170190161482,0.0033497597913456634,0.007492277729132635,0.004919434254773591,0.0011901267834897311
2021-09-14,0.0007188864397444927,0.008816004721604598,0.006548564802962176,0.02503394934167802,0.002699829972989898,-0.019327726731975914,-0.003366020525103597,0.006438546534438316,0.000656184003946958,-0.001733768755981857,-0.0077811176536445315
2021-09-15,0.004905968601250921,-0.003767937242868946,0.02729318622564403,-0.011016600697702494,0.00791893091225604,0.008066775990240416,-0.0013215953940909353,-0.005864266379652205,0.0034972767257734905,0.006845149223120961,0.014486336192588878
2021-09-16,0.008968885408100258,0.022177768387888097,0.032686455464951525,0.004026246125706345,0.014613344047098797,0.0020007309232461523,-0.008381180692375922,-0.02264197706190263,0.0014519488954181092,-0.006291166286069072,-0.00161047240678025
2021-09-17,-0.029958405764389462,-0.010812925423633879,0.03173326571992274,-0.02299167557510584,-0.003561934901913033,-0.0019057276317445693,-0.015421139787414773,-0.0015850424237688898,-0.01761749481221353,-0.011028508625923084,-0.01032368639744441
2021-09-20,-0.03936416604945048,0.04771854181910906,-0.02351158164152678,-0.018333481840048016,-0.013988349860864502,-0.03236972554599238,-0.0018359073836879958,0.0071441542310690664,-0.024354335449840114,-0.023334862161697,-0.015212432091534
2021-09-21,0.009976076688328783,-0.014590051839575402,-0.008106875344518372,0.019791014187262812,0.022698475337696866,-0.008738880413436512,-0.0027365234777626535,0.006669036185550814,0.0021180681743155905,0.004862874329269795,0.004634189492391361
2021-09-22,0.04048214767932401,-0.021679177644289394,0.009431960958175667,0.009566680263683125,-0.009556002169771038,0.01962269778278869,-0.0006095331951617711,-0.0037340107339023376,0.01804049121265905,0.01283555321268981,0.009445423055552293
2021-09-23,0.011893166434874036,-0.017275965967449625,0.05322876793210374,0.020441135946475786,0.00638041911001852,0.038490258764535934,-0.005338669334667312,-0.011546389089901132,0.012567712030656653,0.015659137226929243,0.01697300118192735
2021-09-24,0.002861768380981511,-0.004399465274849912,0.03424269189880258,-0.01910291820440524,-0.007422426386321845,-0.010922332940092039,-0.0010737329722929623,-0.00128427290155253,-0.002709296212892842,-0.01322382556806101,-0.002353607319868889
2021-09-27,0.0009359883191171203,-0.03547472320638512,0.024155071549185836,-0.03042993347174261,-0.015734317575986978,0.026249170674781608,-0.011820468879561119,0.00208203509820426,-0.0035612020768848174,-0.0006237511972568832,0.0037532130589983392
2021-09-28,-0.06234296441853315,0.008052753977160654,-0.008377874816650421,-0.07211628254662583,-0.04036102146755327,-0.012524223023690384,-0.0125835194983277,-0.009716428402719801,-0.04026966069744764,-0.018814567730861653,-0.013247805924431866
2021-09-29,-0.02694276802473272,0.04402184492359096,-0.018549060857269817,-0.026307893290346218,0.011380549430326736,-0.023043858100037062,0.01305843063953116,-0.004504756024632184,-0.015086937740678263,-0.007310284106730847,-0.000541233458465018
2021-09-30,-0.007750454550814578,-0.009669996065712061,0.01639895598793406,-0.002778885678881071,0.013372548173535614,-0.06024864692952214,-0.007920373445400863,0.01797665363761114,-0.0011303811022788102,-0.01163276534023805,-0.011591373486710799
2021-10-01,0.0008024789062970328,-0.03967619247734688,-0.018803365060675925,-0.020746545952965545,-0.013517933301260499,0.03297983304555707,0.0,0.0022530453929923144,0.0008583951202312257,0.012093716964221679,0.01128881858610864
2021-10-04,-0.026603290696932125,-0.029105646714477906,-0.0073865439261315835,-0.03304336737348923,0.009787822600918039,0.01205494242564309,0.013775994622238885,0.0046783175745395145,-0.02604381712416448,-0.01397643850429453,-0.007911488980452686
2021-10-05,0.02531201894700308,-0.056412002879990375,0.0004854582218072334,0.041366905910974694,0.012116568815744966,0.008840444079120546,-0.0024710399786516124,-0.004656532835140448,0.014050707244280591,0.0067086984591040455,0.006554579287578299
2021-10-06,-0.014657639709418135,0.017916930394987762,0.0336207175188874,-0.01193291317517442,-0.008459765825200805,-0.037358220876591464,0.015479972563384292,0.0026733243283083574,0.0030395561345384348,-0.004944179726986131,-0.004775440644376516
2021-10-07,0.02035001281636939,0.019740494155366717,-0.0017847298152684488,0.035277330348818525,0.02044413353734975,0.025297031265532954,-0.005335215260407478,-0.005271739220885419,0.012436602183400813,0.01501414165607673,0.012759020732551862
2021-10-08,-0.023179721386375585,-0.027252042824319367,-0.04984847181632979,-0.025940052977642902,-0.0026817290715722697,-0.02102816712168043,-0.007356446259441096,0.00042636491147840516,-0.009718213441601842,-0.004895162901142558,0.0019382966300398596
2021-10-11,-0.003782643313085532,-0.013110237736341346,0.004919668159326873,-0.006775799481696043,0.004429037179014106,-0.0057278470689299255,-0.013586430906578295,-0.0018875818465466931,-0.005966711387884849,-0.006844328618926365,-0.00204199088419732
2021-10-12,-0.02242935216983899,-0.052899433974437526,-0.015256194774469378,-0.00618726633231359,-0.011496097793843196,0.0250600680654407,0.006730388908817275,0.004514430828637339,-0.010109289905944063,0.010014113886521958,-0.005169162037863884
2021-10-13,0.0045988328306239,0.033332575041669976,-0.0014215971256960058,0.02410567890452109,0.025967699685444545,0.0074935343143431865,0.011660397913322296,0.017794197805277356,0.008537189864359807,0.01449876291001817,0.0015156848210784446
2021-10-14,0.05193860329862576,0.015773046721881068,0.002719701373558703,0.03850359709363205,0.0041926589792518065,0.025566986556608606,0.012294391215746048,0.0024464685904206362,0.03002255293220779,0.017023923924303075,0.014158954825744141
2021-10-15,0.019221790023785212,-0.00933278178261232,-0.002681074450736176,0.01516029609714975,0.017473293919066935,-0.0027196066686876463,-0.0028844104813060545,-0.015892846243722114,0.008371651337955033,0.0030998474701879886,0.0024511277270837795
2021-10-18,0.012718084848728495,-0.019209062531005183,0.016343963132187334,-0.002069691945618124,0.013981817482400904,-0.00463579934902647,-0.009591915174633536,-0.0024799108302698825,0.007883324922520973,0.0030903506297796923,-0.0004252527049322108
2021-10-19,0.021351022752255977,-0.029581139333422657,-0.02665951512170861,0.012001287516215875,0.004196496091171342,0.007762457362255892,0.012605581212689954,0.003213671993580469,0.011449106117591201,0.005955749906053187,0.008508947203367034
2021-10-20,-0.0025782655203846483,0.004515007844327679,-0.01112880676186867,-0.03792085770224929,-0.0049252701650064346,0.0071591508334440945,0.015788743436902397,0.008763958748792211,-0.004408304113645567,0.005104261759261153,0.006855126723533056
2021-10-21,0.014030091152640534,0.011668890997089676,0.01096227049477072,0.014000879650676312,0.0017998905972673729,0.014126223737435106,0.0,-0.0008987052245035265,0.011407277600928634,-0.00761710405545557,-0.0026187332557746634
2021-10-22,-0.01753533220886061,0.012864751207671388,-0.011188196321910593,0.036320194849031706,0.014223684682586057,-0.006654172581168072,0.005081358861403373,0.006116967151190034,-0.008829982405381909,0.0030704246368578048,0.0
2021-10-25,0.01598394872374498,0.040515818055008035,-0.029693857758124276,-0.007096292828429163,0.005757295216150871,0.002232778251594514,-0.004312056468270042,0.006914158513320778,0.005053334143317212,0.00520317202393894,0.011657385740608817
2021-10-26,0.0012114923960491186,-0.006020387601314847,0.013253832734641868,-0.00831403441113654,0.0063114450707619785,-0.00409929390113517,0.0053760751399267726,-0.00739951491266011,0.005697957307548629,0.001319632808857385,-0.007889579322556517
2021-10-27,-0.00733064480476775,0.048996708389807075,0.026428517039529975,0.021915199862832635,-0.007876228196288526,-0.02353468074273246,-0.006684386728660896,0.002624060476058121,-0.00844301165142125,0.010745027730662438,-0.01067283363327498
2021-10-28,0.023801494042245075,-0.01496624706078975,0.007716027145479254,0.0051812894803460185,0.01396637899622033,0.004765439329410759,0.00657974843700071,-0.00023788536339730548,0.019046586462187376,0.02176333981833678,0.011951378806630775
2021-10-29,0.004920272891727473,0.001020281151669744,-0.03515631280081166,0.0030068929392190746,0.021168690787789934,-0.0028274095947030675,-0.0059424303429185255,-0.008507900517562339,0.002858717457161708,-9.821077116611843e-05,0.00010449062171913326
2021-11-01,0.040884561840100364,0.0445992795466279,0.01653652081758028,-0.005567488901197848,-0.002271734700028727,0.03768395092562993,0.0035868377048577926,0.005220584505493342,0.0114749174685711,0.011092458755878276,0.006270312123443311
2021-11-02,0.01771234701789748,0.0300378008227713,-0.030023792094267754,0.014392725467789802,0.016080801389889432,-0.006963460352988227,0.0008935208505020942,-0.0021490007233168074,0.011019504762069365,0.004854343258238636,-0.010800774789004652
2021-11-03,0.0293851106133034,0.02248082151744324,0.006833918017352003,0.0036888580928806647,0.024649783362185707,0.05290266307581226,-0.003719495588303978,-0.008315382622616663,0.00989915386630802,0.0029952554868253323,0.009973592162088707
2021-11-04,0.04785418501437344,-0.04626617532581412,-0.016855675972188622,0.024879850973033246,0.017906090820268394,0.007924436880121677,-0.005525951144471408,0.011340951773961994,0.04140105412508022,0.006165005358659714,0.004885856590056692
2021-11-05,0.025034869596591625,-0.05279927511155402,-0.020767679128266492,0.016689490901593107,-0.025782368109781295,0.028019469269109365,0.009460967435010126,0.0130629437586407,0.007815108375915258,-0.00028722952968063264,0.0012413135885935844
2021-11-08,0.022858065506659253,-0.04371328167104371,-0.008079795758922925,-0.003120309104323371,0.0166782079225396,-0.0025223356194152835,-0.01487635434373924,0.003591619309376348,0.018004133827769442,0.0024900633758990764,0.0
2021-11-09,-0.008427519601622246,-0.0026480843682884503,-0.0029816522460061057,-0.004218662175366372,-0.0040672015722302834,0.0016314667877643796,0.005134040949237972,0.0049281100201232775,0.001324822027171546,-0.004203392269036654,-0.00010329231119077242
2021-11-10,-0.034498775439893326,-0.023232288964159853,-0.011785977068158648,-0.016400062413700955,-0.005036562721901339,-0.015635354760073272,0.008113234855197549,0.010858781500706183,-0.0315539207394373,-0.010648364577107605,-0.009196100824065967
2021-11-11,0.02926794237093988,0.021047953128572106,0.010582564641829162,0.01458936466370031,0.0075247483423686035,0.007941819204218659,-0.006110329370350831,0.005602086369596027,0.017998566147459094,0.006205732499760641,0.0013554929885073452
2021-11-12,0.006916686947288531,0.01663498365481253,-0.005421461093957691,0.0119145655166224,-0.004209669342925104,-0.01280354199281819,-0.0005998330198110358,0.0018952552280546708,0.010165417678530408,0.00616745889962611,0.006353063523639957
2021-11-15,0.0030471229372561748,0.02587065961623347,0.020831005755165943,0.01854096690790441,0.0120004167910841,0.0028266500063922617,0.013203131422526493,-0.0015477459282561279,-0.0013284135616640214,-0.001723960534815272,-0.0027943122076224958
2021-11-16,0.009482821932906838,-0.017405051339900224,0.00901627223503021,0.0025245404730720455,0.012127889944705927,0.021886901765313604,-0.004738456939913593,-0.007233864736584827,0.012969705312228852,0.0041256202879864645,0.0023868611377468874
2021-11-17,-0.01807234040469563,0.008832334492435923,-0.009430174922186119,0.014579186702438074,0.003328460793125876,-0.0050299726628934005,0.0008927231837236871,0.009137183945092442,-0.005942163806330392,0.0038216336243748206,-0.0071435327924324055
2021-11-18,0.03902660754925913,-0.02388826045806247,-0.015617986676264906,0.00653180521218677,-0.001857639933848687,-0.011007882253921464,-0.0052028963151345975,-0.0032091550635745536,0.02460432095591414,0.0029507801213588536,0.0039625228256543465
2021-11-19,0.009170498583686015,-0.008704213228090674,-0.030065502862817062,-0.013757280707582087,-0.001196701640457598,-0.03545204914457034,0.0056784366042086365,-0.007646325240812324,0.006317934934130909,0.004934846253336511,-0.01007484222171362
2021-11-22,-0.026527710280481287,0.011159515291104816,0.004794378834380497,-0.016581176189908176,-0.011979198298604499,0.019659804667008896,0.00609230112677972,-0.022420457120115533,-0.015086665463091564,-0.007554865088452489,0.0006296486733874396
2021-11-23,-0.006270120664723877,0.015548197015413434,-0.005458484056736657,-0.05513177209048081,-0.024248969655438768,0.0024150049797542206,0.001033636221144718,-0.008652404091134991,-0.007252179111097434,-0.00837375795114037,-0.0018873962239073228
2021-11-24,0.016558202586967274,0.013410325614933827,-0.04537943625825869,0.004107014208254212,-0.006350984971137286,-0.010958736240194722,0.0005901223315141202,-0.0009565020521100642,0.010089708392343022,-0.004222196512329135,-0.0010507372665614634
2021-11-29,0.052737095822497304,-0.005712528217359236,0.03650993667533675,0.02800473525333258,0.004491369673544465,-0.002361243327756446,0.014829252713006502,-0.0013785494630753625,0.04014696883346769,0.011206945705840354,0.0029126840399684717
2021-11-30,-0.028583852697295686,-0.002927419740793913,-0.032088077136626425,-0.007378168417966013,-0.015369590906904596,-0.0279470798414454,-0.029225118754435786,-0.006721853018899604,-0.02093638286730326,-0.017013096624865387,-0.023340872925454392
2021-12-01,-0.005010711692800096,0.012891936419869854,-0.029359350806284823,0.047598784549033324,0.010500905007670758,-0.015827258923269083,0.0018244712517292427,0.003987937535404162,-0.003542231240503013,-0.012066226742823982,-0.009141014367513023
2021-12-02,-0.003386964666563741,-0.03479657585577023,0.02428410777308554,-0.057579606776472,-0.014323676820815368,-0.04110746485187988,0.012748372158864374,-0.005536820827328315,0.0026002241097724532,0.01882063341367579,0.01567186621538874
2021-12-03,0.005167945618154146,-0.05265675741083642,0.030189354235041987,-0.013753847803758101,0.0034191570111903324,-0.017366436794386875,0.010040658437993732,0.008412002804647267,-0.011358777465703795,-0.016507723548469078,-0.004377245222889403
2021-12-06,0.010933145454645743,-0.029071007223826717,-0.0069822470720021235,-0.02759840326451679,0.0061053349251321,0.05009112202270294,0.0152818258753038,-0.002460563224478851,-0.0038187244814777976,0.010590438687060333,0.011321174034075954
2021-12-07,0.07293325776354354,-0.04003869189624798,-0.010018389327631216,0.08303135316786858,0.0251199702191518,0.00452001338090291,0.007452958590677072,0.003549490636251651,0.04850001572640261,0.022639754204240692,0.019997738856239344
2021-12-08,-0.010168123408241803,-0.03220630217056675,0.013241487554834563,-0.01658781269645926,0.01679497315116185,0.002489490544620665,-0.001015321542697567,0.0005395140531609943,-0.004323498219824251,0.003383601513505363,0.004688430027863344
2021-12-09,-0.03680366140915314,0.01763914883217499,-0.04750082080368023,-0.020552627044467364,0.016517835316050444,-0.01976903622990922,-0.0013068399502661476,-0.006111378376110088,-0.024202758534807023,-0.014452259719401894,-0.00731805683261566
2021-12-10,0.013243329502374612,-0.009127452751620524,-0.037358467023518416,-0.008683197251311059,0.0002664695774721171,-0.009255793791246636,0.0053793472635652595,0.004219899491422874,0.006347989628323614,0.0058656604998275075,0.004807949732361205
2021-12-13,-0.05219392056304184,-0.0377299755800774,-0.00815558100024949,-0.008467137715666095,0.014780268348944414,-0.03245134972099484,0.012292241216365518,0.00252130006200435,-0.025946953930511496,-0.013898339105459456,-0.008506231322832791
2021-12-14,-0.0018658500621214769,-0.024885951843573895,0.03109396118311003,-0.02679630738688743,-0.02506245663994211,-0.0019311515085166375,-0.005999867315131691,-0.009341302746070368,-0.005775044362239412,-0.015966928372389222,-0.0037533054048650705
2021-12-15,0.0596019898070026,0.009282798408933868,-0.0035791033440480957,0.026928960859069706,0.018842602543573728,-0.0038696977928283083,0.016383869363942205,0.004291534360497673,0.041364602391380734,0.020633090567334644,0.006566148919408432
2021-12-16,-0.05806520900308876,-0.03159115948808944,0.0020248448882886905,-0.004419724198992503,0.01770170952936123,-0.016152255072266808,0.005090491232465855,0.012097561477355745,-0.04346137418006302,-0.009420960199735151,0.005347061731378222
2021-12-17,-0.002906638413684215,0.002977113186670266,0.022036507099254088,-0.0204200620317867,-0.007139376959120924,0.015586177256671663,-0.015053369976386066,-0.002140821851282393,-0.004685161355163281,-0.01723805150487223,-0.004573920282213817
2021-12-20,-0.007395922650605957,-0.0048114569693606946,0.0436172126846317,-0.002719151025545985,-0.1172701653663063,-0.03325146767802234,0.0009498978834792116,-0.0042312675861405635,-0.007514097520619378,-0.012903089824011227,-0.020036204431362004
2021-12-21,0.04331153172040536,-0.02116910722792542,-0.0035126561005007773,0.03604959571273292,0.03139806517836896,0.04381393143181156,-0.0014381589169659703,-0.0004188884251822289,0.03612222960593314,0.019607674701862532,0.0211850556287414
2021-12-22,0.019569643934534753,0.020564225828054727,0.0016354139976790805,0.019590822828724708,0.0348937030575025,-0.0005067313914089988,0.004321065536629254,0.009400024100517657,0.011885787063872,0.007612197264310838,0.007671688865798387
2021-12-23,0.019099824143164135,-0.02542697940244021,0.040000969381962515,0.014052142825411895,-0.007770233725146403,0.01775216092445442,-0.0001435464752713722,0.0022540179789249937,0.008605365181656666,0.008631553247182566,0.01007913506252689
2021-12-28,-0.005211250871244633,-0.024140596523120728,-0.018658918196845287,0.003085335164355385,0.005493784230120147,0.0117656582112462,0.008992347859022365,-0.004310065233419702,-0.00985580477114012,-0.0021452417363838627,0.00010466267771702675
2021-12-29,0.007195751363111125,0.013728661440758794,0.007871560230604091,-0.016496775103709727,-0.011610540449313977,0.014896834340440757,0.005375471276695354,-0.0002965076609273698,-0.0001595004899799246,0.006840528936630008,-0.00041896346299863385
2021-12-30,-0.016124178229060426,-0.0019079538766983983,-0.0010507836973597806,0.009808287900429535,0.01575457808862457,0.004924248523333841,0.003658481790190349,0.0071772153754725565,-0.011359783891274788,-0.004367495116569642,-0.0017818761057022403
2022-01-04,-0.0064741884246838355,0.02670002416434003,0.004944945793270428,-0.029072094051083686,-0.029613861573732025,0.03192086037842978,-0.0031044679261916786,0.007366515057776857,-0.005196563776911134,0.006122906113208426,0.0027357265584098123
2022-01-05,-0.059263541206847736,0.0016963215416170296,0.01770667751118249,-0.015265044977272768,-0.008099615725629561,-0.018559897484101362,-0.0005660334138423151,-0.00300766493835114,-0.034303671862341734,-0.02318362045011646,-0.014060936737480545
2022-01-06,-0.0009764955294209177,-0.022984897661359804,-0.001031234461670083,-0.018482540645978207,-0.0271215156813287,0.006120876665410613,-0.010338771486826381,-0.012244126909514819,0.009927823816933135,-0.0009892736821048853,0.0007450844169416548
2022-01-07,-0.05774868952399648,0.011537184378614729,0.0023776246188791372,0.009719017141799569,-0.004945939042001912,-0.028784217328207684,0.007584680459192361,0.004551137683908024,-0.030404933547446222,-0.010195915102028885,-0.0008508522819816733
2022-01-10,0.019302458795587674,-0.0015652718534677756,0.011985939632073617,-0.06406956007520748,-0.012953921526962842,-0.0435676373683761,-0.006533266182640274,0.0030402057039400354,0.0012797985199859419,-0.011301076144613509,-0.0005320657218447211
2022-01-11,0.02395464572970818,0.025818096668737578,-0.014675615839999101,0.007552588930046955,-0.0003053034421623968,0.015640293113352355,-0.009006302755822815,0.0120646549718888,0.02018371023961474,0.007788842065563184,0.013311895602697854
2022-01-12,-0.009676173275271482,0.010879690428294175,0.01725989529202132,0.03078119020575021,0.003969023462172094,-0.008662222777103712,0.0031736965114688154,0.002642622730480104,0.008540182369917604,0.015557439412463792,0.007882389046709237
2022-01-13,-0.03472947827017392,-0.017801389375113108,0.015864615652368963,0.02553003036917434,-0.01079523243750391,0.015048544124448782,0.00488898597106413,-0.0033969884760131075,-0.017393461252453557,-0.01314474510553476,-0.004901050940054219
2022-01-14,0.03165355442474005,-0.0048860804226033006,0.060426788252271324,-0.031080342331473387,-0.03980944403227682,-0.01769499728049484,-0.006868550624990033,-0.0028796749096049457,0.021195149963415094,-0.010415714293505074,0.0017814135971607747
2022-01-19,-0.041383647132110735,0.01320213109602153,0.014971217190687724,-0.023698466244193583,0.013099767718446342,-0.001586588048466231,0.004520854758429227,0.015880526897095182,-0.027628193992053074,-0.01210547565967024,-0.008316657858671972
2022-01-20,-0.05454259960957675,-0.007777438496832767,0.017523358060442362,0.02203769645084175,-0.008412540681503877,-0.02929480495190273,0.0013066642965633424,-0.0024988838330701757,-0.030622745418572017,-0.007121946432757431,-0.0144373915434316
2022-01-21,-0.009849658146875329,0.05074028320703494,-0.012845420283417175,-0.016718757983896215,-0.008169802949103744,-0.015856699388589135,-0.0018849060500495396,-0.0032624385581478954,-0.016645655114388425,-0.015190025467491819,-0.009263237425183868
2022-01-24,0.02074046108118366,0.008024609376058756,-0.00714716409109839,-0.07039554435832895,-0.035481964346964046,0.0036381580315396622,-0.009587415355293505,0.005494198734739664,0.012805828462868929,-0.003641749995668353,-0.0020657080348188694
2022-01-25,-0.0578340845206633,-0.048676201424392995,0.009234491257913202,-0.016239487795076224,0.026769458478439923,-0.025996986230852115,-0.015693828061149495,0.0031971345443269072,-0.03960324799217041,-0.01956568507661316,-0.008715512394042002
2022-01-26,0.02192512534083546,0.032875335783679294,-0.015249025901965751,0.02536929036723068,-0.011196404229642298,-0.0211611351608203,-0.00819533130797967,-0.016166464916677392,0.014413847368004884,-0.000548351761728183,-0.0019782152262631802
2022-01-27,-0.06550723231182076,0.050629910042745196,-0.012926885243364938,-0.012709794959573695,0.04286641425909177,0.008690940284012738,0.008863930068949921,-0.012898211138547944,-0.042701618318266465,-0.017663100058599057,0.0007708359958578104
2022-01-28,0.021399949907095817,-0.009456209720713926,0.0061235324108608324,-0.02832131253801573,-0.008996649054467176,0.0020464589349680207,0.012062696402778128,-0.0029832934474428585,0.01947866398344833,0.0012286496632214483,0.010893493198939508
2022-01-31,0.08441638503251636,0.023100262203474387,0.025169173509308918,0.04963828466620668,0.026921302038454886,0.021173733922331017,0.01898158501897762,0.005924537392067553,0.05239022468682908,0.030340275972055242,0.014476991656053873
2022-02-01,0.012184978539961255,-0.036701631976507665,-0.008866713156438388,0.010434087611405074,0.023014899346465834,0.02136601356994161,-0.013284910576308318,0.0008328835308379912,0.004284739927941761,0.009093799952179404,0.010622324482735257
2022-02-02,0.03944147744989279,0.014865522111443985,-0.03715055017816571,-0.003164505219177438,0.0436530407730944,-0.01009913930006423,0.014780893779879012,0.0036259919505645666,0.02552613593714259,0.0052566750778393345,0.005095989847225146
2022-02-03,-0.08642716850698218,-0.001075541354526366,-0.04265437121001969,-0.04127001642075301,-0.02783701088203927,-0.003539259517932214,-0.004470590414276221,-0.0014214062993387344,-0.0443519549202912,-0.03084293867896748,-0.012781299403495594
2022-02-04,0.013230151249432609,-0.003755830896117307,-0.028009986336816617,-0.016730442951516933,-0.05066108309689887,0.0069995710217776175,-0.007967511980274677,0.0015420788696549614,0.005423038808441083,-0.00418431294463284,0.0028891290907668843
2022-02-07,0.01320143339852664,0.00019377511054274876,-0.03125628499299815,0.014888379523292139,0.030007937983706157,0.0,-0.0014603366446926946,0.007402581993851909,0.0015778661143006634,-0.006192858213097452,0.005547741678614493
2022-02-08,0.034889848757602815,0.03912411353798362,-0.0033764754647637174,-0.010653349710484927,-0.012914814024549415,0.0226162837754027,0.0007313313491914553,0.003056870675416823,0.020479142571293574,0.008790394303775262,0.013262643529983631
2022-02-09,0.045085155460048876,0.05073017834251292,-0.021910111308001468,0.03936449136578757,0.04670628121468412,0.04575441179673101,0.004384020516587039,0.0033991784238243117,0.03482328126237211,0.031105244459927572,0.015706822142472765
2022-02-10,-0.050043200573323454,0.008260350375117298,-0.017490872797791268,-0.007982082510787025,-0.003052439503804183,-0.008925193343237936,-0.02531650843559563,-0.0037965605384254753,-0.0299394178565916,-0.01893451363579668,-0.0008248003961989214
2022-02-11,-0.07652565765124686,0.022505549542678693,-0.021044525258898994,-0.024995975590524133,-0.045050157857165485,-0.039447736508797404,0.0005969586649681169,0.019054878321533186,-0.05139097554240679,-0.028786201484025775,-0.0020635714499543933
2022-02-14,0.004052897930214572,0.0093858170948522,-0.009933929292060162,-0.017208017057912972,-0.01816810115405809,-0.009273404670110286,-0.008503511553097365,0.005350715998122091,-0.0006787808506191206,-0.002582468344893507,-0.01406114401458558
2022-02-15,0.07217939129589723,-0.03494016085185281,0.02682329655724347,0.023584327592907073,0.03918519497348183,0.037337943174798216,-0.004664580854595424,-0.009499848975192515,0.05440072628722836,0.032530470612498696,0.014681216811541775
2022-02-16,-0.0029773060401219187,0.0006812451426922994,0.013801454898944465,0.0017451603068383559,0.007032643565969332,0.004462097158963285,0.0022676941668038353,0.010284254451501385,-0.00021469505969651248,0.009702257382456114,0.0031003874648956042
2022-02-17,-0.06419528603445679,-0.02470933340205328,-0.000322996863945213,0.007492760049513381,-0.00014843638813744064,-0.027443386224579425,0.0006034331228439438,0.013668073780773726,-0.040081471767414945,-0.02040567532520754,-0.009787782213013796
2022-02-18,-0.030912642903914045,-0.01133832871368079,-0.008062296161852278,-0.013490322239225305,-0.01649593780635228,0.016341902015904797,-0.001808880624146858,-0.0007334549100845855,-0.011109804788790978,-0.00837653285714568,-0.014150388837128935
2022-02-23,-0.035784351748591736,0.0092425852411544,0.010192141765055451,-0.0003544742979031401,-0.010393085718765849,-0.012465791376069957,-0.016931032031065274,0.0045072272703239324,-0.02095433858879192,-0.019629805807290235,-0.014333161688511842
2022-02-24,0.05537535477541611,0.05782294012227163,-0.014724258931868683,-0.010809708019269282,-0.007104171935367498,-0.0028738037266907712,0.007996363536406204,-0.006450131470019049,0.03431418929573904,0.01805524802273517,0.008573157052850444
2022-02-25,0.016714238445172835,-0.005987522386256661,0.002326077939418747,0.0553563520194853,0.046663688434186446,0.03128872239228042,0.03096881071064228,-0.003330678220184624,0.013945137040121125,0.028876894151133037,0.029481287751188523
2022-02-28,-0.018074986656895553,-0.034667880021209796,-0.03193924564065964,0.01663559589441621,0.013672118133584599,-0.023053828098287377,0.0051788283155336234,0.010365345791119474,-0.008614433736628735,0.0007733649569401368,0.005643832765905854
2022-03-01,-0.06382184376952871,-0.027742317351671097,0.006673941267238526,-0.03623288212179199,0.02096469023553693,-0.08632143583597762,-0.008685420610960892,0.018163415997793697,-0.03154940265162265,-0.01810751227099694,-0.007794733611698135
2022-03-02,0.048206757379048115,0.015683636226490938,0.018993257231867844,0.010394723385720006,-0.001723129077565666,0.05210191047736301,0.012177108124313163,-0.010406339832951472,0.03273139723505736,0.011132616540386664,0.023777165981626602
2022-03-03,-0.03593208956841776,0.030372530398763864,-0.004853774142027478,-0.016975281990452395,0.008342930078443667,-0.04867165468990564,0.017605738251414982,0.005953415398956663,-0.021551934817855778,-0.01312299867947131,0.005115647229702702
2022-03-04,-0.02945899881690539,0.0064308231296030804,0.03459914488380744,-0.06924807848233794,0.0,-0.11572806822659754,0.02205856273418294,0.015929145881701023,-0.026904414427056378,-0.03256713002234357,0.004682372443610694
2022-03-07,-0.06117027506373163,0.0269996471411329,-0.014206497793890938,0.013118418547791277,-0.010556426808449926,-0.1537393686674522,0.012978182920966308,0.014862865283030269,-0.04977479762293324,-0.025160000552208572,-0.014285612070137454
2022-03-08,0.019146569647668477,0.052259653334808975,0.0033938020253327927,-0.04365525629846079,-0.0036043930035966065,0.03522918419563803,-0.015457873983896753,0.027358997610294145,0.015084072351405187,0.027960288045249415,-0.01685682646899911
2022-03-09,0.06282212360251371,0.038068652330348174,-3.166764102258135e-05,0.07756279138357258,0.017797767619425642,0.08666188508562755,-0.007072225537483545,-0.029711176156992036,0.04344293524530318,0.036731596293684055,0.01871394552588712
2022-03-10,-0.041048929671483325,0.016743730437906557,-0.006523845797800298,-0.021001613290612786,-0.002985418937925477,-0.014099372490021356,0.006695398018636833,0.0031212277978962533,-0.02163424067673536,-0.01592145292056868,0.017651954943247672
2022-03-11,-0.028337295114544303,0.005715487002249331,-0.002677022851400257,-0.0047670909197589095,-0.012405638876013092,-0.023431359574318744,-0.003395976203485973,-0.007027884128157469,-0.022470599462760643,-0.011051472904740511,-0.007866093219464187
2022-03-14,-0.04635091612793263,-0.015284262770017931,-0.00037864617342819873,-0.015291212309259117,0.008518582875961522,-0.0005515066491490472,-0.001135849385311971,-0.015073711931138378,-0.02888638859714221,-0.00011513742546631622,-0.00894493278457198
2022-03-15,0.08155461637391492,-0.02076176747426195,0.017074303292939463,0.011038609132387078,-0.009162489848660527,0.035181795776041414,0.012792928830687389,-0.01870545038411886,0.04189529211257459,0.02050927788803314,0.00830763468468465
2022-03-16,0.08999863582420953,-0.018327384668131885,0.031417796074617144,0.07124360705072874,0.02687483219260889,0.07543664610042766,-0.001824163121932565,0.006260803404375848,0.05295742467837927,0.03127451345593202,0.00803588552690715
2022-03-17,0.002993702106297791,-0.030941374455702886,0.0051653897609802435,0.010018981943258565,0.03208098595762965,0.015615423637888926,0.004217896230077178,0.004888644573449508,0.006263084931183105,0.007773433924628037,0.019172595515896784
2022-03-18,0.020206232531373214,-0.017437843472309145,0.021836694350370944,0.04309870852801945,0.011043056454179911,0.021720569127105627,-0.008540935644093639,-0.008789852082788041,0.021593828624972167,0.007061266982756775,0.012772219016783826
2022-03-21,0.005730568513193202,0.015486190235953101,-0.007725994199493602,0.0045910351846274455,0.005933053321662385,-0.029618995024284334,0.006681773352169573,0.007640798069546317,-0.002340437821558905,-0.004962426968443068,0.018281388144447464
2022-03-22,0.00722561523774834,-0.0239980956281326,0.014374606147006475,0.02366564830155271,-0.005630056670631878,0.0035692574795449517,0.0014122229656718943,-0.007250775291250955,0.006888674413037421,0.011817292185540174,0.00624031855334195
2022-03-23,-0.03341855810294281,-0.001498341510949741,-0.015336209815469237,-0.02120521852645596,0.007009991460329212,-0.01680172433711713,0.0014102314044954767,0.013659661796972422,-0.024999048403464008,-0.013607859241220432,-0.00143104905604996
2022-03-24,0.07503356106094872,0.034084686204419956,0.024598208082200257,0.0029320969867114854,-0.022757543107732592,0.016465077679016282,0.010280155386490408,0.007260367097212672,0.048663076031650876,0.015859249950439525,0.0072615109757177
2022-03-25,0.011844277163607586,0.007438558588479749,0.05021601143036891,0.007308657017319087,-0.007606332202442001,0.027365595821908784,0.014496856299971217,-0.004095451209537915,-0.004159598686988009,-0.002687614538515848,0.013090551204934187
2022-03-28,0.0017912419047712014,0.02303288825251304,0.0019468919329201917,0.004030984454222342,0.015328891189209104,0.007047221981108631,0.006458058977059755,-0.018203790082975457,0.007264024590964091,0.00869666083082854,-0.00842686335057341
2022-03-29,0.03289387375906716,-0.005149624400200947,-0.04095268575994093,0.016540963140672105,0.0168816628151105,0.049460091421624774,0.009283252465115632,0.00044678784846130526,0.022608344081188836,0.018201288715318453,-0.011614895778640277
2022-03-30,-0.05761867070994142,-0.016069773949316413,-0.011469255990495864,-0.01706154512825009,0.019975829533234846,-0.06543852784649085,0.008251111183918525,0.008038419372069505,-0.029019725598711132,-0.013694475470616752,0.0038215601609588035
2022-03-31,-0.033683999558212774,0.01334843564743693,0.021740005451261535,-0.019608190676043358,-0.008998332249516738,-0.0735277651715236,-0.0010736137788914801,0.000387595883929448,-0.020263445123097745,-0.0030734915548907837,-0.005044217273362905
2022-04-01,-0.029615343146004003,-0.0441718949108183,0.012302313899944295,-0.00540958438528405,0.014154162885363641,0.007571072532472911,0.0139674647777428,-0.006365867342034592,-0.016197733834039663,0.007442072578189185,0.00889602119528865
2022-04-04,0.03867513429672775,-0.018982693318332022,0.008665805006604854,0.01763650473734213,0.010138135663720682,0.011270775055816307,-0.007682217619105036,0.004846769455083555,0.016502020893766733,0.004959753847815662,0.00047419268050763463
2022-04-05,-0.07487693902073955,0.036588369127059206,0.0191927849565372,-0.029478849979066024,0.02372272999374525,-0.057135423639534166,0.00627336187305505,-0.006264842571455875,-0.04314309664418681,-0.019636723841949255,-0.007581632267168903
2022-04-06,-0.03358537087876279,0.02219259532578044,0.007464511516276584,-0.04572749403013243,0.003564952980196656,-0.02839679639710646,0.01989666862831707,0.002343216670796844,-0.020684733368513508,-0.014781262768201797,-0.002864720485408312
2022-04-07,-0.0036400156977761666,0.058018021226246885,0.02417342863423655,-0.007694862395610347,0.04262874323421961,0.0009789025688153874,-0.002471173380788949,0.003784886240234764,0.00015814631726973616,-0.001630941407653963,0.015035445389654845
2022-04-08,-0.03789903991516186,0.06691903770240715,0.020153470922798622,0.0033485532126731332,0.003772187995142895,0.01760269230917988,0.0033896339305492518,0.006265969312183373,-0.023768119922765507,-0.007622970870369006,0.013208801757673472
2022-04-11,-0.01985621530830073,-0.030111649169801247,0.0319272197612388,-0.02986127347305867,0.0013335613618163933,0.029653796400666677,-0.01364321834301574,0.004959463770487282,-0.02248330655677977,-0.013826239501367632,-0.006518262305904021
2022-04-12,-0.010503620346834275,0.0012782806503055522,0.011281532183633036,0.01466600292267417,-0.03874092578062993,0.021333784748695406,0.0038205329487326356,0.007676751619003053,-0.005387468796587913,-0.007010175748694669,-0.0022496664856874737
2022-04-13,0.028526682754786092,0.031895915043979484,0.02427564263582216,0.010171141123203942,0.020151094473286335,0.05352472724640678,-0.001968889620914349,0.004788537865617837,0.02375000578451325,0.010869488268585803,0.01268213696717524
2022-04-20,-0.016058356129775575,0.020281759042049208,0.014144471056999786,0.0530627459740618,0.005311628175204142,-0.006620822395653869,0.008139738188937429,0.004894947496407287,-0.001818567530873394,0.000659857142643494,0.005382914348110557
2022-04-21,-0.041655652004366384,0.0172225415606877,0.0022289933153685215,-0.012512519741633032,-0.030192502362488827,-0.01509049626949066,-0.01653890036114014,-0.0035576001936850066,-0.0274076876920617,-0.01923292248139552,-0.024277761283826305
2022-04-22,-0.026888312962932925,0.005623903589498713,-0.01458331370064514,-0.021917824667226582,-0.005837213360499582,-0.03868749058029319,-0.016816350793666057,-0.0097220932450649,-0.02293548621291719,-0.020506373556575364,-0.030085156876806796
2022-04-25,0.02276620083223513,-0.0014796867317951046,-0.0007026196140249574,-0.04114136870052576,0.015266144014251415,0.01195363946879624,-0.006868872758157729,-0.017970993150090764,0.017296389107378518,-0.0009150563827332592,-0.01765510336295828
2022-04-26,-0.07364227236997667,-0.002022822860784812,0.02652674707516245,-0.0334126956045655,-0.008610653879692176,-0.04830023929686755,-0.010035046563733552,0.001525017044941901,-0.042631551468532924,-0.03091725339344309,-0.018568114571651417
2022-04-27,-0.0022456394607837105,-0.011555529846340562,0.013317449747640264,-0.001322135241189737,0.02333414922580923,0.0019310168413557705,-0.004794791406027787,-0.00755702425744631,-0.00481171095768107,0.005671633921363828,0.00890338961004633
2022-04-28,0.0856372119912645,-0.00031161889969688605,-0.027972667849267552,0.037828764923253155,-0.02356232930750668,0.02973123821836543,0.011149399388977521,0.005398323510093839,0.05709638412646223,0.01703667518787011,0.006317569245224419
2022-04-29,-0.06433811614207519,-0.012013993251208888,-0.011695643235138609,-0.0012759786191385292,0.05384008593665146,-0.02713520657881252,-0.02994806701043029,-0.00011297696546286318,-0.0442826875973924,-0.01698253041199793,-0.01763820690693685
2022-05-02,0.054785503651693546,-0.007571291717034523,0.036380236411053035,-0.02226247619969368,-0.007755662992099843,0.02734263273058324,-0.010244329973413957,-0.018540493535693647,0.029105903889001583,0.00669883349811462,-0.000710079293770205
2022-05-03,-0.004910667149863324,0.01220600623450463,-0.005106779313105991,0.019169085422410248,-0.013647575164484116,-0.02353884107788029,0.0038284205195762144,0.00264926246698316,0.008201633435836353,0.009105890247598003,0.01573441869757164
2022-05-04,0.05497416135233402,0.004083146137560112,-0.031072942682779492,-0.012723278412872241,-0.01283030629393811,-0.007533085815098595,0.022316232182416185,0.009822544372671826,0.034300566048218295,0.019319694737166326,0.013591697872095354
2022-05-05,-0.07999613365349612,-0.0017176275236329142,0.029395104745828515,0.003361720724261552,0.013888961067340722,-0.07811219021580695,-0.010223898354215333,-0.003811138551277793,-0.046947223921994574,-0.031097457099092396,-0.03184756872403427
2022-05-06,-0.00715507280819605,0.04950646128629543,0.010128013190574991,-0.023826948066908327,-0.018097187525995873,0.013922319629124935,0.007956505822556137,0.0016558743678838361,-0.010251816489117882,-0.018390360994344435,-0.013137820733342909
2022-05-09,-0.07374112212567929,-0.012600202607582878,-0.009162175021360186,-0.07179648358363655,-0.03263795236795708,-0.010778258597821555,-0.007478103463670838,-0.014479496708730832,-0.05062968515742128,-0.04033428217879653,-0.04406606933734769
2022-05-10,0.05336634087014991,0.007490655332864193,-0.007252017053504978,0.004108773407938804,0.005953922211719753,-0.014776119522899145,-0.012138884468888556,-0.008445202872691127,0.02584995753496444,0.0029841734396431896,0.0033467346625906114
2022-05-11,-0.030917011699185593,0.016447571418344964,0.01918551615030295,0.051866860223570566,-0.0174931092774544,-0.023178152944902997,0.007202975132374334,0.008167128516088473,-0.030670733934016647,-0.019092349735227554,-0.005595172681619909
2022-05-12,0.006385385654155362,0.01113276864542212,-0.00858615956272546,-0.02528674925403107,0.0028111813916404937,0.00030983875802603755,-0.010096446600797448,-0.015333925720196762,0.004734734444594935,0.0007585540998662488,0.0016230823484593149
2022-05-17,0.08626135176521244,0.017211310307243766,0.006935770709897593,0.03121343993747905,0.01877550077326129,0.03358210025885189,0.010327943096850145,-0.006279296383541522,0.04783162614809977,0.029633394163430804,0.0236416778941706
2022-05-18,-0.0862921169512888,0.028746401624193396,-0.005734311469256292,-0.025917560294424047,-0.00787922691553844,-0.05444050824303648,-0.009669974039075435,0.0005314848929158789,-0.047778088966596854,-0.023264302014839422,-0.03454217217623401
2022-05-19,0.0010478584413098346,0.029120075625695963,-0.003259256507896713,-0.023693814139433056,-0.01615279205515585,-0.01511900406868083,-0.0020923919333132313,0.014697234801531733,0.0002631117287661411,0.011295426768922479,0.006190394697809021
2022-05-20,0.009736539155312807,0.013701114622806543,0.017578653844324332,-0.003978785603028556,0.0415923226783248,0.00589246326093984,0.002795625295842319,0.0006980112537449124,0.0004823246401495229,-0.003641957509686655,-0.016371231363319083
2022-05-23,0.011031568208442089,0.014980389344430245,-0.01392451951754825,0.040543320422119056,-0.012478653271159823,-0.010174410678777668,0.011987904016744766,0.004650369455528214,0.008020403081659966,0.015839957391400317,0.022792251246129158
2022-05-24,-0.039726327682326756,0.01480667331895491,-0.03834237250474881,-0.022648584268308514,-0.006650647909459684,-0.030057568997736372,0.01997253029076851,0.007521859850632806,-0.026391423542275527,-0.010435501096469513,-0.004145876726243336
2022-05-25,0.023315830300764562,0.05313050932854346,0.012017059036435462,-0.003927747351575639,-0.010980312879603993,0.05523455237713293,-0.0006753906370043916,-0.006029994959596108,0.02081015166287359,0.008484963628600184,0.006869250625674894
2022-06-01,-0.020070277262872027,-0.034169379201815175,0.009692743623796574,-0.010448102123683078,0.002214397888614439,0.003386189075153867,-0.0016143907962213877,0.006369033199590923,-0.016436462683815045,-0.011468967834584065,-0.01652893412437506
2022-06-02,0.08095360677845753,0.023913055692310614,4.8910660034096054e-05,0.008861174142723582,0.000779835575831278,0.019125522916627835,0.006737369769312718,0.012309182073779512,0.035334355670443296,0.03339958218892636,0.021315952391332882
2022-06-03,-0.030472011474230398,-0.0434851385658227,-0.013471185224543714,-0.017940302628809635,0.011948045452587763,-0.007037542010959408,-0.004818424143856248,-0.010152017266979896,-0.029470769716989365,-0.0141756068124822,-0.013445787666689246
2022-06-08,-0.040889264451851925,-0.008091539541954518,-0.030042358241512912,0.007141696289392208,0.00835838862011351,-0.003105785151404583,-0.01956625123696698,-0.0009251975242893229,-0.02083256622344709,-0.015166792812973284,-0.016220537059992934
2022-06-09,-0.03685136910630604,-0.010005178673508586,0.006094298544953469,-0.028363566816649866,-0.017691502852548946,-0.04134815250631585,-0.024029008565840226,-0.0031832564859568535,-0.026594564394699982,-0.014710965671931864,-0.01988875965746706
2022-06-10,-0.06876101307881755,0.012241408006377963,-0.03696929052733722,-0.04916456339188824,-0.010579442488407254,-0.030723470487696747,-0.00765089744582792,0.013412283666592417,-0.03700199446524788,-0.028228442744589688,-0.028072759100903788
2022-06-13,-0.08464255994390246,-0.022236222902969116,-0.012480538960153664,-0.0444354739355749,-0.019602721669250478,-0.06888176008416202,-0.045976994133837046,-0.026412288230091452,-0.055580319670949896,-0.04117127528119491,-0.029099904274511257
2022-06-14,0.010824842682724656,-0.0555521645258229,-0.015939774814520247,-0.004016165825156626,-0.019215732879124592,0.008837985342626586,-0.02527167074547987,-0.008003209616781914,0.007332601400303007,-0.01151713008291233,0.0077993054201328516
2022-06-15,0.022196313953887215,-0.016440766447529898,-0.04252348327510924,0.023663003840170616,0.00489796438589174,0.02855306906371391,0.006481689137232571,0.013050939388113303,0.018315973612420988,0.015450762354619396,0.0067441693328902375
2022-06-16,-0.09802178009625317,0.019876344617303143,0.003391269806447328,-0.06945164747381527,-0.020945785797702454,-0.07223983687182411,-0.019319906749602933,0.011243181594596585,-0.05926299943974245,-0.04028444976374812,-0.02877228161286316
2022-06-17,0.002649609380663831,0.014100554025253453,-0.00719634630241095,0.0006684659323907827,0.00524753607354933,0.046582750005259355,-0.009315892642719592,-0.008222816311715064,0.008187110913803863,0.010006580432379675,-0.004522678476235442
2022-06-22,-0.0020010115554646157,0.036728201364068847,0.02705019195183267,-0.009686055916276137,0.00026285732854214316,-0.012060036646299177,0.01052138539028702,0.003985188163408093,-0.014091160983553452,-0.009261783493192066,-0.016402687599289423
2022-06-23,-0.02488893627626687,0.02321605128261317,0.0295386863719993,-0.010318054390616505,0.001838376356678273,0.029598576043910363,0.023540223786070458,-0.006129257292171064,-0.005179922849211871,0.004609923049840647,-0.03664205324221537
2022-06-24,0.07067642252007156,0.013040302783078772,0.0007878571128663303,0.05310591778507723,0.030672453466751515,0.028910152216906182,0.017396245825437973,-0.0009984622015154487,0.04213675497288061,0.029979292638825594,0.02767313846759012
2022-06-27,0.0057849091613539905,-0.015936670774628348,-0.004828025040790607,-0.0023718540422220658,0.01106449578451052,-0.021310126040548716,0.008114727755967444,-0.0011170700540719114,-0.003330860829386384,0.004977664592004771,0.01432331312717694
2022-06-28,-0.035836279710289354,-0.010590024550509058,0.02080913577156074,-0.022431190385166833,-0.02641508418400962,-0.019193564352538717,-0.003737227799055054,-0.0016480211262837052,-0.025204278459105334,-0.015725647256847775,-0.00395388711270217
2022-06-29,-0.03706160573460082,0.03902016361987837,0.03525473251083544,-0.016178590463827414,0.018863020256636887,-0.04111160438511818,0.0007217116070277196,-0.0007663579045243951,-0.017618123967589105,-0.01723485519291834,-0.008052746857409865
2022-06-30,-0.017901594983250058,-0.022535812260390142,0.02169083804266525,-0.020098643490406687,-0.0017752860411511806,-0.024181289051002697,0.011101374541318654,-0.006077047294322124,-0.012505533984064399,-0.007296216600111927,-0.011205062231104956
2022-07-01,-0.0623866301038829,0.027747769208306572,-0.02005173032029184,-0.053965183054010546,-0.003302932448202678,-0.0017572672242276433,0.02452581746983684,-0.0008310541616338707,-0.03799140142994184,0.006705178979288018,0.00242839233579617
2022-07-06,0.0029648977210399163,0.0047970689470202554,-0.03855826695661668,0.03056223403357894,0.017753879833386055,-0.025748182644039996,0.010374386156378979,-0.015842188833696924,0.006801470734184134,-0.003608967675730046,-0.004145133793093114
2022-07-07,0.05976629562112912,-0.010232508914608363,0.0059283945400117055,0.045788817616347455,-0.004082679955924928,0.047857248782056994,-0.0009978952428904009,0.000555053276362516,0.04617863238999953,0.023673923435081123,0.02473563269564094
2022-07-08,0.018870370540206016,0.02805365915462099,0.04679396302697625,0.012137161028411114,-0.007453318544857868,-0.006816764276042497,-0.003283678256784772,0.0004315313201161963,0.005397053017137887,0.0012636838782160709,-0.001508764311167643
2022-07-11,-0.027833736804996567,0.009718819675223367,0.011677937045347475,-0.018267277666508486,0.015018742675896535,-0.03225796667171754,0.006302024789099248,-0.005360507452973451,-0.02396476870107045,-0.020194327375225307,-0.015922726311243696
2022-07-12,0.020902198074083334,0.0020673789837639678,0.02619024043292706,-0.007534406257104775,-0.0012331667950837844,0.012056698349718564,-0.0048393212791202345,-0.0037167247224720867,-0.0003928324440576336,-0.008115356016128894,-0.006732053092295742
2022-07-13,0.010971375921596138,-0.05078894041462745,0.002701285297643796,0.016218073621167672,0.0002469708921031266,0.0015766808239618957,-0.004147683611714803,0.004787690503602615,0.00790914796322717,0.001428473304953215,-0.0008324390616263333
2022-07-14,0.03716160492271392,-0.013589294943676666,-0.005285817282793093,0.002829694603502686,-0.0018514117272305786,-0.035857841222834974,0.0,-0.014047055610919013,0.021104549361615765,-0.009467077235355226,-0.018921769679745126
2022-07-15,0.03347007286834858,0.023173745594231354,0.008164513437591614,0.05056434915037178,0.03511805574789317,0.03356299881652269,0.0018670652031609336,-0.0020084561635671516,0.02525048550010589,0.016758528763944902,0.01576894384911398
2022-07-18,-0.020885402222984295,0.02168696460125541,-0.014756441959889344,0.023205881378755677,0.009795680708875487,0.003686137960016822,-0.013904721825577337,0.0009433945063559435,-0.0074025560138512025,0.0047642255724245075,0.0023884627909565026
2022-07-19,0.07035160795480344,-0.029214456969584135,-0.020877433511271026,0.018059487189849843,-0.00792612178692409,0.08184698067983498,0.006396447739780653,0.0023874693093759447,0.045684912706869474,0.0378062885861139,0.035144234365715565
2022-07-20,0.04373643953541961,0.02655161861010935,0.022602942862210984,0.03382847436463887,-0.01144767668762603,0.024894938302344016,-0.013289116362605546,-0.009402031234323593,0.023548840092275647,0.0016049740642791743,0.001381006910028626
2022-07-21,0.04163043123817656,-0.004691989942528729,0.02729037724390171,0.05147640637866813,0.012907209490600868,-0.013564839310006294,0.0026351696501565325,0.014110421925231709,0.01678434341474766,0.019973156673600334,0.004367206367711596
2022-07-22,-0.03756109369079952,-0.0045603052233105235,-0.01943021826491187,-0.008538803523610916,0.0008337448576709594,-0.009753809030330629,0.013724364400444111,0.00249575020790771,-0.022627401753724463,-0.005197972377396054,-0.007208926754745493
2022-07-25,-0.013190216985385028,0.005514656999792145,0.01836396615219904,0.011100437529347307,-0.004164853742031571,-0.0029065329975886955,0.012530805556448588,-0.0027385476219622396,-0.006173654068017842,0.004860233262978797,0.0199400107974681
2022-07-26,-0.02228843222858512,-0.0034206678202115537,-0.0017107875267267092,-0.025364401546724147,0.02760179878452851,-0.060242846598766,0.00597416835896758,-0.0011858106875901608,-0.015086317292207552,-0.006892338856994473,-0.002599094629313403
2022-07-27,0.06529585914965708,-0.02062380657958307,0.009042101208701858,0.027189808214273636,-0.01604642726587302,0.0353266960973575,0.0008484965154447188,0.010184984698782484,0.04680808150995164,0.03908445766929347,0.016881887808394058
2022-07-28,0.03372333709675801,0.022633498539698316,0.011708051641775796,0.031196590045794004,-0.0010636671390301666,0.026131801323473036,0.035885851037442684,0.012185323455280006,0.012222469737848574,0.03245817614995139,0.005682460791826438
2022-07-29,0.0185053214870734,-0.007303654903051293,0.023324327256889932,0.018335311611965555,0.010292299469901955,0.004379412987739251,0.008592291733438673,0.0028110896821249565,0.008333357165284605,0.013960083537729151,0.018280597806203724
2022-08-01,0.005709870094228853,-0.009067252234650769,0.0014250720834614317,0.017285147022231495,-0.008079699513249827,0.005006448902979077,0.0010820300674150296,0.0056672312077465925,0.0020238588981722483,0.002350700977322262,-0.0069634537175187194
2022-08-02,-0.016359841642928363,-0.011868176904707206,0.02806638418266094,-0.021770242905113313,0.004840139940448296,-0.016551408387298405,-0.0020263391748934767,-0.005938288400823777,-0.0020618332760656832,-0.005695291976634098,-0.006793021388955989
2022-08-03,0.04189386281554652,-0.023908552608571054,0.007497979603422911,0.03238651598805897,-0.09398501201555443,0.02990199153418538,0.00622643874626716,0.002438243761313297,0.023908912748704658,-0.000673930045614668,0.004302224615058581
2022-08-04,0.02323213488239717,0.003535534895908299,0.01382451594279921,0.012244573268899606,0.010243812570576383,0.01110576341522429,0.0021523615700562715,0.016539989487255546,0.010172023803695307,-0.0006742057703182924,-0.005711757510075577
2022-08-05,-0.0075965374700389665,-0.0077515252686714,-0.016233561995765644,-0.02915660080824989,-0.029649610491432332,0.010199581917721412,-0.0036243308475149005,-0.011246066300201418,-0.006808232809561332,-0.004835857921819842,0.003203761647051495
2022-08-08,-0.022658419955558062,-0.026898288563722894,0.040223913722251536,0.002145377644268587,-0.007936580934376325,0.030754735057346494,0.0014819631126663513,0.008470017618367853,-0.01728092438546569,-0.0014692124627539993,-0.001761951003051876
2022-08-09,-0.06576727986189135,-0.01928378255275842,0.013583875282932478,-0.05387076725219908,0.021866839683648553,-0.04385188309747201,0.011164879569670383,0.0030595386607856767,-0.041852994980586034,-0.007582433230105212,-0.0019856349099303117
2022-08-10,0.06233091554685499,0.005022422829775275,0.018177520454653928,0.02582950038810683,0.02009380873678368,0.03451556860278515,0.004390065823684619,-0.0025119508170524663,0.0404987174735576,0.032500736229025495,0.018016964002562696
2022-08-11,-0.013573790773651395,0.051536627111294475,-0.028661569392450126,0.008638149394798011,0.011895478787590674,0.04768418883380443,-0.00013251947498271743,-0.0026382206776995876,-0.0002093941627199225,0.0007731818171037297,0.006731803215686005
2022-08-12,0.04265610811208265,0.035177748986724655,-0.017195411373715275,0.008017438359972928,-0.021414273770996695,0.0029083571877930314,0.016293673078249693,0.00919802099904432,0.028244568541295312,0.01611315228945953,0.018442628216069457
2022-08-15,0.0014195346700280886,0.017569226546170436,0.02559777765252469,0.012653607897639585,0.008441511557569559,-0.006959681896603009,0.008341807336229357,-0.012867030834262327,0.004523720029294909,0.0,-0.007201113902033263
2022-08-16,-0.018459908292708604,0.003260371521075056,0.008327228232557715,-0.004819557181552803,-0.008628375312615733,0.036355803552191146,0.002844005502301794,-0.001750096754401964,-0.01127877406169453,-0.00412749789336242,0.002773460994160315
2022-08-17,-0.04678839208510421,0.030519889712364856,-0.03980192034231067,-0.024394719903538475,0.004156802273723725,-0.008312212168065103,-0.0016756825634217654,-0.006468335614034371,-0.02146082500643165,-0.008724990616913897,-0.005424963629936053
2022-08-18,0.0399799742058502,0.03310033112482191,0.015177476993671224,0.02445281239912589,-0.020957268607292745,-0.0026993674251580835,0.0037444288467980424,-0.0026164156896926194,0.013964031598541204,0.0049512890773515394,-0.0012835583860270061
2022-08-19,-0.02313872093576208,0.02273903989625503,-0.009957795548618753,-0.021715523155710126,0.01876331419753141,-0.03846165636783261,-0.0005145841938611895,-0.007320625681104476,-0.028163781287600442,-0.022553359816639862,-0.010708912728589093
2022-08-22,-0.04739614644456369,0.04449305284129901,0.0245480737210515,-0.03577332801465749,0.04111527139144555,-0.05170344809210947,-0.013642181177366819,-0.006637179344595956,-0.03485252567963115,-0.03136205314590623,-0.006927934887967169
2022-08-23,0.016930483657263684,-0.019093826430878313,-0.00016180430065526608,0.0015221472850523998,-0.010215442654131102,0.022340284958329848,-0.006002096359800868,0.0069908740848763085,0.006481482694860485,0.0027752438718997574,0.012535464934615437
2022-08-24,-0.03070713836830552,0.0006068154913070334,0.004420771241818056,0.008358306474596677,0.026054088566424216,0.009779552236106381,0.0031503938413253163,0.0029489200401788818,-0.0006571041081375739,0.008994557501704081,0.008289421328813606
2022-08-25,0.06440424665433775,-0.0031831482030022507,0.023273040058532368,0.002637781864601285,0.007850849922069969,0.024818482692684496,0.006150299754657196,0.003062787136294043,0.03357871110566202,0.01485726408305621,0.02359602557680529
2022-08-26,-0.07864649699075732,0.026579715117184488,-0.01634296345965469,-0.02029302622689866,-0.0025559592629726957,-0.05448893355000073,-0.015346823872535609,-0.012152705301765265,-0.05560258620197789,-0.036148802872171704,-0.018149769523496118
2022-08-29,-0.0351560037657872,0.018985336263334984,-0.02222569878238434,-0.03471429485920485,-0.01891402302947176,-0.013587299826796295,0.0030382516549769534,0.0006182375550920494,-0.01854761643999603,-0.004673317081307027,-0.006586445675833774
2022-08-30,-0.025856962609646317,-0.00421556715602589,-0.009745911462800794,-0.025630945355525236,-0.011567162944582265,-0.005066656655811852,-0.014616998031383055,-0.008340578885610683,-0.011439574787383333,-0.010212537210209427,-0.0221367174281496
2022-08-31,-0.03620914556368715,-0.01622995827977458,0.014839802997853813,-0.011724978297093513,-0.0027683327569111293,-0.10486943057272957,-0.006548165816471663,-0.007725314789180926,-0.006804296784464037,-0.007353011223960371,-0.009842492759055133
2022-09-01,-0.03298352816106165,0.007390269556329265,-0.029130351408129807,-0.03641808910778266,-0.02422726188339397,-0.006755515949174451,0.014393364408813225,-0.008790162100319021,-0.021857686863859804,-0.007168408035884144,-0.009277710611548917
2022-09-02,-0.028114256785222946,-0.016725455077394646,-0.03904067279230872,0.036723774115585694,0.0015519824690564121,-0.023089194482315167,-0.010741331133077181,0.008804709144487166,-0.009815100531907484,-0.008784673010004296,0.001449294608328211
2022-09-07,0.02783314770104739,-0.0401949194752963,-0.011242222800493251,-0.007626302973009813,-0.009467832707189983,0.04847687286844771,0.03128747127928455,0.010168638866495439,0.015961114327597503,0.035605867163257976,0.009799657703932985
2022-09-08,0.02845003752536157,0.009085828415769104,-0.03705655469481506,0.010632672078752625,0.010849958357269873,0.025332029991732563,-0.0007779809548221772,-0.006002292729855863,0.013555021397539058,0.004459080748091537,0.0058004114081970926
2022-09-09,0.03769255832107965,-0.013369030046273989,-0.015094762504798798,0.03729158455765802,0.02197803878621385,0.04682112016416107,0.004022309498690868,0.005283756568463582,0.024809763672218432,0.0167054833167688,0.02306746521149572
2022-09-12,0.011835626307497682,-0.0036870382893977593,-0.0018241259624369732,0.0038159674859199466,0.007001753743542283,0.01171804885271066,0.009563436215117349,0.005068186218703863,0.002490009665738535,0.012984343852219027,-0.0037940171941336365
2022-09-13,-0.09691293313413485,-0.0005892700248881777,0.011759167466262932,-0.04071611445159895,-0.015023549149689952,-0.06508953806761753,-0.02662569872030085,-0.01301133993119441,-0.0595214967419585,-0.03278177416280326,-0.023395011635566787
2022-09-14,0.032095765679680976,-0.030990504709959454,-0.016041298303800522,-0.0014602119734352659,-0.006933212575431114,-0.03193177677393888,0.008153585471228908,-0.003847613448870524,0.010857800598973455,0.007857671368093566,0.0069080672835970525
2022-09-15,-0.016494878456915774,0.006345721155132988,0.029442550334113138,-0.02360294912533878,-0.02449850777388396,-0.015681251709257715,-0.02491538607498145,-0.018679143196684067,-0.01780525791489862,-0.012916002166625695,-0.01748366343834895
2022-09-16,0.028235523427878384,-0.051946961811769055,-0.015023209601225385,-0.005241299105049668,-0.024723489846468216,-0.0036622448149373765,-0.0037456015693980715,0.005549107201315628,0.004482806980772747,-0.013320800256811816,-0.013289835319501786
2022-09-19,0.012797654918440537,-0.031818655161049314,-0.016654401764708004,0.004516154705869413,-0.003602423927952625,0.01047582252209378,0.013397454999141578,0.0007700871329356929,0.006571421886405027,0.0053762347618711015,0.017121351294497877
2022-09-20,-0.020332020551076635,-0.060040675929874054,0.02755660153519557,-0.0032111964152174988,-0.011917417358319304,-0.022189921533073642,-0.014541338606767318,-0.005706587274526553,-0.013836771142144988,-0.020083030627349396,-0.01357868994525746
2022-09-21,-0.0005425779669612218,0.024542836101762333,0.003514626195492143,0.013208787773049568,0.02615519868133087,-0.02325137847458103,-0.013672635652684173,0.004642973675810236,-0.008349458199848225,-0.007276299740880288,-0.01353823095131479
2022-09-22,-0.04254402019141912,0.030798973576997346,-0.01227279704749773,-0.05193437346171903,-0.019413584133991746,-0.02951819080027529,-0.0035687143640054098,-0.0005776772692025478,-0.027700202383131756,-0.022233146858853914,-0.00622748187437161
2022-09-23,-0.0201799980144014,0.012486170787999296,-0.011051993144249428,-0.011403032077306974,0.009158093455687188,-0.0480769172801786,-0.011570014134342554,-0.01727683040546535,-0.014296059726686794,-0.027190850465525274,-0.039921232233880555
2022-09-26,-0.010327138519184875,0.03472689194274725,0.022284023265808584,0.011421507222446836,-0.01027605339198956,-0.05009283913596074,-0.024108008936629788,-0.011633219026207842,-0.011644110473373104,-0.012113475299006526,-0.01728506618866177
2022-09-27,0.016337966541345006,0.05510715589906523,0.027625582137516425,0.00581396580423843,0.007281418671440498,0.006076360024331429,-0.016849851992822296,0.002049841746687875,0.007573670825089529,-0.009522460466972582,0.004428094870553734
2022-09-28,0.013132502151114389,0.03291798085693909,-0.014856970871433561,-0.00022247270584940804,0.022891561223918444,0.03990523351955466,0.010747948423714293,0.02078665233491006,0.012736857379026523,0.026866677202986855,0.017266590785288916
2022-09-29,-0.051281065954879024,0.0529759309620772,-0.0035220528652003535,-0.03958184923751562,0.0007854648703120581,-0.03650685103367901,-0.04009184781945341,-0.00019392836526865853,-0.03149319657327987,-0.028985457154175998,-0.020825858372978123
2022-09-30,-0.028604241123956653,-0.030192232887822357,0.0015046122778876736,0.003936222923662136,-0.004315579149417381,-0.03552213855571096,-0.019311567530342133,6.462244018679009e-05,-0.014795062423992977,-0.00620772723061247,-0.008114060665336487
2022-10-03,0.05634184884972848,0.035926671882032135,-0.019236175153426793,0.017758109013803924,0.016023094987156927,0.04441968298068821,0.029308697491636115,0.024309785681440932,0.03586861578717304,0.02139792320471612,0.026524594990896766
2022-10-04,0.055620862625517686,-0.039288308266780536,0.0021743787775079237,0.06242917395245784,0.015770318337716693,0.0632611511849468,0.02120688252163294,0.014328122056449066,0.042761736253355664,0.04398187637110729,0.035257257491933425
2022-10-05,0.01747661068242845,-0.06538462363720998,-0.0006843797987030609,-0.0050122830265242335,0.00903555421654123,0.01668349291055371,-0.022218823220308992,-0.005538266375543777,0.009902043476743838,-0.014583194609952055,-0.011896450862388441
2022-10-06,-0.014995070286997203,-0.025316792397758192,0.02038027326236569,0.021436436967654737,0.008449908987496313,-0.01897989498974839,-0.03297207912168654,-0.00112629171222689,-0.006833676282356205,-0.018846452686614334,-0.005547613129357809
2022-10-07,-0.09641875622711804,0.04217663095234703,0.02291455949069121,-0.06138519234371975,-0.0053776515248544765,-0.040104607120023505,-0.020733969920150974,-0.010962851258976669,-0.05963306902472876,-0.02913513119698863,-0.015549033982280247
2022-10-10,-0.05945751514927067,0.031224418096447604,-0.007771942635367068,-0.03264403786329961,-0.004526482426548406,-0.01742590631733043,0.001725098359381505,-0.015201476317757034,-0.033404059684835063,-0.0034520404865125975,0.00687247361552612
2022-10-11,-0.017072763281830494,0.0005256958006383261,-0.006578012104920816,-0.04102631211906527,0.006946887970081361,0.029273357747218176,-0.003600981344715648,-0.002058091550185215,-0.031541390067591935,-0.008794177094710975,-0.00730453246173024
2022-10-12,-0.019766597619633286,0.007274749955491044,0.010023586719475786,-0.0020486004718395234,0.0047667009294325435,0.012455585664927327,-0.033312421032484885,0.00534932850905423,-0.006004004618983094,-0.007797111857197447,-0.004945822571950864
2022-10-13,0.03602145261015455,0.04807355361011911,-0.009788736149636934,-0.006641628083927653,-0.017602986428765455,0.008817249073723055,0.02503268586137941,-0.006923532232980256,0.030600150480853294,0.027774424909032147,0.029943112850933984
2022-10-14,-0.07292028566483832,0.032667955798970416,0.00762595273483635,-0.03367362215273306,0.015249818682918859,-0.007926790289190189,-0.014430873433778468,-0.012458897998479546,-0.04262983289132494,-0.028209969354479725,-0.04449148256403779
2022-10-17,0.031837258009212555,0.046618615352807646,0.0002642352677262316,0.007799641587198591,0.003629973451948487,0.01700454918562566,0.020917096819029535,0.0028762090057179446,0.023679047034581124,0.03364076406823546,0.026237860053147433
2022-10-18,-0.00015185807292439346,0.03107526102980951,-0.01939787533623849,0.007614640385816829,0.006859380908174062,0.008259428554983739,0.018282186513014498,0.0021509701146735782,0.0002255715339314346,0.016929307823979833,0.012963676744329078
2022-10-19,0.004396917520025578,-0.01734100854559384,-0.022409875557828474,0.08151617608917361,-0.010033261332189736,-0.036763138603747025,-0.013001144598187353,-0.013398358104674823,0.008065804741280713,-0.016131130799388216,-0.004502792316014137
2022-10-20,0.025307216097486318,0.04058798285953835,0.024880995817055718,0.03619705144657348,-0.004003886893981234,-0.021987192073885886,-0.025246996252516585,-0.0015822103586343728,0.007945514074209292,-0.009312616128297146,-0.001071338504683661
2022-10-21,0.04681936489844629,0.03664629906530559,0.00035718128495654256,0.016029194866602703,-0.019598061906961117,0.040084968796422205,0.018500693753810804,0.017827646105301076,0.034473263558912226,0.029392186898716588,0.022402193560370653
2022-10-24,0.03707977753361491,0.03062111835477266,0.03307019615978568,0.04003913913150425,0.019092687668069264,0.00020383585724093045,0.008371448285910521,-0.003243594030472474,0.003165963524937254,0.012218760838064169,-0.003846189698816116
2022-10-25,0.03293353215529682,0.02035571757809751,-0.005758863434988104,0.03776549117502559,0.014837059008078857,0.06014265445581435,0.020050237189037867,0.002277944142005106,0.015833998358419255,0.03354475369910115,0.0207090515977697
2022-10-26,-0.024446811264042245,-0.017759709274836277,0.005153656775875204,-0.010382986547274209,-0.006690580528425749,0.00673081077168991,-0.0004609579747588688,0.006363608620383543,-0.00979464088019144,0.012540122144578447,0.010201742901371436
2022-10-27,-0.03746955418013276,-0.046013466103059564,0.047560433835299065,-0.015279683426194013,-0.0052388080575250795,-0.016236788628174015,0.007989055616268503,-0.001548523944967184,-0.012497215289446029,0.0027926656965124863,0.002836689355096844
2022-10-28,0.05270774542512857,-0.004608699992304177,-0.01616850187259755,-0.006103253443965673,0.018181813633429078,0.016116500105214815,0.02743506734144363,-0.010210687443231947,0.038181772385596835,0.015256232673023673,0.0030550971668965587
2022-10-31,-0.02752116202989796,-0.014344239264637904,-0.038327475766436137,-0.004995761657938469,0.008743766225544514,-0.01930079103683846,-0.009346042279178013,-0.008161399648159207,-0.01846654532094083,-0.008587006396015284,0.002256078218901836
2022-11-01,0.010133711367318998,0.018617638785254353,0.023747618462989672,0.007635940773019767,-0.022097394484383193,0.019290858409863,0.003893628838037566,0.010203429757038585,0.006923114696446797,0.006736407761528618,0.006077584510409517
2022-11-02,-0.03163352135500863,-0.007389891538657101,-0.014539352200409028,-0.01920490560530652,0.07440708456566791,-0.04989490947826203,-0.009695938132092241,-0.006972548399621914,-0.028656885912760388,-0.024375614724889694,-0.0180110558450004
2022-11-03,-0.02066491419807248,0.03500197601444399,-0.0012250505537291234,-0.036791614628411407,-0.0046479773416706616,0.023742495523469298,0.004368193868101056,-0.003806036048150885,-0.011725335181338892,0.008695674965657041,-0.017429776325075585
2022-11-04,0.07127440819059627,0.02324050028775515,-0.008450260904761198,0.023583701024445958,-0.017394351649018813,0.04009437237644864,0.006148744341300416,0.030696289684813083,0.046473399964027884,0.02501224882922748,0.016115881638312235
2022-11-07,0.019223266173629128,-0.006198709157111626,0.0068841190888637716,0.026701176135583538,0.012831175894711055,-0.002645562349809727,-0.0190786397261834,-0.003962389674382338,0.01974918670997683,0.0009476384901403456,0.007302631195717391
2022-11-08,0.03127546159548644,-0.023615131737168782,-0.01739864460912499,0.052013397778544634,-0.0021113460864898848,-0.0032209015468447344,0.006989656199391403,0.023099074133724695,0.02156996602348471,0.018343124831684543,0.016311728836808426
2022-11-09,-0.058034205423812435,0.011951539498369357,-0.004696662975998023,-0.0113635208089653,-0.002233619058548242,-0.045048471828965764,-0.007846801458466057,-0.0050172660211307285,-0.027182899256114168,-0.008599682526260533,-0.03120822257886202
2022-11-10,0.1428493489314835,-0.03104374492671602,0.0144400114077321,0.09739858957755843,-0.014255381543444634,0.11962583161291307,0.04714854508471111,0.030444387121793204,0.10218070173839844,0.06107133997400349,0.03888635845491417
2022-11-11,0.04208234432237323,-0.013963302516473042,-0.0129344351588494,0.01341409057499443,-0.04254807768731139,0.09724445097415813,-0.011183810267723193,0.006606324071935177,0.032789154659339514,0.004971244572921529,0.0015502848988888651
2022-11-14,-0.01791752641225841,-0.04891584819698225,-0.014991500213893838,0.02502273075786965,0.031082335690221674,-0.04034353980091798,-0.011897816703068664,0.002187655661719301,-0.009465490399584886,-0.005386313488864536,0.00011054307129665375
2022-11-15,0.03311547929256009,0.009346408443084986,-0.005379307526237387,0.02476577916822853,-0.016828193818412385,0.04254599746906784,0.011000454748427702,0.0035168677995043307,0.03150289589932309,0.0029839951580488133,0.007518073440649475
2022-11-16,-0.07574913195180832,-0.004204539681512687,-0.027169199502437236,-0.03556013796506963,-0.0016006646684904036,-0.036922962302275764,0.008969281372798621,-0.0022961020109516506,-0.03599294972379252,-0.0014324898229550742,-0.01141232612637566
2022-11-17,0.015783070191464965,0.04042009983451389,-0.009657285319107922,0.011275997636237767,-0.001356762961404634,0.004371995363056769,-0.01748758974292952,-0.007267423593311895,0.007540871471588773,-0.00011029577373011801,-0.0049948971525487496
2022-11-18,0.009157145608911454,0.019080769604103986,0.0009455098768145209,0.011327478525392731,0.002840572868299418,0.010379799262802525,0.021210409145990594,-0.006893636502166456,0.0018256158178442394,0.008387777285381981,0.00066927256782634
2022-11-21,-0.03222791947267356,-0.02428312480652406,-0.009047024253238556,-0.013650908229304148,0.010837408649861935,-0.026511888415900686,0.004502528103558667,-0.005589952950737276,-0.017492848693147378,-0.006019681596735493,0.0023412192894007866
2022-11-22,0.045564425596080094,0.015006012658966172,-0.0036349935799397937,0.012242982123007007,0.011574197292035127,0.04476587164267731,0.008530968490874091,0.00117372396636517,0.029070934620949007,0.010680365937612235,0.015014972955560424
2022-11-23,0.013017349870478645,-0.01362488120003491,0.002178110497126573,0.023137454147126313,0.015295603702315752,0.0057022811376883364,0.011182590773268108,0.006231840940288613,0.00869566565669122,0.007735241252432523,0.009423520070827918
2022-11-28,-0.040881177618867226,0.005705793214082044,0.03042441194508272,-0.012715355334862899,0.011071869199499762,-0.01406440706601797,-0.010290490583089729,-0.007903495498554403,-0.023593114330401455,-0.0198924177655746,-0.014461458531235816
2022-11-29,0.0008867743768135039,-0.009535859533023938,-0.005430602292909481,-0.01235039457602538,0.025046657003431116,0.04054378449525786,-0.007406338758942255,0.004940425418036076,-0.0027311420283642196,-0.0018650819151664333,0.006022770640341735
2022-11-30,0.08133082375501721,0.033992732390354385,0.014902488832737149,0.002322446877655482,0.004659545640639529,0.03545019002518046,0.024967663243109284,0.012781920270785507,0.057046000391210994,0.025170332056577926,0.01600078315084663
2022-12-01,0.008022543437601781,-0.034633021887912396,-0.0015793763745837186,0.03760467534146583,0.009728439473903006,0.0943732033821405,-0.0008397621553847268,0.01838479961277617,-0.003205526471334763,-0.0025731633652377184,-0.010606302031981985
2022-12-02,-0.018146042322342626,-0.023298526233893835,0.009104426909852581,-0.012882077200742748,0.0049295556910680105,-0.008025112905025944,-0.004764020354986465,-0.0034556830535615868,-0.013744426193946002,0.005912098621200457,0.006713579169293604
2022-12-05,-0.019763787763308782,-0.05202436848730063,0.03282613047908178,-0.004001915326777961,0.004013205054894664,-0.02413233870630782,-0.005631495381278162,-0.017158885635801036,-0.011926070770240771,-0.00940384652685311,-0.02301813055754942
2022-12-06,-0.037259391936825925,0.0008653488184626745,0.011262351314831331,-0.008036650081513885,-0.006218006981375757,0.006463310939095468,0.006229811783391437,0.0027373742314797944,-0.021924923590066814,-0.018338626906468702,-0.007046158195567531
2022-12-07,0.007676421827182089,0.04594478679682523,-0.03365171674683165,-0.004578894630636876,-0.006815522950544994,0.016473395288190362,-0.004643221984088397,0.009039101712364994,-0.00023106785376936223,0.0037363997297061857,-0.001552270008566059
2022-12-08,0.0519048942918221,0.005238490422289965,0.008163144366136965,0.009907951830746775,0.009449848724465415,0.040516420269068654,0.0065024737365115826,0.0008416965556858891,0.025472730114080244,0.006459277308962674,0.001998865026391128
2022-12-09,-0.024404837337646756,-0.03572532059892508,0.024645964664707254,0.01138745695131771,0.02719272878300738,-0.031018911731709342,-0.005196334984064577,0.003544160110315664,-0.008024621447987434,0.0006526029537419209,-0.00310325808623213
2022-12-12,0.023784977548774178,0.011598072347056121,-0.002104162724671288,-0.014204048401403768,-0.009656135151981382,-0.0039503948931047805,0.02287133351165438,-0.008260534556326027,0.017815066502145704,0.0004348710581894011,0.0021123272660954484
2022-12-13,0.02852286981192176,0.02670407826105592,0.022274586549503095,0.04234778615649315,0.01752840946345846,0.0043761999304434696,0.0030364811521277346,0.017081132038632596,0.016654760314942285,0.01673357858804736,0.006434440810025643
2022-12-14,-0.028919017307240447,-0.024656890414526123,-0.010899280354907503,-0.012811982294154922,0.009367023860256785,-0.015795022471819742,-0.0012383832173651355,-0.0024330212847030186,-0.017216370807418335,-0.0003205400795386337,-0.008046800628385142
2022-12-15,-0.06264682810674771,-0.04728399924683879,-0.031243288669263625,-0.058231029171001536,-0.0055465933561752445,-0.023381274718216827,-0.012124637869422972,-0.01635930934057528,-0.038074840501408524,-0.0327132825795684,-0.021224506930631604
2022-12-16,0.002589479112318438,-0.0002638045472982409,0.0011483309799826813,-0.019945405075635803,-0.0049341303970550365,-0.009916853921588364,-0.017015070289437273,0.008708721678036602,-0.007758452541903327,-0.015141434257189501,-0.006698433235867163
2022-12-19,-0.022697519447805403,-0.004768427151457977,-0.034081801384445276,-0.005920350225251947,-0.012611794769305185,-0.01330636725015688,-0.003976894027566624,-0.0028178306902848504,-0.011833628295769394,-0.004713410582625199,-0.005873205019221284
2022-12-20,-0.007705302931801161,0.005041942374481412,-0.005987956140171891,-0.013586820213631223,0.009825339875041639,-0.01696618261558991,0.00028730686266542627,0.016594482836064905,-0.004887807667025124,-0.0001126959443759068,0.007164673023199786
2022-12-21,0.0390417194313748,-0.0023653312205397237,0.026996499616122938,0.028679511784605705,0.0,0.013866442866312667,0.013926781924934017,-0.0016560135809358112,0.0223442291472582,0.010938369643065826,0.010029160375069512
2022-12-22,-0.07019178431919104,-0.057747812498929574,-0.03672774980706417,-0.04108588293737758,0.008648683390565237,0.005528612726284798,-0.006088861855382599,-0.012085358459954287,-0.04145082023465496,-0.015281703695471438,-0.010391458267079323
2022-12-23,0.004692026251936765,-0.027585737971497548,-0.02630784358952709,-0.011285268534405701,0.0016076477131024003,0.013746315521629082,0.010257824472664545,0.002998321039039853,-9.827294981190615e-05,0.0013975986909295912,0.007933687537503564
2022-12-27,-0.026776527109178105,-0.015478556176899527,-0.00327919214391581,-0.012768650554714434,-0.001819123749232321,0.015986123564434962,0.006205109609424886,0.008430011409881644,-0.017888726908812824,-0.006467806084348049,0.0005788484309872111
2022-12-28,-0.03587641536385333,-0.02070260652846123,-0.008050583421880475,-0.016656792565264422,-0.002572859240167813,-0.02964286392112947,-0.009530646353136052,-0.004505807286929064,-0.012710172193295066,-0.01439008243221973,-0.013072633514358056
2022-12-29,0.0330768351824009,-0.048751076011137484,0.029298063463331525,0.029693201891724197,0.011285482274748126,0.02606040602593329,0.007216452259381612,0.005598251568726287,0.03264070437576572,0.018655887583245212,0.010666868437367194
2022-12-30,-0.015947334504525568,-0.01750439851439667,0.023527867290736415,-0.024966223157983025,-0.0030823522593385055,-0.00395085294038966,-0.009552938413762146,0.0046786689817972515,-0.003926590878897684,-0.007621479463343239,-0.00440730389096422
2023-01-04,0.03689822203561621,0.011985698098263109,0.009228858453600886,0.032097088360971915,-0.007538959509306942,0.05493256805044333,0.009078152079706525,0.0094119059589024,0.02542456454465558,0.018235895931959734,0.0027010477882201123
2023-01-05,-0.01922661185811103,-0.03962398634248432,-0.014611077477239776,0.005400169049178061,-0.0023933526991961607,0.02072255899479125,-0.021648020295803594,-0.012451461859522062,-0.01791757083035861,-0.01712082086949218,-0.0046848841104534245
2023-01-06,0.07222550769963276,-0.06672638290864596,0.019711741355546097,0.02148535523616446,0.009179141459040085,0.04242595331880494,0.02011543472500521,0.01870749684189077,0.043737575765664616,0.026930836700431282,0.027300618277180222
2023-01-09,0.030480186578173418,-0.049602324891052874,-0.01670206471267599,0.06364475185251539,-0.010129152624365756,-0.008614310522637059,0.006760532294170396,0.0022451175785793698,0.021779244411276988,0.006137802420537186,0.004581752862021338
2023-01-10,0.013403098522809076,0.022136822573519233,0.016280398228070814,-0.006648592565715372,-0.028192649575355944,0.009948352583511344,0.0002795762698679649,0.0036760446135073455,0.012992436811332109,0.005212903917889866,0.007639794932420063
2023-01-11,0.01850745108012819,0.021451553246761623,0.02638822644365124,0.017161436835090527,-0.022563621154555014,0.021072401818718944,0.008112280007164241,-0.000686793935011365,0.01173036737921107,0.016330173596752484,0.006902797593902887
2023-01-12,0.011438617798741557,0.020009801447339326,0.008764552554494376,0.011304237054306832,0.004397181639838488,0.02161440267805781,-0.006798211112729269,0.011568000967502767,0.014977849629515427,0.013027703353748032,0.012811789632121595
2023-01-13,0.00704714096381065,-0.00570544454509081,0.0003352194393209107,0.008842352269304632,0.025062820265080665,0.030121871990324456,-0.003631849273959653,0.012001783992939385,0.003600229781130393,0.002572151543710044,0.00410567055542721
2023-01-18,-0.009931370969262332,-0.018317725311760236,0.002230559027001089,0.011873162277246996,0.008494110916203779,-0.015484154452522603,-0.024006534199040197,-0.0028717524486322477,-0.006251947562360138,-0.011752315964845717,-0.01082517747327516
2023-01-19,-0.040798967118159,-0.014989913066933425,-0.0006236202186246098,-0.03748352468118976,-0.00374327934311125,-0.02253516127329247,-0.010069406299617056,0.015868520044824974,-0.02445616161045816,-0.018486482857111852,-0.004131711019260131
2023-01-20,0.04602152089636524,-0.021414587439729238,0.003314274206166923,-0.0003388465378104666,0.008245500824550112,0.038304409230213166,0.005957674563488391,-0.003335405556458948,0.03251739213504612,0.014649245531391797,0.011549693634163694
2023-01-23,0.0748405435850017,-0.006506188949486735,0.01652416476548635,0.04166675999304159,-0.0005176907742134862,0.0422112700148749,0.0002890885647857111,0.0018964337632443318,0.047151935935770384,0.015089045103302112,0.002992993328478688
2023-01-24,0.014093814607723187,0.014579045980561478,0.001185072118214281,0.0011381934343153155,-0.008596602712975132,-0.004660487433939986,0.005053603404699292,0.003618515163479552,-0.007098722962698423,0.003101206479172447,0.0037577623170688135
2023-01-25,-0.0029109230379880113,0.002592694977206378,-0.019761842678953867,0.0022736965697669476,-0.009611208113318392,-0.007803535033117037,-0.01350543431222817,0.004603959599926544,0.001015240383482885,-0.001066145140632413,0.0007707120612769902
2023-01-26,0.02619904212727109,0.013121814917148367,-3.731459807854165e-05,0.0032410172514447666,-0.00917724016379784,0.0013481764990033174,0.0033499399782737083,-0.009055266877154966,0.0179190299554286,0.008217978051884733,0.009351936650145776
2023-01-27,-0.00459358822681033,-0.044331853067198335,0.0031799869932216396,0.0016153243535905748,0.00915568991578497,-0.013240540739101747,0.0,-0.0013929904624704337,-0.00655979952650565,0.003493008045268864,-0.0023979859568974415
2023-01-30,-0.028295551397616303,-0.027339710237865522,0.002447608448719496,-0.02693102088553223,0.01434754210610878,-0.00784632877718372,-0.0044998382323167,-0.002566715270248765,-0.023946810519943074,-0.008333334027930683,-0.00874133972416169
2023-01-31,0.036729257289412676,-0.008649709072977685,0.007002711566614694,-0.0013260080416240827,-0.01924088580337302,0.030372407534172252,0.007436374815649183,0.0036362115419990015,0.015200157190939034,0.01361560161854114,0.013337715676225104
2023-02-01,0.08024383758458109,0.034277204180250154,0.022388462368543305,0.007965567047929056,-0.0006360988494791275,0.03548385995080339,0.0017368877534689187,0.012596814339808304,0.04715312455988019,0.014482015687219407,0.008811075579625571
2023-02-02,0.041951674638731395,-0.001059549749439781,-0.014019827600338264,0.0454396918656923,-0.03851877820074934,-0.00794928133077799,0.002167238741734412,-0.02075193653580043,0.02138711230190049,-0.00299991458241633,-0.013047202606907948
2023-02-03,-0.008882900102161195,-0.029177549913790513,0.0026906125132601932,0.007086600898853268,0.03906868907936767,-0.003140211294553996,-0.020905154965886075,-0.024957770292002968,-0.018376184077043667,-0.00944166887890241,-0.012345662161162396
2023-02-06,-0.03630400183111626,-0.00625345165639013,0.025439049528524382,-0.02747094384368698,0.017525034022283226,-0.020855999983324436,0.008540567431670087,0.0020754098721176284,-0.01663115245305924,-0.00335188659701402,-0.005752284343465752
2023-02-07,0.048784929137437816,0.004549585731812078,-0.029385956989624207,0.0012891282103413282,0.008455237236586033,-0.013867320103986613,-0.00043804124340973694,0.000920425708082595,0.030025794813552276,0.0046241990198521155,0.0013352372054593609
2023-02-08,-0.045530337295306866,-0.005436468220111013,0.0014351681894397839,-0.003218671245950322,0.004864756961772576,-0.09674880901978455,-0.016798078173248077,0.002471594120761589,-0.019592335633127567,-0.003975338041367071,-0.0022222427874049044
2023-02-09,-0.0056641857612514945,-0.03596717990955256,-0.010437372167913739,0.012593047376656452,-0.003914175033495559,0.01170773463819308,-0.013668259941014949,-0.007912418174625069,0.003964363090635192,-0.0031509028159025787,-0.004677075688268029
2023-02-10,-0.007985030506983959,0.014942536544654939,-0.006631178537594318,-0.024713374111529407,0.001447828885922764,-0.012680290483172207,0.019882584163614325,0.0019071943211166342,-0.016802314146250996,-0.0028447428454538848,0.007496102526159509
2023-02-13,0.03181266001647742,-0.009328259177471931,-0.015811252590009484,0.014549859360262207,0.026435270210359185,0.013716097493092994,0.006055278665691111,-0.005076170279846859,0.015040382485376647,0.015004203852181375,0.001221541039644558
2023-02-14,0.02981132118929164,-0.03650907582201013,-0.0019465112317300637,0.0008054520038693891,0.0,-0.0003693435418931079,-0.004257089072729259,0.0007537389032514774,0.02151972966608473,0.0052049808761618355,0.0019964046056522022
2023-02-15,0.006219466198023937,0.020731582333370913,0.03782255551644309,0.006923335839303046,-0.005030142991043762,0.029654265128161494,0.006486620227911022,-0.00996466725346834,-3.949068750286333e-05,0.009942150194765187,0.0005535389940285462
2023-02-16,-0.016310732472732847,0.008215980125338751,-0.021494846352879793,-0.0038374010206142506,-0.019716977731970342,-0.018164293180923385,-0.007616751188225801,-0.0008192368783922488,-0.027154159942744838,-0.01322812050022415,-0.002323319580836758
2023-02-17,-0.028302450854265415,-0.0035370675980889166,-0.02380612427257378,-0.02038551688780943,0.01701910495981296,0.005842128648843037,0.010775053899829468,0.002986790669610162,-0.013651271253780517,0.0006235665626102005,-0.0036593404431606302
2023-02-22,-0.0045821570628270525,-0.016103783060421928,-0.005754109486555525,-0.006533659267116354,-0.0031994660752608928,0.018810627340572816,-0.0038689209409679126,-0.005626488586046308,-0.004885449315533141,-0.003403050661471285,0.0038297178109083507
2023-02-23,0.04852837183325387,-0.024167877837726226,0.0013743480648547024,0.002866738312165662,0.007021050478178692,0.0031185706053462603,-0.005228625812270793,-0.0005304511136865475,0.03543360560205833,0.013125520946859481,0.00942552555384335
2023-02-24,-0.028942697267924422,0.012688688608948118,-0.0070804307528180566,-0.026399950973451713,-0.006872479626045758,-0.011068256843811852,0.0003004231354535314,-0.00719467575637045,-0.017852607214773775,-0.01379833136303088,-0.01167184692231149
2023-02-27,0.0018357704280049791,0.006268150313299747,-0.017196421876109036,0.028497556651520872,0.013338731154174388,-0.004149764499826958,-0.006755814546927086,0.003920334893926292,0.0044918000301010785,0.013457179874436287,0.005398749213106013
2023-02-28,0.012055868279488235,-0.0009659374958629341,-0.004816859852957989,-0.019311507279947016,-0.014053783600599723,0.013259055019960497,-0.01753314273922335,0.00455596886271592,0.0005015326512041174,-0.005058146787349838,-0.008502204190612983
2023-03-01,-0.0012557851634041883,-0.010980383149151174,0.05119559322399958,-0.016096230924608435,0.0016060562184427862,-0.0004986767321626395,-0.0164614227448433,0.005772150633673867,0.0006682242414026707,0.003813021823561469,0.0037234308978983943
2023-03-02,0.014775002656219671,-0.0389292860797007,0.03127268227791835,0.0050472536188623796,0.007215830840259008,0.026309445044160995,0.018926673209344047,-0.0005855636445488699,0.008849624370830922,0.0003165865153320624,0.010903780146267028
2023-03-03,0.01659289361232852,-0.06522977998046053,-0.011891812661345758,0.020606095424498205,0.0041791232423491476,0.011177015084657294,0.017040267106584572,0.010723085619275707,0.013571701426920324,0.01824884960098294,0.008117458504845354
2023-03-06,-0.014902731983076567,-0.008835892535797307,0.014460835615639711,0.0013574751325011736,-0.001189075372486359,-0.03328103942737948,0.004830167141943065,-0.005043830646819902,-0.008899395667976262,0.003004265531527217,-0.006618286903655957
2023-03-07,-0.006538101407945418,0.021595332607331486,-0.015839655087030557,-0.027279104601716675,0.0077380922535819074,-0.007858655062119801,-0.016373772096815342,-0.017480480627863337,-0.011162352749306104,-0.013943281472828084,-0.017543775279868057
2023-03-08,0.041500292702800756,0.02414179210210543,-0.035352062085414526,0.01376074490413326,-0.02096864379433372,-0.012156884200704376,0.007636094795988813,-0.00047445044105887124,0.02615900004484062,0.004503833795819867,0.008702514070079381
2023-03-09,-0.030863699088464647,0.007406928510730104,0.017077693332995247,0.00567028296244021,0.015585629821548652,-0.029688071858525622,-0.008032740299225627,0.009849316056938173,-0.019159718545448512,-0.013347102191253901,-0.02050411820934528
2023-03-10,-0.02170021264759081,-0.030776602190023206,0.0241462877297407,-0.013155918510022957,-0.010296960313770032,-0.019482131698800975,-0.015737316972561755,0.021562856843419187,-0.016181771477669082,-0.015430187566510711,-0.024136372146111085
2023-03-13,0.0010504898461931589,-0.04205429173122022,0.027598322149403387,-0.021814218346053682,-0.015606302555753793,-0.03080421729981786,0.015367854103799816,0.022948211912439564,-0.0006730768042118029,0.0006440307896420361,-0.010080984901368328
2023-03-14,0.04543791576923373,0.01451102484085487,-0.00343940019023814,0.019645769581737582,0.005284550977392444,0.016786265199555617,0.013147891317291105,-0.005791064746217711,0.029929218460233997,0.018880089022989877,0.015393819393940023
2023-03-15,-0.02711249769205104,-0.024952650647157126,-0.005134565111857503,-0.014059822962981361,0.0038414350070017367,-0.035318053192398335,0.013580760932992764,0.007804133170404848,-0.011239538415226291,-0.03548112342803389,-0.028804684930607394
2023-03-16,0.05711317229971091,0.022501015929929258,0.01934952843854143,0.03345064267909592,-0.019939524717669355,0.02580991555253309,0.00669949162105743,0.002020092008242713,0.04001319074727139,0.01571886334329564,0.005283370604025173
2023-03-17,0.004944445030477862,-0.05052305039882665,0.009522317110007394,0.015502498469232684,0.0045212235107996435,-0.005742940843963984,-0.00961256748679229,0.02912021467748982,-0.005087377461436948,-0.023320956914590463,-0.011825107434050297
2023-03-20,0.005893670134117457,-0.016498803738374757,-0.0043270709741159985,0.006878166328292412,0.011559011890633686,-0.0027508313430166798,0.007821970583306692,0.0003808677357699519,0.010067060392290994,0.018596216902768248,0.014505050647420248
2023-03-21,-0.014422135061392005,0.02860708010813484,-0.030780960044347272,-0.008330480464918133,0.018100789615559165,0.025927554196273128,-0.02014946076600277,-0.018875115806276432,0.003164009509584842,0.017932173945109042,0.018229502105892692
2023-03-22,-0.01433887677872192,-0.02304182543893507,-0.0008682934506606399,0.009408249534771151,0.01231627033983207,-0.011426440382058423,-0.019649509456556524,0.01702060989813825,-0.006426420995060744,-0.01040005796118515,-0.013222541240037189
2023-03-23,0.05024371436983466,-0.06215887832442957,0.023804720023616444,0.027463316841914054,0.015306246953712188,0.004351343242100736,-0.010254799918315571,0.012538176085624908,0.02658627615991338,0.004933058073167018,-0.0072335888200558696
2023-03-24,-0.02203008871282386,-0.024855803240931174,-0.01880473417255335,-0.03013114314221954,0.021769706516722387,-0.014892866695578322,0.031240177644640932,-0.011252350246951037,-0.01580922230341586,-0.009932783362417097,-0.0013138013408214855
2023-03-27,-0.007576729695673801,0.04039839295854808,0.014151049291591278,0.010856938705169128,0.01715930272431021,0.011819709519044874,0.0012177101358439302,-0.009256722051406152,-0.01166447307956242,0.009169349573457497,0.010764212571905407
2023-03-28,0.010961948821794465,-0.018488465465149817,0.008883712667590915,-0.02891595787095491,-0.002436838161520072,0.2002172838065206,0.002736753949390769,0.008189093257242153,-0.006954119504207545,0.0027794091472723714,0.0044964820231883085
2023-03-29,0.04871262264445764,-0.02279766774560643,0.018153618825293982,0.030798066046107797,0.013340790615279596,-0.03598912527321618,0.014556945250592035,-0.00496077000653139,0.031132478936648056,0.017908445521310545,0.010012928484786965
2023-03-30,0.025057988162180855,-0.004046246194968073,0.021971091962651457,0.029547729415584145,0.0009271469949139188,0.012092149033554822,0.004333735439585151,0.009039576549164652,0.014320215622551036,0.01110053098770436,0.0036156983147044297
2023-03-31,0.015695716089370704,-0.012637898383481616,-0.008843719725389887,0.0024049502623320063,0.005743023443274264,0.034218625214096576,0.007291870007689383,-0.005212246135594234,0.0069632154989447415,0.011496599796488205,0.009412962186122531
2023-04-03,-0.017294404425967413,-0.03998447171598363,-0.03025049428679205,-0.011996102776701267,0.0018418762151266588,-0.002804000808174556,-0.006795586902547446,0.007204410308019105,-0.005699301241761545,-0.0028670487296423852,0.004029534513634747
2023-04-04,-0.03264290660652236,-0.01774507988482632,-0.011611875341536182,0.0008092334194378381,-0.003125590600944528,-0.012821838164979504,0.005056891506691308,0.018640958960437715,-0.015361574137281897,-0.017046555494641846,-0.013989227727356446
2023-04-05,-0.037045590600370826,-0.05601963380066499,0.019274607590300308,-0.0194111836601768,-0.008115096266948618,-0.017659844626933485,0.025899446912656776,-0.0007979247786651378,-0.01750314233612127,-0.013685755334873706,-0.013955144434587452
2023-04-12,-0.031037794130567065,-0.026313137317736213,0.02056565027817525,-0.011791549461589002,0.02126867597591331,-0.00835773953525698,-0.001003951217601995,0.004885138866613126,-0.017774415159020895,0.006177770113342307,0.0010435511648190232
2023-04-13,0.016167280898578662,0.039654526201644114,0.02139128449323957,-0.00033146872197409305,0.011227820941995148,-0.0009112207290656871,0.0001434714028478723,0.013515672558895409,0.008069316966257567,0.012488454114131242,0.009383713527534088
2023-04-14,-0.0035354415486595903,-0.011644346909136072,0.0227638541871924,0.005470786964324237,0.024892556194876514,0.005471961010222515,-0.011195586372339972,-0.017710313033589165,-0.0010698953119450128,-0.0062700646165758656,0.0001147099663652007
2023-04-17,0.005675580571698147,0.001307726010644883,0.016119275607235917,-0.0399009536834144,0.016425083569936216,-0.02029483847818292,0.005516128670011167,-0.0044537552497120325,-0.0007141297369843702,0.008274964022161768,0.007115025415857179
2023-04-18,0.007956839739245103,0.005479106461203864,-0.0013990124174647622,0.01081901610502034,-0.007048485331043075,0.0024303875062117175,-0.005197249230294854,0.003880780603893852,0.004485979816437169,0.004000869518313133,0.0003419442286400898
2023-04-19,-0.0008827323484645877,0.03573610202989719,-0.001994662107537737,-0.036867220379915744,-0.028566559240034484,-0.00046199416023795514,0.0076912966162543395,-0.004778520212877502,-0.0094850840006232,-0.0034740549019418587,-0.007290229439863238
2023-04-20,0.005412112073443831,0.020015742570484107,-0.008841292183084937,0.011466063301270868,-0.0033861231623664168,-0.001847944655590572,-0.00028815300906714914,0.00393825919904689,0.0011171650876005135,-0.002460861176749818,-0.0052782191770741615
2023-04-21,-0.027929991697124734,-0.004689655733693288,0.05512751609325672,0.011859135154777656,0.04095146325005872,0.0067114010544635505,0.002881216140544929,-0.00988766926809792,-0.010242741691299129,0.0008222024525037508,-0.007613415321447103
2023-04-24,-0.011933302620292685,-0.042002871949946896,0.017668986009064636,-0.011892884867976461,-0.009276856946869416,0.010229887632086765,0.005027267118899337,0.003039335460481629,-0.005355513884258478,0.0033891637087126725,0.0036034134645872573
2023-04-25,-0.056413704344125626,-0.013144920606130595,-0.00790945526115705,-0.016570486659401307,0.0010404009399074265,-0.05199656625625737,-0.0010003881666253989,0.005086318131183543,-0.03169916217913449,-0.007164727396437809,-0.021542660048435747
2023-04-26,0.011972536660271649,-0.0018687958660434933,0.011790596946946952,-0.012770455347652532,-0.03758865045591664,-0.0024006313040627614,-0.023462221234731295,-0.0054373863086726315,0.006982230858131322,-0.023814475137159286,-0.0007102437277660689
2023-04-27,-0.02605775231055385,0.013304971556165057,-0.015657809560560176,0.013654328034424346,0.005039510484195819,0.005293618075484563,0.012013053266450191,5.410039265330013e-05,0.00967397688402194,0.021227103350132115,0.005448907648370582
2023-04-28,0.027360543982566377,0.03131060767284999,0.03019513857815892,0.019537418560213515,0.006984113180679374,0.02692671425187343,-0.0014474862789354281,0.0002706525128974846,0.016736597270321285,0.0007240207941254795,0.006126372801471769
2023-05-03,-0.01519630602949451,-0.01706412476251218,0.022626304761520055,0.00418919332685963,-0.005489789029792247,-0.01830944881286445,-0.0027832135076766296,0.008479075840785555,-0.010324691505151473,-0.0009349313074027421,-0.0027198938754813273
2023-05-04,-0.013041296949325432,-0.05814252355512961,0.011872540694096934,0.0034764128480917478,-0.02599702255429226,-0.030398517937753278,0.0076388310830257655,0.00703295344911492,-0.003354752571415931,-0.00447180397298097,-0.015178585890669671
2023-05-09,-0.04199615014247482,-0.003874186327008533,-0.000844853413643265,-0.011500121524551488,-0.0036650315459847427,-0.018375043545394654,-0.001307610829739847,0.007086162362163639,-0.015431348378579068,-0.0024570916318881197,-0.006439353083132704
2023-05-10,0.009005583883912704,-0.03568270817088848,-0.0076377740071155165,0.025834097098150988,-0.00017508475720195982,-0.002709440476353575,0.009166233876223728,-0.001428442843921074,0.008120874994606897,0.0010263571864004284,0.002280351025313321
2023-05-11,-0.014634479228232244,-0.03790917716809772,-0.006680793212106018,-0.010506944586657796,0.01226351183046237,0.02333895054494728,-0.010236436185477538,-0.008582755587748347,-0.008860941097479591,-0.003998899412218426,-0.012094307754373812
2023-05-12,0.008457669246224153,-0.012360647280909465,0.0279100291934129,0.005561992607029165,0.017307041000354628,0.009774378383993199,0.00553535137447847,-0.0017100802429794726,-0.0011378841702549547,0.0015442133894840726,-0.004848630592741987
2023-05-15,0.04292698507925241,-0.00809939948110705,0.0027798345897078747,-0.0016759387593495711,-0.011568619549828907,0.02868062470087973,-0.012603257010039615,0.0021412620336231925,0.026200143001625875,0.008428467778014204,0.008404478980128749
2023-05-16,-0.0017851428246109524,-0.014075262023942714,-0.01314617695250897,0.014439057454243676,-0.014285657506471372,-0.033573328720059914,-0.022154073586538536,-0.0124993937971285,-0.00023785138341636536,-0.014983346963751032,-0.017514229500359635
2023-05-17,0.03138615531664768,-0.056703688052053836,-0.007814790267769434,0.006951439052193864,0.0040160203035977116,0.02500296732128504,-0.0036007639836015404,-0.0034618889303412725,0.027044168574509975,0.013348618992739425,0.0006146838479148542
2023-05-23,-0.011177786366942777,0.0008314971821621331,-0.0030852481648293573,-0.012748593581405343,-0.03186983904358942,-0.02572443606648933,-0.0034780105718823506,0.001200731149241463,-0.014415493023169357,-0.011871006894421554,-0.0056392892916912185
2023-05-24,-0.03221742832464858,-0.0530398194502123,0.010521867763345627,-0.02094501068965282,-0.018210523494498143,0.02162483129518722,-0.006524945950657002,-0.008068450017086337,-0.01470257114724094,-0.012629477210997497,-0.017260466601173197
2023-05-25,0.09921836713001908,-0.03729851875142964,-0.011113755298667316,0.04970236823627383,-0.00035653963108617237,0.016840060917826527,-0.013441418749145284,-0.009618027091793824,0.08597503670878792,0.015494826218206637,-0.004641864636941051
2023-05-26,0.08706424406604008,-0.04722229938768985,-0.0017247462453476858,0.04520393875261575,0.014808146222557328,0.023691814410355727,0.0,0.003995567330169925,0.049124253969652365,0.0149513319902006,-0.0007561515654006534
2023-05-31,-0.03202512977030603,-0.0191585389649942,-0.014116276194867994,-0.016981226728756682,0.00017936890994074695,-0.03348341436502189,0.009170126703511805,0.0015382006614657051,-0.025258261883786215,-0.015312353603446072,-0.01292215537340291
2023-06-01,0.04061171325262203,0.0022581445569731518,-0.01388703333142205,0.008488431498626436,-0.015767801831599093,-0.09532670369789309,-0.007392616683096875,0.00789813034647624,0.015034912502810416,0.012907863267258346,0.008684294136336312
2023-06-02,0.009358020281712953,0.05104141506663895,0.003134948369637458,-0.003839374953976016,-0.016020348401454387,-0.0023128845811440923,0.01039567851002654,-0.014747450675273721,-0.00245726470911789,0.01675701890837722,0.02659982141349193
2023-06-07,-0.012709942511442751,-0.03482095383698536,0.003030763036018458,-0.001942730091861189,-0.029850825005747206,0.032878020674637964,0.01697751159764227,-0.012010543410059138,-0.00571120303175654,0.002966360020763892,0.00559613719759966
2023-06-08,0.02802067293611321,-0.04715936534493603,-0.024246351479255024,-0.007785671359386792,0.006410389641775982,-0.010883779399575744,0.004361804494254828,0.013211240429905624,0.01155705501838078,0.007886275376302043,-0.0030917667393016712
2023-06-09,0.015359573520497438,-0.0415497943468911,-0.011346743195255415,0.005885261831522159,-0.006733545057605372,-0.025910849555267568,-0.005840201672497103,-0.0026845203333208945,0.004583740804001701,9.783799649398794e-05,-0.006202607490182421
2023-06-12,0.049732864728113,0.013530693006798433,-0.005162268763300837,0.007350681470406961,0.0021987258172948554,-0.013239451391216739,-0.0018074010284958586,-0.0008788640365902101,0.02955604005394208,0.010171067710396331,0.007739398926090768
2023-06-13,0.028338515689943833,0.015508434744692545,-0.005645410978334597,0.013551691696704893,-0.002559371440857161,0.0370506329042235,-0.0001508736949914491,-0.007367558613950331,0.013824544869256217,0.012295369539066625,0.015979043322860154
2023-06-14,0.03099188832725641,-0.038717523845053003,-0.008496536833596524,0.001616370928777311,0.0,0.00035624895157315706,-0.0006037120655699724,0.0005539277015322863,0.01520188398614808,-0.0021993631149408444,-0.0063398952784520235
2023-06-15,-0.019843961327655757,0.04000198391462906,0.002243682815632253,-0.011588946756222573,0.012096757858723661,-0.0011865580200122183,0.010872813237098766,0.007030581691497284,-0.007197916716367159,0.012556162808313731,0.01595101830252732
2023-06-16,-0.0032485338046496226,0.05508883338980852,-0.004248678762974301,-0.02077757206006081,-0.0005432806949261515,0.0019006024282965939,0.005378027057240109,-0.0015392159510752013,-0.007120645175307305,-0.004827798866301691,0.0020531540675303717
2023-06-21,-0.05174459940197573,0.004782348978787709,0.016699961922552742,-0.015843956035565543,0.0027517853319372065,-0.003400752345211533,0.008032628209984738,-0.0014464228474878604,-0.02289981628901383,-0.0018243480791234612,0.01054558118965887
2023-06-22,0.006242233730283431,-0.014439403935981643,0.019818637310397014,0.009133152966080527,-0.006586040389906955,0.0032905938338347873,-0.0076679272321564795,-0.009916979914319946,0.004955189428155871,-0.008274018980339748,-0.0071592559233122355
2023-06-23,-0.037544333492771864,0.047180967542630015,-0.031435357893538796,-0.017027347718290953,0.0022098810449131534,-0.017976548950054627,-0.014696975677551793,0.0027572461643308177,-0.016991091453812168,-0.01135062199873671,-0.015766376308872454
2023-06-26,-0.0003740260175625343,-0.021736231595595124,0.0029945606728805085,0.010143569728218615,-0.012311553630922623,0.0050710786612830905,0.009841578143134466,0.0017396047357047806,-0.004609106581448641,0.004710191886864834,0.005960650111327848
2023-06-27,0.05046901913356816,0.033856612975607936,0.015159314373454968,0.003553225258686288,-0.021395421801376657,0.024858577389274217,0.00030453822599052494,-0.004593535884055422,0.031732961582989105,0.016500759234786333,0.0018515632132667381
2023-06-28,-0.019919198793009185,0.017540071128767876,-0.018218311976975876,0.0232453108375954,0.01235741933719714,-0.006964416697068154,-0.01476627034230893,-0.002307409851291853,-0.009042313293589954,-0.004353417289584938,-0.00554462903508024
2023-06-29,-0.002974901547935449,-0.0006164239834661744,-6.71660460827006e-06,0.005566233589728631,0.0016901386462573331,0.01124550990484452,0.0,-0.001071764681377263,-0.001465295500057362,0.0024290725000772895,0.004832020619263133
2023-06-30,0.01683911919638459,-0.02776047881928234,-0.0007172166229283405,-0.008078934456076658,0.030558681707075097,0.016022778235788904,0.011124815618891448,0.006663323502016594,0.015541575067370639,0.018900975559965172,0.007768368254463809
2023-07-03,0.006839119997992915,-0.021150464670413816,0.04011788016716911,0.004675746084961574,-0.015281162552756022,0.02824551506323081,0.007487885482172718,0.0011218766110339118,0.00886721406368629,0.0011414157583402584,0.007830672970527752
2023-07-06,-0.004387861153713257,0.04027437544094159,0.04777856258180879,-0.02957682399061634,-0.01259122546379432,-0.0015442410014480101,-0.012147444587214729,-0.002980200124891419,-0.011877809768457093,-0.011175559472952346,-0.013794028305041506
2023-07-07,-0.0015734115417501693,-0.009191838072460823,-0.016492628030604584,0.0009380581960338752,-0.007576985672667624,-0.004164767217224141,-0.007287291057099021,0.007500997402107412,0.0009402006620042869,0.005358645108632043,0.01683388385106732
2023-07-10,0.02964609749401137,-0.004232066736693518,0.018050532383920848,0.007495280354476774,-0.01135942900120368,0.03931178806621749,-0.004281982134522799,0.0007836956455820054,0.01415627869214453,0.009109484636041554,-0.007425444437775486
2023-07-11,0.0031699230379169663,0.05162128022668133,0.024461705318771676,-0.015654081103167128,-0.02561700715157811,0.015060864208012337,0.012440612072354362,0.0037476125602418087,0.0010586087163833025,0.005377826235301031,0.015329914405594502
2023-07-12,0.029458159482897983,-0.021561791603456282,-0.01721882121469165,0.029758819819274196,-0.0005798060047673692,0.030467866529321208,0.014562961997111268,0.013541420874312982,0.021015069068480274,0.017193658333956252,0.004227628142967399
2023-07-13,0.026700817617953065,-0.010344776710084047,0.012013307356194769,0.013761719234948622,0.011411933947230057,0.014068974631780806,0.0034391068866554964,0.0007146999149643118,0.024012846734853266,0.009014882397865964,0.009622212213207026
2023-07-14,-0.0061910109239854405,-0.008764544908838046,0.0009122198974558238,0.033031746466709144,0.016829304499067277,-0.04400606021717446,-0.0038743563266741,-0.0031866482531699436,-0.008280264553176653,-0.005304778277592237,-0.003573965173411575
2023-07-17,0.038327048241976636,-0.02246108977601502,0.011170933397189442,-0.02949330261874661,0.008087173157429906,-0.008616735253008989,-0.011518043122245802,0.0007165567329587841,0.018610805138086217,0.00673660091442696,0.0010760651386860776
2023-07-18,0.006592231124798564,0.04740175157120796,0.00804426408710368,-0.0007524000600562797,-0.007276294488024582,0.011436155098759171,-0.007718073364385458,0.011456278139590825,0.0027529933855383604,0.0024161889028895267,0.013734576789357966
2023-07-19,-0.02264608740822449,0.06500338072103307,0.02725281822117931,-0.01851837528994349,0.00018809971119804203,-0.008706246256968697,0.010218126558702023,0.00016335645500209495,-0.010482877921024092,-0.0035230033339893607,0.00801126717222278
2023-07-20,-0.05776805843224597,0.034493802664974815,0.003360099747301115,-0.04878061906462894,0.03739176460444482,-0.001140589060019015,0.01826648560377131,-0.005063389149303599,-0.035376473332927594,-0.007815493423423692,0.004908950111777166
2023-07-21,0.015263778597901512,-0.023061428845089438,-0.004050888664753005,0.008708409959736763,0.004528438976793225,-0.01884217281984757,0.014974282901004443,-0.0030645332195952113,0.005360441025088258,0.0038448518103377793,0.002674973479363185
2023-07-24,0.007880458648359845,-0.00986584363329257,0.02457335597638477,-0.015667551052499284,-0.008294413244793963,0.004306492457747613,-0.002629205228646292,-0.00428147332668416,0.0008451967450873177,0.00252228673071353,0.00487174450981942
2023-07-25,0.029688028250122622,0.0024932161210950987,0.016385319115587826,0.020626685253207766,-0.007090960280713765,-0.008691935201502243,0.0017575658748496537,0.005567859975791123,0.01604748799972988,-0.0007456127757040631,0.010504528689326387
2023-07-26,-0.018597739730707663,0.030909760362918037,0.016739789241140945,-0.01750450645259405,-0.028566102322133413,0.01858793813170534,0.0,0.0048791150253855164,-0.010934346056659106,-0.008392410235232295,0.0013709288863821278
2023-07-27,0.017999862061826022,0.06112199981288846,-0.012792517855780283,0.05733708126484771,0.003204540643746201,-0.028463152914263823,-0.01769019551357376,-0.01571197400361901,0.0179727819475044,-0.008087159875075023,-0.008784014063543788
2023-07-28,0.03096223166975598,-0.025358439286154555,-0.02267646430227699,0.00030623521186701197,-0.007140060263648329,0.04217363690445297,-0.00223239725928448,0.007981390400291666,0.019306360346037055,-0.0019908461664893684,0.004258292306307476
2023-07-31,0.002126070015009862,-0.030255848808561914,-0.012663413758819853,-0.0012249495984280045,0.033497115795461774,0.01609617249451767,0.0004475031526942619,0.0026944104889450315,0.0007477055202427252,0.0043695896877593565,0.0019481185765657383
2023-08-01,-0.012414811490213506,0.013992879182737061,-0.01297225151287773,-0.009450634444895023,0.007324818197947058,-0.014056439452234004,-0.012225992905002814,-0.010364679607279714,-0.0005603360822444836,-0.0032156746935672054,-0.00663387374805724
2023-08-02,-0.06093993374939255,-0.011158126985290284,0.010848660094964657,-0.024356166115794498,-0.011088798119048171,-0.021724167102303404,0.0,-0.004765602229612864,-0.0366909399924078,-0.023721352729206613,-0.008635587196529793
2023-08-03,0.004418384011160237,0.04274339277825612,0.019335148282168868,-0.01526473396993211,-0.013419199456753184,0.008096215149795638,-0.022792498745487055,-0.0003341470787491252,-0.0029100226400661233,-0.010010774467636319,-0.004413446191051995
2023-08-04,0.00823330351452456,0.02839941664404977,-0.003358509315275704,0.0029066181910675226,-0.010993234573231314,-0.006080757812957804,-0.011584780491105562,0.003620414278603157,0.0003891019749107105,-0.0032396223581362404,0.0019832147219807084
2023-08-07,0.03133994528000894,-0.015595822513763236,0.031072822610292983,0.006601123750992199,0.02807094717780001,0.0055407301735928005,-0.00015629920815751763,-0.0022753962847783527,0.01076176969229281,0.00216669051789653,0.007102013355524406
2023-08-08,-0.023365735351815076,-0.028460804106724802,0.027959879668527865,-0.01663454404152387,0.17262233218603207,-0.028814152112461855,0.004688996028108683,-0.006341080194621318,-0.01648390948100331,-0.006584659165958073,-0.0016184063877368038
2023-08-09,-0.022513484460833677,0.02480416860802359,0.006511999101071142,-0.001138946837150101,-0.012814519458355766,0.002836840989882239,0.0021779296503166012,-0.00475820704444585,-0.01982509447101477,-0.0034625898567900437,-0.00011582918118024921
2023-08-10,-0.005788049212236301,-0.027386352270152514,-0.015619700444992168,0.01644714073410558,-0.012189279437554768,0.010961854413362504,-0.0031046033413959506,-0.0010686044760203073,-0.002195603174980465,-0.007247149041361589,-0.004748099737680644
2023-08-11,-0.031000780416306606,-0.018371365336182666,0.029216805205017238,-0.02963804530041725,-0.005448851436802293,-0.020869801716007386,0.005449975860710721,0.0,-0.025071710587177498,-0.004000017564227409,-0.00255992029687091
2023-08-14,0.03972347159030831,-0.01749786974004608,-0.001071159541190303,-0.0008254022442726328,-0.0020946735459305144,-0.008216142278356653,-0.00789837329140608,-0.003040588549344525,0.030435626586439612,0.00301200242698485,-0.007699470922502338
2023-08-15,-0.021556763305147775,0.0516500171022618,-0.0011729604662555904,-0.0077660994215655865,0.006297637381883936,-0.011886283593507407,-0.016234830093943886,-0.002654474343068869,-0.012013906754606674,-0.01191183350025593,-0.017517028417938008
2023-08-16,-0.03187315106061939,0.04634072564716285,-0.009075022009880418,0.002497857469937692,0.01700888948975332,-0.007776260462703299,0.004442949184591427,-0.005776029417432049,-0.015787649269751847,-0.009826687123143496,-0.009812194636515836
2023-08-17,-0.020123304209316184,0.04035853397810052,-0.02168866866393493,-0.015448523663407654,0.005679913065465669,-0.005510778057930543,-0.0022116483510578044,-0.0015378724223797935,-0.006757768282102172,-0.008799056363780311,-0.0014501847254321243
2023-08-18,-0.0056653602254244095,0.022579126132641347,-0.03124192085963351,0.009279412772823958,-0.013871522156592042,0.013052646647402355,0.005224998471310416,0.00017112823031739666,0.00426109744943215,0.002890259259735961,-0.005324831128857732
2023-08-21,0.03933263520654906,0.021050395557828283,0.009797790641336901,0.0025077754728504154,0.00799245417771921,-0.0204206609742259,-0.006300223743699096,0.002737670236275802,0.033600046062692845,0.005660720120881146,-0.0008516372685953844
2023-08-22,-0.009600916434200357,0.06085635773798592,-0.0174827684041301,0.032682967760025106,0.006977608256749646,-0.004963454670260381,0.002852927757194035,0.0016495566176504273,-0.009997188044457928,0.0,-0.009132984172759984
2023-08-23,0.024808764990496668,0.04195904131330397,0.06288580112658515,0.009849819175383301,0.02661424341856944,0.003990628129706408,0.003951487990802027,0.01016464068195777,0.021667865316882695,0.015044363900749147,0.005653149121064294
2023-08-24,-0.0514779976342743,0.039384919728814305,-0.017431468838828623,-0.034857754781220884,-0.00935736252401187,-0.015650088741937074,-0.005825076977613475,-0.00022482031744353037,-0.02585595253763684,-0.014216339101158493,-0.00684358036598709
2023-08-25,0.00650082918494399,0.012814562171406862,-0.026528441153250037,-0.015573166532469984,-0.010529589985272203,-0.015016151455992,0.00760097402300941,-0.0012932863561120334,0.0018142961799800794,0.011762320634274515,0.003937549749728264
2023-08-28,0.028424166748962643,-0.03458917909211179,0.007552769032012074,0.02070020693579444,0.011737016108338327,0.004099519769418691,-0.00015711831706854973,0.0028713533365909427,0.012341470448794967,0.008693856585491044,0.010418015004473258
2023-08-29,0.03654496068662483,-0.005679867732982569,0.03254109995257526,0.010717105276718986,0.0015468553757769232,0.031130444753344477,0.0037724102392295844,0.009768091768254772,0.025641057172259174,0.01483268903116719,0.01625418377143739
2023-08-30,0.009918823707388169,0.03524351267534276,0.0046969412660538,-0.003751859461236573,-0.005405378543834716,0.01917849837282115,-0.00454118965813366,0.0025018747942815445,0.005103437581555292,0.002271276227099772,0.0014323559750557546
2023-08-31,0.007315071009228236,-0.0019166180272303102,0.011553189988731782,-0.004585042637979431,-0.010869612876023615,0.014932499883396622,-0.009595807859623662,-0.0016637258183913595,0.004049057092182062,-0.005616301234561805,-0.003694993527482371
2023-09-01,0.016173674156256146,0.04056732767898574,-0.03467759935872927,0.006250889458690789,0.021350005247170678,-0.0011961179368616959,-0.0050824764201307104,0.0004999240959600026,-6.395812900894526e-05,0.000693678104611628,0.008374335987175963
2023-09-06,-0.005297896482772901,0.043427306966755674,-0.04183190682419469,-0.004197703297712518,0.0028712673623514373,-0.007577560184250265,0.002269668679621306,-0.004534245193468567,-0.011623592871887745,-0.003507624318700886,-0.010067247074329488
2023-09-07,-0.03032983272175238,0.03200522583324239,-0.0038518434753006536,-0.037775623657510415,0.01898424517899122,-0.002753846971574214,0.013102554971378133,0.0010684498647577367,-0.02216318852332122,-0.002916682636066037,-0.009564219045633093
2023-09-08,-0.003139583131032908,-0.03868129187627278,-0.044307953512227716,-0.011457296784462168,0.0019223337547358277,0.0008787617598362552,0.008781736711234833,0.0003370270596214642,-0.006277674090168106,-0.0005045273399798544,-0.004522508443688844
2023-09-11,0.0068026422628109096,-0.024971665384299624,-0.027227876246867955,-0.01585160238294503,0.009297551696728856,-0.013543965114932277,0.0041152228248448885,0.001853109993606994,0.0007314784102274707,0.005954275406345966,0.007244526310740573
2023-09-12,-0.0021242121519845503,0.05356912348160159,-0.01424292585637199,-0.000346213155580255,-0.0035092783002296235,0.009153021957917673,0.0012611687850818676,-0.005156651253074851,-0.0075088230726626515,-0.009530549858354664,0.004023011847080538
2023-09-13,-0.004229468932618108,0.06727654131441185,-0.01797207909641496,-0.0043311125998306554,-0.011445415642838852,-0.006550579910750254,0.0119646734991945,-0.0023100098564432514,0.008101211712708611,-0.011040147239026021,-0.007285056058262684
2023-09-14,0.00876365590277639,0.006154138149191857,0.008141493327283422,0.012702127379555117,0.013655937361315429,0.01179288127175071,0.014623453981652768,0.0005082241752882855,0.005445883789713113,0.011675590645778833,0.015288663162878802
2023-09-15,-0.05328935236188714,0.05849856425076427,0.004706821476437417,-0.034708224699068535,-0.024015313120465676,-0.005263488553987394,-0.004293079647961884,0.006603816566220333,-0.03025293533202389,-0.005770461925103998,-0.006143879538903496
2023-09-18,0.015428490294637998,-0.006643165856760613,0.016876817292675206,-0.007653614713205581,-0.024155881620957942,-0.027088757023878474,-0.0007451507232625332,0.005887647601878543,0.0033376678802905513,-0.002036341815123466,-0.007757586844418518
2023-09-19,-0.00931422639911439,-0.003311231995977937,0.01648823155069512,-0.007354297377059615,-0.005227609556720858,0.008676534654870727,-0.005437487686095754,-0.0009476457412548323,-0.008621810278803155,-0.00448933333311996,-0.0017102426328517994
2023-09-20,-0.019265249996390788,-0.020817899344008017,0.021232312927595087,0.005782468141247055,0.024111237979244304,-0.00718937454960622,0.0009373416392057798,0.0007253927124595272,-0.016434947440175707,0.0004098593844779064,-0.0047724020322431615
2023-09-21,-0.013812812850192091,-0.048340917535242944,-0.00226799983885273,-0.00826462801874095,-0.030637011026021788,-0.020561146362783722,-0.010455734824877161,-0.007248413758109917,-0.019982003705220852,-0.023870552919606047,-0.013894094664138379
2023-09-22,0.011064005918829833,-0.01457002066965174,0.002834622573556711,0.005797474323222307,-0.0014010586662644986,-0.005017282899139053,-0.0018923280891963712,0.0032013033173832195,0.008525298226660594,-0.004425967320871416,-0.008229409884991656
2023-09-25,0.0005436119039792242,-0.038714659339105784,0.010742002029199282,-0.000900816916308167,-0.0065482661786249174,0.010748417441816205,-0.0014220668732928265,-0.005150588926742139,0.0070441601750548255,0.0015840513972311676,-0.0020115433899123847
2023-09-26,-0.026433275364288855,0.01274758074771598,0.0002429726705301949,-0.021813654976365005,0.020244837152243234,-0.03242753264061349,-0.029905151251829798,-0.007990985893820302,-0.015808656830000767,-0.018872088462924985,-0.009826170686198288
2023-09-27,0.01647960500217871,-0.006387951777236167,-0.009637559034085807,0.010689298282883009,-0.003999310300034642,-0.002442359270799166,-0.019246394686232016,-0.012366647894697436,0.009168490819472241,0.003223766436590614,-0.0024172882522991435
2023-09-28,0.02089232370757843,0.05709445825545956,-0.007690692837774016,0.004376192772699294,0.006177560990648923,0.022442794680336053,-0.02161977610814192,-0.004997187509914736,0.01619823356958494,0.0062127492876655754,0.005994130786771468
2023-09-29,0.008363695505738011,0.030781275940786834,-0.020586800826679297,0.015069322697588428,-0.011665333000983602,0.017826312348349305,0.001699776911712192,-0.01027534966921384,0.004782063552822846,-0.0005323999404351909,-0.0022820001902722487
2023-10-02,0.014579576704515373,0.052760460435910206,0.009715668377842546,-0.0048294293321979875,-0.011026621475895948,-0.016860317174085093,-0.04649587598753513,-0.010498705650611395,0.008621945009830156,-0.017680191109079035,-0.018932637191109714
2023-10-03,-0.03319793647666858,0.0394512265756668,-0.0035127700856190103,-0.016714503278908777,-0.01743092492642373,-0.049588010599981525,0.011567832814024959,-0.0028882419805683623,-0.02222538827714926,-0.01398692506458199,-0.017096196688461407
2023-10-04,0.023595911633014444,0.021934858836504922,-0.012960823272680222,0.019009400213930938,0.014383864631834165,0.016086154499346694,-0.0010555289300353543,-0.00011825651470720455,0.015596697175100482,0.0059381229750286035,0.000790526587506557
2023-10-05,-0.005533692765737563,-0.01848022853003073,-0.012105001642229496,-0.016322949980215773,0.0017331854524988977,-0.013904083570750236,-0.0058119057282003395,-0.0018327868021307259,0.0,-0.0026235390471245346,-0.0011849080547537971
2023-10-06,0.030938286696599482,0.024991762069043855,-0.021068035228727466,0.023340530671363213,0.01494176112186163,0.02945673574040053,0.014171824958148616,0.005153083621109555,0.021623878549418274,0.015453782020175222,0.005272920228993172
2023-10-09,-0.004293062083688959,0.002498830129141094,0.018858736783548657,-0.010869442936733309,-0.008213100806045759,0.010306417195510731,0.009956286441292761,0.01838544744893622,-0.0025616361776009677,-0.0010795410619753865,0.008916924200683463
2023-10-10,0.02396786762467884,0.0371513850462295,0.0041904617529409105,0.03062496734357789,0.01578110006903244,-0.013556847232579217,0.013663166712155173,-0.0016780958953311886,0.012367465680828804,0.014478793870288609,0.013126946097931524
2023-10-11,0.016277776395877686,0.019719362406093843,-0.01476402707088642,-0.008739664888460785,0.04876172694487457,0.009661139419951947,0.01620888066784243,0.007303045938392039,0.010814354780839919,0.009479249103800935,-0.005516413702819523
2023-10-12,-0.001613801494919076,-0.02162730883925912,0.01738839014811111,0.03808876418216833,0.041654402671521984,-0.03706193237846789,-0.015446750213814697,-0.0030496507265770356,0.005085385466722991,-0.010972703115261884,-0.014318682082581802
2023-10-13,-0.03169498534799886,-0.007696086853519413,-0.010265532908298125,-0.025649985702698275,0.008870864019751457,-0.017634784552723826,0.011255187307983583,0.03214825984540237,-0.025034652631694465,-0.017495282604476636,-0.002748503883004294
2023-10-16,0.020063968623767137,0.02248394473201798,-0.026073194724501536,-0.006973404184020704,-0.013398531644915335,0.038609599273152995,0.0102868002174481,-0.004864928190345896,0.011524511737938337,0.010640675034476299,0.008530236585579498
2023-10-17,-0.009175935062918583,0.040131148102740655,0.017578838013828202,0.0057937054990380155,0.008629319211424402,0.05185175527672281,-0.0026707806744662443,0.001854273768354009,-0.011792838538647654,0.0011816980861050208,0.00806770718124561
2023-10-18,-0.03447961819828016,0.03845419973945963,-0.009987850434830192,-0.03438654277199682,-0.000280535083371225,-0.023734916154209085,-0.008702799660196492,0.014470816805260078,-0.020024220021154227,-0.03369446364575879,-0.019104218108577542
2023-10-19,-0.025823917703075128,-0.034619741731317655,-0.009247177870038592,0.016811185520897887,-0.04012335215392748,-0.012556936197260948,-0.009961379870164877,0.012274016037125302,-0.006811233933733618,-0.014880754458945322,-0.009211769758037724
2023-10-20,-0.03277879059879518,-0.002339191856453815,-0.0019314741007139258,-0.027377785660381182,-0.009500303572830493,-0.01433990789086892,-0.010402439733826596,0.0027308974274993236,-0.015655451288973055,-0.02355997726492376,-0.016469517652810017
2023-10-23,-0.010797867779939296,0.013205675571984488,0.025216506390984605,0.010052952611377508,0.006640239683883831,0.009744888882997627,-0.00844380807263112,-0.0033770637265356784,0.0035188283822042976,0.000923519249081961,-0.014989993511219768
2023-10-24,0.03172781302286376,0.01890730690239928,0.004254422552534054,0.018096360762554387,-0.00043980102011886846,0.035748082505576706,0.025721278240892653,-0.0001093308866343401,0.011711039829444658,0.006343731659970153,0.0005484467583576347
2023-10-25,-0.07316427187206875,0.008004108943732824,-0.024216154552279767,-0.003377213629872422,0.015398267756268735,-0.01601033249157191,0.005591185236030416,0.004208823642007475,-0.03874702701138055,-0.014670242316360715,-0.005617955728783319
2023-10-26,-0.0085432017841931,-0.022223838133307416,0.006853183890985992,-0.00017837388347707872,-0.022963796216639798,0.0002667064937460495,0.00859311147762587,0.0015784524505007003,-0.008797038425939374,0.000465114203839212,0.0005512429880927261
2023-10-27,0.01460975588509461,-0.03503146194140572,-0.0065450044732588974,-0.0007132883148833757,-0.02409457749214572,-0.03586690428454131,-0.01887730473724758,0.011629799758343662,0.006183560702996971,-0.008022311462165144,-0.006197522115285681
2023-10-30,-0.02028799272457482,-0.012362285337902512,0.03789628100347375,-0.014637924928190604,0.026507087295862597,0.025722645799042265,0.007662055396895351,-0.00564054701797434,-0.0025304191540697074,0.00785258531969224,0.0109479547681679
2023-10-31,0.01836310412722253,-0.043421589225032586,0.003268773164802008,0.024094124819862284,-0.001033016610046622,0.0024269863102883704,0.00861786577117285,-0.005456562573315948,0.007175862500397923,0.006512453572208976,-0.00753950860753716
2023-11-01,0.027171980604221657,-0.0025929530309251048,-0.04176797845455116,0.013212899282148305,0.015805173411691298,-0.018560642962775153,0.011392172415927826,-0.003150642851826202,0.02490112448324866,0.0067014051126150775,-0.0022099193281661655
2023-11-02,0.033180016076935326,0.019199185092332316,0.008976972174923548,0.04095939300242435,0.03169984294169592,0.022885792151410955,0.01871803519693227,0.0033240729584831374,0.02591111549884939,0.021806523035810654,0.025470705598659826
2023-11-03,0.03001158964526751,0.0032575148395903586,0.04417865047705449,0.005044707591373765,-0.03608165173804079,0.034298155182688195,0.0058536276600349435,0.003638921283475316,0.023340118883516725,0.009659595536749777,0.014308661481417406
2023-11-06,-0.018940838875979527,0.026456097523231747,0.03717425377203076,-0.010038772510854166,0.025149699793858282,-0.019041450082715072,-0.002586523787331263,-0.007792560392528847,0.0029428362312207135,-0.0003337104993491602,-0.013441519624181941
2023-11-07,0.017971593789084972,0.016409121159820295,0.03861418011159112,0.012506381586468995,0.00656126297849613,0.013204876288165135,-0.007293366995608563,-0.0041451308444239165,0.006268816454549908,-0.0062318938425453,-0.012545482838567268
2023-11-08,0.008643761041498443,-0.001685367634489121,-0.01638752499355145,0.0015021517069153667,0.01360339566125468,0.00821059348666675,-0.007347018188771037,-0.00996764391222027,0.003578710725205214,-0.003583300942754275,0.0030054583875886998
2023-11-09,-0.010177876606690228,0.02033553649139974,0.018293488825039894,0.005833435602297987,-0.027680552906008238,-0.01835576401665462,-0.013157819932157144,0.003982968433291267,-0.0017829235431601198,0.007080205170144849,-0.006946270542898647
2023-11-10,0.05629922109129537,0.045990666170478756,-0.011540574424554806,0.007456515625777982,-0.005607702000674841,0.0071106478946934,0.005333343757923492,-0.010909752197912126,0.040487025494707174,0.011271188513563013,-0.0024688543040108923
2023-11-13,-0.015431036283975796,0.004792176319930341,0.005558623273279828,0.0074013275115367705,0.0027474538624581157,-0.00352997123166654,-0.011936345674922522,0.005570720464602941,-0.0061038109064576185,0.0013240022860570022,0.0010999461077940698
2023-11-14,0.06276629581262272,0.023381509735079575,-0.019213083956324928,0.01436734690553676,-0.015429128038611184,0.06744513572333966,0.03993281276204019,0.008919177105678688,0.030514234738825863,0.03791058535450387,0.028155478742431184
2023-11-15,0.018841528737997715,0.06787083209548261,-0.009353526043616278,0.010461873049788739,-0.012888149596015475,0.02249533936209036,-0.0030653804873405077,-0.002635601473798599,0.0007450630451995011,-0.0007432444507060598,0.010820115127066376
2023-11-16,0.0018339998769352217,0.07378321134742327,-0.01168988381304703,-0.003663648286586496,0.006528406220083216,-0.003847087730905696,0.0053406031350620164,0.011286077178189302,0.0037217741633730483,0.0020189496121847395,-0.01030782589725543
2023-11-17,0.018439275387077902,0.05809986616219032,0.019065442368334073,0.005116070997820188,0.02343740698433372,0.02401623036281131,0.0027366006626479145,-0.00010890234740634774,0.004696907160522734,0.009756055042330125,0.008011714065063513
2023-11-20,0.03057637300150251,0.003209121310992602,0.019422944714859725,0.001590597199382593,0.012674581821273678,0.019446195928086496,-0.0030502570023028808,-0.0016333808174913145,0.01433224278454892,0.0034656676441500167,-0.010862434466044624
2023-11-21,-0.021878377876532018,0.0009461355507061064,0.007373869158270985,-0.006352284871005254,-0.003413448696467536,-0.008554972956290152,0.002093399879665281,0.01079790063288577,-0.014736209828935976,-0.002197763305168632,-0.005222879791780821
2023-11-22,0.014238914577818118,0.03351848995318307,-0.019623430914899265,0.012146260127903652,0.0021407595061979645,0.005597162995821581,0.004820856305221222,-0.004262252597287075,-0.0021542298740058197,0.003146589026226554,-0.004038641698655976
2023-11-27,0.0006726594118000584,-0.017980948258289553,0.01135038729456439,-0.005851771747277246,-0.009348400111524824,0.02020889572323159,0.0015950512713804876,0.006737817869841178,-0.0006181548198147535,-0.0023969645030138542,-0.010626797298407098
2023-11-28,-0.019368993123075495,0.006287220834875651,0.026262966040051294,-0.014158361789909701,-0.031126779100190793,0.01416478934064136,0.003185349946129845,0.013331852960406732,-0.005752921906453046,0.0,-0.0010877961076467546
2023-11-29,0.006125609492104278,0.008087111063989516,0.021492100328901254,0.015329979033698926,0.0021805931694538483,0.015876522345368294,-0.00793786062737123,0.0014794398574642376,0.009208185181799333,0.006789986260570924,-0.0004082260554332251
2023-11-30,-0.016219350529985133,0.011263026137745324,-0.01082681477300762,-0.009853788061657265,0.008848272880343178,0.06863390747288522,0.004320685557028359,-0.004167950375202456,-0.010665315488964544,0.0035276756399997833,0.00040839277200355184
2023-12-01,0.010329127488249323,-0.0017840880853998708,-0.05604966781848986,0.023274628608223047,0.004600840348035762,0.01820408394813633,0.012269049275388966,0.017271494075951965,0.004050391551021715,0.01261380958416436,0.01633312334423853
2023-12-04,-0.019038420983776727,0.03329257932639651,-0.038777804736690125,-0.010823708998612735,-0.009302865445714348,0.047308041296582504,-0.003935227152089271,-0.02161342646325959,-0.014584443011215531,-0.00653454349792304,-0.0089727254444395
2023-12-05,-0.009377709162246117,0.016069137092041386,0.02682409946813502,0.02013959513574415,-0.007367941325132743,-0.0033565681928332536,-0.007111133711943496,-0.0037794459254785195,0.0,-0.0008220698976636465,-0.011486453100922556
2023-12-06,-0.012835217185123704,0.014504712544608278,-0.006666052293264224,0.008860609819922871,-0.012516287717402874,0.004234004521609158,0.013369295490110122,0.0036868953454944897,-0.008061563188719867,0.00215993034113926,0.004237889763173408
2023-12-07,0.03389214293674758,0.03740384205829028,-0.009514803607624023,-0.0036980669640824804,-0.018128239371850374,0.019164486728906915,-0.002198765392682711,0.0016503277504122948,0.02285724723159399,0.008929306735778963,0.005036682417802529
2023-12-08,0.029304652403830067,0.013281385346487706,0.033506355223084316,0.004639597143035745,0.0036025152550966943,0.017863848502117197,-0.0018889478962452744,-0.01334039111485108,0.008565963835583945,0.005188358715693342,0.002167115883504156
2023-12-11,0.05978872632098886,0.010479045266493126,0.02879659331791995,0.014778510936529932,0.00089739593124194,0.020598409776721782,0.006465843672673888,-0.011042895165362276,0.02400301720231779,0.007894001938602457,0.0033788385377608865
2023-12-12,0.0049126574064537465,0.0033499558582874567,0.004167181632665606,0.006371432254727916,-0.012253382186456219,0.007059638338546614,-0.004073897691606265,-0.0005446421195114404,0.010578168212135974,-0.004117075613947585,-0.01023700791447435
2023-12-13,0.023810811926979092,-0.006537720021769777,-0.003803053193459416,0.008592051471295159,0.01633875083983649,0.014918661226684282,0.03775944427967737,0.022562533466176538,0.011775780095413024,0.015124123513320153,0.028306923346694157
2023-12-14,0.03630774527032932,0.05981520943655583,-0.00043619677630735154,0.01957843394146863,-0.011312740874952043,0.03550874095498635,-0.013038142643613915,0.005862552982469849,0.018457673235078298,0.02433456197306394,0.018660771033945478
2023-12-15,-0.0007756127540258229,0.05242447203999845,0.006507329293163222,0.01832309240089658,-0.0006023918902806624,0.013340242352475107,-0.017357841530667772,-0.009166511771857233,0.004732784304049442,-0.006593719889415484,-0.010003985362692314
2023-12-18,-0.008109611028907393,0.025513040578090784,0.03375557428777265,-0.026054374549797088,0.02154267882201122,0.0015188706357602832,-0.0022563826256800645,0.004545487184575592,0.0017510298228597954,-0.00048787062694855,-0.0008652437509475419
2023-12-19,0.0025535075267151264,0.028189123481310308,0.012371315893354495,0.0002955244222322406,0.0061937658326740586,0.030333667371475803,0.005693460511719595,0.00681394057869511,0.0033461350397465672,0.01318344686735462,0.01853855249853109
2023-12-20,-0.03681814453193688,0.0536803508935737,0.013605615562755524,0.0038416958219278374,0.018613592857190886,-0.020281234674695225,-0.02028635204085716,-0.005445982936102989,-0.027828886315929835,-0.014361278917241482,-0.01660678567251217
2023-12-21,0.04521575278720724,-0.012750018331398216,0.026867767646200136,0.004709821338440223,0.007625869602826407,0.0160266741159365,0.0017658144961683053,0.007070635455129759,0.02472196259748971,0.014277111066898662,0.014455435055066301
2023-12-22,0.004504396274039646,0.01333995573182789,-0.019753875640533103,0.0014652736002489508,-0.007425438286804309,-0.006079549660377048,0.0033647187371566023,0.004434417088942322,0.00011553209183357005,0.003531243900815495,0.0033294050287322463
2023-12-28,-0.010544407141416245,-0.0049112982147375694,-0.041950033357233796,0.0014598974712649593,0.008959648510987517,0.0015437096523711613,0.00714726512944619,-0.005815437657636813,-0.00022738576051095638,0.000762147718449846,-0.00026223718754492253
2023-12-29,-0.007790406642120162,0.01486035216802617,-0.0226567648227205,-0.006123140007935568,-0.00014324084721084596,-0.009409504130536428,-0.0012615435769668393,-0.001566841018672216,-0.005403235890525715,-0.003426347451396583,-0.0005248240836978058
2024-01-02,-0.050843865308405234,-0.02423738292555888,0.002289373682734075,-0.025524584829244357,-0.00143251961566071,-0.002374768033183039,0.014527138522359317,-0.002353909884146743,-0.033739341558764235,-0.011364886842484268,0.0007875433793560482
2024-01-03,-0.01656088613172535,-0.013094936198974394,0.004310326901619144,-0.028450954966373287,0.00932431146727164,-0.0344743468636608,0.0037354039880685974,-0.008336809604204354,-0.017754606773306092,-0.025502219737007725,-0.009312654381142482
2024-01-04,-0.0120781312666417,0.018672243780767372,0.04168891073360048,0.0015494399739091058,0.035957976882917686,-0.003230401690227591,-0.003101262762185253,0.0010046128932528209,-0.0059047246226479055,0.0005948410300493645,-0.0010592372207567369
2024-01-05,0.002431965716684026,0.0035081624950685786,-0.021809602876138978,-0.003403417268216802,-0.004252991364287029,-0.002132177770958754,0.0037330165249009895,0.00015845540955172766,0.006606515159463866,-0.0008918083932779597,0.0003977422981360501
2024-01-08,0.05406332222879251,0.06053153168458847,0.0004493986317206655,0.014281226251510404,-0.007991228241602255,0.032136854157024164,0.007283491527462438,-0.007816271130823282,0.03540460434537018,0.011105765850187632,0.003047002759525519
2024-01-09,0.0025819985662638434,0.023751144147149406,0.009368384187110834,0.0016836210409880703,0.004305472091133966,0.001159199943305822,-0.008153886002888688,0.0003193567900841021,0.002675001848451375,-0.003628592874235892,-0.011094801873732796
2024-01-10,-0.012039610477134866,0.04204364986831144,-0.012231439838422564,-0.0047364894878626496,0.020467640292178402,0.014392074932300325,-0.00015504485741124618,-0.00228804710551489,0.0009279570259685954,0.0021654737697565096,-0.0049420495878655935
2024-01-11,0.008287951725085563,-0.02506580917981538,0.0024075672985435226,-0.0038379680305246078,-0.01206121771916513,0.0035061292446838532,-0.0232702639700193,0.0019733072916665595,0.0056785676297770316,-0.0003928996113909955,-0.006308621428130379
2024-01-12,-0.0033510228785771368,-0.041019895241786286,-0.029813324926331042,0.0006164715115408725,-0.004663974412051131,-0.02527012929027861,0.005717812103557041,0.009794068475553752,-0.0035147146232076265,-0.002751148349387611,-0.0031069018869869236
2024-01-17,0.004127491224910962,0.00902928376782075,0.03995253587090741,-0.004139206964075881,0.0012303912565196917,-0.019247033659883672,-0.014529774559281061,-0.01101595063528893,-0.006033090646425654,-0.011014455711505056,-0.009921417613376504
2024-01-18,0.0573273872366411,-0.02141963878353903,0.006745635580431841,0.04064068912059726,-0.00013655210157537123,0.010369251563522752,-0.010693392177152816,0.008232882099906247,0.03246689051149643,0.0067834225515488455,0.00027837225369009566
2024-01-19,0.0521547145224297,0.002685402796646086,0.026170983442583395,0.015236473016313035,0.0001365707505984748,0.024427557309252945,-0.0013103631115192194,0.00298872590696031,0.03810094678108067,0.005933268013959214,0.004313344178655809
2024-01-22,-0.002689184241317144,-0.005229404355330702,0.0036878862281157776,0.030890292602179015,-0.007919125291887985,-0.009273079713698174,-0.005083609070970496,-0.003777957126316789,0.004647961801111711,0.003398940745876544,-0.01579389079477278
2024-01-23,0.022932631031913564,-0.00933636444354724,0.002851097969852834,-0.000565411132589122,-0.007569683236980818,-0.004345710934669733,0.0018130544218692979,0.0038991332271092194,0.005105054505120776,-0.0008967175954381901,0.003941420167634879
2024-01-24,0.017436571918733934,-0.009244216887627998,-0.008303747897237979,0.09715751032154873,0.005408440084253341,-0.013261749655279598,-0.013655762665176208,-0.008246890539639895,0.017776816517524052,-0.0007976334721327971,-0.0007011023346424894
2024-01-25,-0.013228439207842002,-0.03997903166157213,0.002554260618159665,0.04640362614974736,-0.0015170424763741863,0.015481493753088271,0.018015094654216357,0.003969986681303217,0.0,0.005089760824140699,0.0009821184787894843
2024-01-26,-0.04066085167821998,0.001484386609364341,0.005902032355257436,-0.017984619151500403,0.011189232907818036,0.033339043055303996,0.0029493823730801783,-0.0006946931881827156,-0.021313005016145747,0.0038726059586835504,0.0067284695264606675
2024-01-29,0.01574092942458627,-0.005207236613142263,-0.013925167020741203,0.009533416621161805,0.01871588817241343,0.02164394242450829,0.006371392078606819,0.0070584854445867595,0.011738364322989803,0.006429161623990209,0.004594835759864635
2024-01-30,-0.018107325938522045,-0.04341228042777556,-0.001997618830743897,-0.004348904616163662,0.0033525631728450467,-0.016504010011685444,-0.00032460328085570644,0.0013805262268788976,-0.009922305380268281,-0.00039309327374237313,-0.002633428382670222
2024-01-31,-0.01996755476815726,0.02809962944912714,-0.01391551829444082,-0.003868831652056981,0.03555195517585785,-0.02977007056579095,-0.0021110367322642043,-0.0007423479101065222,-0.014422836670286987,-0.016320974929471155,-0.01486936391091953
2024-02-01,-0.009096841142050782,0.04560923906060865,0.04964504639871503,0.017915330309899336,0.014971691510436536,0.024779582620832352,0.019039789082615943,0.01040067256889099,0.009146217896300435,0.026087126708399966,0.022711291177166304
2024-02-02,0.014719086045276386,0.0017354758499597,0.006470556079718914,0.007753782044474189,-0.006358103287488981,-0.015092484667639794,-0.018045286741118605,-0.009453300862028224,0.019459472662413324,0.00019476638482651687,-0.004413800916860056
2024-02-05,0.017144940140179088,-0.03865428788385861,0.030253992258688855,0.012296023185015548,0.03634498155459731,-0.004613494683403441,-0.02081647885001703,-0.005513988032274764,0.0195062710070395,-0.009836636271400523,-0.009420936966122784
2024-02-06,-0.006037056502105398,0.048087147061160795,-0.0024052578155953075,0.007735010849550639,0.004568953416607124,-0.0008277971413794827,0.00365401515797803,0.005224693124019186,-0.011336226510026082,0.006983491744337433,0.007132901338487541
2024-02-07,0.020320285650225145,-0.03203662721771894,0.008578974485872859,0.019429154248708835,0.010694632043486862,-0.007703799889696383,0.0006619108297098997,-0.0002651978305409086,0.020182645109200426,0.010060684449018531,-0.0018053992676237973
2024-02-08,0.03866241611726906,-0.05418786144348109,-0.023580412250667426,0.005999903347826185,-0.01021655316582648,0.060689569159184886,-0.007110902095592508,-0.0009018470501077624,0.014239834679274699,0.000967070856366492,-0.010016544653130288
2024-02-09,0.026212764589079285,0.044791475742519404,-0.0078083695826624,0.024558484716899143,0.022241310304982553,0.005509221108954687,0.0038306416158357948,-0.003876152075832917,0.022163217340250396,0.01072344475495024,0.0015456658189836325
2024-02-12,-0.009150734046239561,-0.03428020615132066,0.0024150379944438694,0.00171213523175906,-0.001562777139754723,0.014480330552007148,0.011614394238181447,-0.0026119694947860372,-0.0038753916589142623,0.001720654709303382,0.012908766547442996
2024-02-13,-0.03265852133055247,0.0354304654389499,0.03180998982878758,-0.030651651027227333,0.00204677565041389,-0.017822650607879353,-0.016565625039281384,-0.013788690196348319,-0.018516693014494323,-0.021660428112411312,-0.02604251825087278
2024-02-14,0.02171909094102098,-0.03667718635958295,0.007924235907829758,0.0031737282608210737,0.01754190518900689,0.009583492749261069,0.005503705930188563,-0.0005961123453055439,0.020070270399949797,0.021359784135499105,0.010951614778200724
2024-02-15,-0.004715274280533754,-0.030579458143665028,0.030339547124199395,0.008671187769233368,0.0018891361489969949,-0.0034235742737789288,0.0167523992177101,0.0067238125229136525,-0.003344870594699678,0.011076988313107217,0.00830048579776288
2024-02-16,-0.01677315747408581,-0.03575187915444156,0.013496448851946674,0.01603160205758991,0.002828515847985047,0.02795148334240083,-0.0011418378015745079,0.0036625695484677756,-0.004293778880517185,-0.0006611354686689719,0.00013953569694247214
2024-02-21,0.00592773775107025,-0.03934436839601951,0.049959185776170534,-0.004416850408010209,-0.014822680163029678,0.015794299099282094,0.01323735046730623,5.331256612173263e-05,-0.006421244223923428,0.004173789054669141,0.0023809637037777165
2024-02-22,0.08859718619968282,0.046133718619080444,-0.002398519560786183,0.051318933784433085,0.026961861242140728,0.026448155464989354,-0.007741730255638957,0.00042672195902415666,0.06829168074584335,0.013791843527217074,0.013692813506679169
2024-02-23,-0.005569733313170677,0.0038536160174336143,-0.01477315215578856,-0.013457934558093188,-0.004922635449055468,0.009504884658477764,0.007152015312835047,0.005651511902278639,-0.006240161408737954,0.0017702658291880446,0.0031702820325241188
2024-02-26,0.018526751595483892,-0.04692008974752582,-0.02216015332717458,0.0055491238812424015,-0.005771575847494215,0.0005149808829267855,-0.019690095369694793,-0.0022266895335479875,0.008292600640831038,0.002232486885608953,-0.0026107438948326234
2024-02-27,0.0020289636768615615,-0.04803825502930803,0.04976404774635501,0.010807168877952522,-0.012083777997921041,0.00816031285348684,0.01893315020773434,-0.0010626830578386315,-0.0028999216055670685,0.002505754133600213,0.0012399052357345841
2024-02-28,-0.019262826735944594,-0.043660102113171506,0.021061225421912244,-0.011146586880283027,0.00023986272859199964,-0.0013853783251649432,0.0030700389648403714,0.00180849115899262,-0.011108955253310349,-0.0019441849910796227,-0.002063838390130468
2024-02-29,0.0444387772999939,-0.022113029560651087,-0.0038677801784083865,0.0012652368550023496,-0.01726416425286903,-0.0019716269234272277,0.0003220934220642402,0.005150266749304189,0.021888961300032372,0.009275661874573071,0.0006894060307256478
2024-03-01,0.07378147340042407,0.052032544241495726,0.025644834116805182,0.026996053365363926,0.038062718387475325,0.008560669713141289,-0.00611911741865212,0.018910791174389097,0.04052838479736742,0.008547010385380194,0.003582107440722959
2024-03-04,0.0171616654645248,0.010736868948393541,0.018493929664211928,0.02147647380989226,0.030908458928096794,-0.0014510562818186301,0.01685018372621583,0.016174996770490724,0.016096875153364554,0.004282892564421603,-0.011669248104987484
2024-03-05,-0.024449906775904195,0.012217612711845627,0.038692641594433086,-0.015002308713305545,-0.02530782692850997,0.0029651110168780193,-0.002867952088772996,0.006020141664404566,-0.01530632546925026,-0.008710608274483223,-0.0063897738463195575
2024-03-06,0.042506217788105705,0.0366342916851885,-0.02384014483781638,0.014118960728801477,-0.0071343495146943825,-0.018766697705663526,0.009587618597769243,0.008215401882095241,0.025786294455218295,0.01263145627640383,0.011323834472712901
2024-03-07,0.05058491618261818,0.025850548247818184,-0.004470600838145322,0.04056143693840175,0.08328407732531873,0.00059060912264286,0.0064895362301522486,0.005683843351386164,0.034548239958350324,0.01898218867556234,0.007050075720924642
2024-03-08,-0.06861000990716704,0.04140450256196426,-0.013514397182166293,-0.027180926436842334,-0.015876392459297395,-0.008634580809331882,0.0025160089701132815,0.008452547868211147,-0.03920223758050123,-0.006386847927815853,-0.001921746722060691
2024-03-11,-0.031763901860181076,0.009496850487449748,-0.03905000532796998,-0.04212688116382768,-0.010939170130870202,-0.028065183298376373,0.005019580950646585,0.00183502012710135,-0.017823141384189056,-0.005267562960056815,0.00550137228539449
2024-03-12,0.03161560544538644,-0.035130390597239214,0.02170438885452719,0.008818466004603787,0.022008586809373787,0.01386309524647622,-0.009676868264907545,-0.01094062729637224,0.03163192858531816,0.010141895089020414,-0.0008207240905189206
2024-03-13,-0.03738874429954142,0.020362724193787818,-0.005180054162563508,-0.015017298759715025,-0.010166102644882158,-0.0027947242679139395,0.006777059715185052,0.00700740378557585,-0.01978334895786582,0.003465286245162069,0.004380569228310538
2024-03-14,-0.02950353920776183,-0.023109274092139365,0.013410765954668724,0.002389466040060073,0.020982892436523626,-0.005454941088748444,-0.00798376571764392,-0.004175139558116325,-0.01790024868546758,-0.007880453834456347,-0.006951103169735684
2024-03-15,-0.011692292248952296,-0.009127648856302462,0.05010490516835109,-0.026447322799334372,-0.022174119338401077,-0.0027420802726233484,0.001420268958207238,-0.00319440663913817,-0.007381827742314329,-0.0008924320053214085,0.004117479314404315
2024-03-18,0.005685295891820985,0.012476859370269544,-0.000494454574325176,0.01527341607661259,0.011283164803911783,-0.01611661786566121,0.004607561074145172,0.0016022835845583838,0.002019863259068444,0.002947837382678342,0.002733766967113249
2024-03-19,-0.005510247453508033,0.027526230389372186,-0.009343731736872862,-0.0013779873665432651,-0.018595626647420094,0.028258430273525592,0.008856527955852123,-0.0011498061737871268,-0.002198987793684326,0.0024936628377465464,0.002726313860339946
2024-03-20,0.02067973116845323,0.04647268590796361,0.004690394793731123,0.005634713079027298,0.005350114953768248,0.03737271642501572,0.0012541474269409658,0.011911859798154678,0.016023872927133587,0.017146423924582432,0.01155524802129837
2024-03-21,0.04289252314002612,0.04874316623844299,0.022510296939811436,0.05580323893134298,-0.008980064184708425,0.004002998234974742,-0.0015656731619134723,-0.0010386361790747367,0.022685164600018792,0.004126257651388299,0.0012093607630392356
2024-03-22,-0.0036943358758728673,0.05759961258722024,-0.008989881994886706,-0.01862877489399528,-0.00033799488592656246,-0.02609619951003761,0.0014113345252113607,-0.00802096899240623,0.005876821128078191,-0.0020894627452545667,-0.00791933559098823
2024-03-25,0.011749919405878995,0.014802162256116747,-0.009233247433511171,0.007615020019787533,0.00822815585884551,0.003125819538481567,0.004697818224318473,0.0031944066391380588,-0.002459965619643678,-0.0028789163915378113,-0.0012177608666807949
2024-03-26,-0.022661878268846802,0.014664714641289045,0.018407455979263743,-0.013800644331829481,-0.006931341107871747,0.016472571932735214,-0.011377885337776061,0.003233961285236564,-0.009291897984108233,-0.0034124891045247407,-0.002167328729557716
2024-03-27,0.024862232773148252,0.02000650923857905,0.008542299255846375,-0.0057751386395477056,-0.007880276863642788,0.017592705764028604,0.02790477156321125,0.007240660177973313,-0.0003555651411671912,0.00842836240952427,0.017784246448298235
2024-04-03,0.010632212994369228,-0.0064753938354852325,-0.01584555568179158,0.01605488528601251,0.01349335460293477,-0.029352339855355125,-0.0039779627814957585,0.008772374739768773,0.003999892044388886,0.009815994052917887,0.005785767564391753
2024-04-04,-0.044142077256795864,-0.0018691608776036928,-0.007599855321603011,-0.004088323972853969,-0.020710072341142194,0.008531799839898158,-0.001996925084411072,-0.005734705223284009,-0.026647818395656664,-0.0053419829471825775,0.002943081568200112
2024-04-05,0.03169756424765224,-0.03784330186991092,0.0018434912121250147,0.00488182349393429,0.008017630256283326,0.021336533338171426,0.0029245567051598975,0.017114197447370305,0.012506171946982114,-0.0003521797780320357,0.001867403664045142
2024-04-08,-0.00473913455255337,-0.014555191526118616,0.01383573392712556,0.00883284073784174,0.004726260624259959,0.006166071129113382,0.006598992299438278,0.00622848536623688,0.001886477281445309,0.0059010208779848305,-0.0029289756765426
2024-04-09,0.007232299906201556,-0.026534008162441225,-0.025329934401058907,-0.015760208278797427,-0.015947707920445864,0.010884404641029022,0.005488629428100467,0.005497054993034878,0.004662478130526004,-0.00043765987842292464,0.008679419064776095
2024-04-10,-0.020396954731759398,0.012084725568798138,-0.018975928047137436,0.015567912601658573,0.009677053509111078,-0.006967201668230727,-0.0171341225440772,-0.009463856185613961,-0.008701498409592778,-0.015417111425391372,-0.011119983295891478
2024-04-11,0.03334418931073002,0.054277569910947454,0.00251136330455215,-0.004598862145350657,0.00381062483451422,-0.01248289440846062,-0.0020055510219153527,0.019433247203493043,0.023227534458004406,0.008096133401466865,-0.006024087258030497
2024-04-12,-0.05139533585781031,0.015961675839282874,-0.00351469107836877,-0.0017599340909577599,0.012308792372762278,-0.02574265262687736,-0.007574696012775162,-0.013239324939518515,-0.02916725030024858,-0.011384792518474462,-0.030707045675180233
2024-04-15,-0.014846892961464797,-0.01561568183723716,0.010752652319288236,0.003746564900154903,-0.0009090507672625536,0.007008289560388459,-0.009189883577048308,0.01871915519396472,-0.015044375777570562,-0.008480543046434086,-0.00722527395685324
2024-04-16,0.02054644934401817,-0.030262580307211406,-0.02824637669116814,0.00274458671965494,-0.013307650107976632,0.011943975516751859,-0.013205461505003568,0.0012220152803359419,0.008281266411822585,-0.00828304412432912,-0.009517190844614443
2024-04-17,-0.05808752473467971,-0.016596934515161865,0.0024307484138386126,-0.06678348867203132,0.0043803981822154725,-0.017193465838047706,0.020869856473198833,-0.007368252752093185,-0.03084509330531815,-0.0034498201639805437,0.0005652408842340417
2024-04-18,-0.025816721737054626,-0.0025215054977308915,0.022060671492249107,-0.014195174411740341,-0.00987035990982743,0.005295507452330206,0.005618027508270451,0.0034154561341945833,-0.017749495401339188,0.006559192711247608,0.006778830466215524
2024-04-19,-0.06664744164860026,0.0032333298880442563,0.010302638406651798,-0.022968118709757346,0.004057134980280042,0.00442111448714555,0.015363076176531099,0.003131535140574959,-0.04515174332497829,-0.0068784789819001935,0.0032260873983003258
2024-04-22,0.026006929778574772,-0.022184598710237813,0.004392576967024331,-0.009500452799602432,0.010505550646853434,0.026128523312169083,0.009170001673373784,-0.02470249054532203,0.019125527233303297,0.004829964947113741,0.002377082165271105
2024-04-23,0.02742733572255851,-0.05495853099216663,-0.0011814064741342278,0.025946768633538397,0.018279535853586104,0.028018650625823538,0.004694918761078748,-0.002458663172418052,0.02354452955998476,0.013604264000255162,0.003905683946335392
2024-04-24,0.01457982709101513,0.016522312639565273,-0.015039244572420118,0.0005993303076876622,-0.014136652281628193,0.0020418250803195814,0.006029517282082786,-0.0018600907225296837,0.0011548337698579214,0.0041160221977025735,-0.004029442982949272
2024-04-25,0.03006340767758564,0.009586906091797243,-0.0050140317892618524,-0.0013176772735934428,-0.013542785184604833,-0.018428353769017747,0.002696875648025232,0.005963468053189924,0.019996171991392142,-0.0004456292391123995,-0.0011160170496276045
2024-04-26,0.02236287835760975,0.03581284975423005,0.025747907781348278,0.03227358028422156,0.022842648184512093,0.002166279924792125,-0.010908445426597302,0.003241927353549112,0.025636219722259046,0.01257017915736447,0.0025138720822559524
2024-04-29,0.013380131699429754,-0.0127611057542526,-0.0026153554789135613,-0.0129249126224531,-0.002030175102602616,0.016842301908654322,0.013597159242717316,-0.002031218037689575,0.0034001901772551246,0.010741277357152912,0.012399083156233948
2024-04-30,-0.02922599069499998,0.027636236824234217,-0.023427727353478645,-0.017694958339548705,0.02011750013023894,-0.036315297575886474,-0.005216759415149652,-0.019937078844561418,-0.0196446861786006,-0.019947617652861904,-0.01651308866391532
2024-05-03,0.042713674714815575,0.0027850657040087157,-0.002026388397215917,0.03019462365221015,-0.025770247841191307,0.02405932882147299,0.00795621875514918,-0.0007976266365629092,0.026882900457525283,0.016808106945799484,0.006784731069577221
2024-05-06,0.043533747542931156,0.0005668212834371023,0.009799328302595,0.012800580373419246,0.000940624460589623,0.011835255836564862,0.005116217438827508,0.010518361024399514,0.02268869189862177,0.01592144569306475,0.0008252391992844554
2024-05-07,-0.011945686224003937,0.01222067389615833,0.013508123767525193,0.00897727075152499,0.03664543878193949,-0.008554334573274147,0.011343905925785602,-0.004600326433150892,-0.008712432356371647,0.0005994776847919603,0.013329588638287149
2024-05-08,0.00041393321329197263,0.03107403049323243,0.021228700518006294,-0.010770582250111849,0.0006798905024674173,0.003257672764487962,0.010497338047914306,-0.002941061869504713,0.003035329525038044,0.005819875125047114,-0.003932723469383226
2024-05-14,0.02742946167248128,-0.0020699818809610804,-0.020245282270474618,-0.01441978784137643,0.0001098435907518347,0.024306351661378622,0.0026659801553137186,0.008462045119477013,0.017110117831673488,0.011062216733461305,0.004708651380118223
2024-05-15,0.037749680926275175,0.049437083218509814,-2.6362398786172747e-05,0.01225165956755836,0.007802122134233702,0.0023214857350655205,0.014973168358409117,0.012838750510223873,0.030033471929150624,0.015033849059080007,0.0018746552072048672
2024-05-16,-0.0010565564307479791,0.06025835644831923,-0.008209249136678975,0.009518285149781924,-0.0045795581190989365,-0.0017155973037422667,-0.0034466954034361175,-0.0038933433506626036,-0.007268029412595967,-0.009709613340060708,-0.005078689870465447
2024-05-17,-0.023553908905386334,-0.03970351149456275,-0.023646717967651498,-0.007100395966938122,-0.010515973821869085,-0.01976274829881286,0.0008301126380061419,0.0164977725898805,-0.008397957666909539,-0.0050684943927340464,-0.0012091991667451119
2024-05-22,0.01563583401682611,0.03286125216579783,-0.011553963023468006,0.00046844346835284156,-0.004529813118928305,-0.025059045046041395,-0.011801907982336823,-0.01837396956557802,0.008181683223517089,-0.001153830217169416,-0.0029692988768669215
2024-05-23,-0.0036986301442696323,-0.01747446111926032,-0.004403668345123624,0.02610958538931274,0.01560138889663909,0.00799863923250732,-0.016941982824332347,-0.019944570339717638,0.013652344205635991,-0.012212339567650887,-0.013943596321909446
2024-05-24,0.023988388321209086,0.04490718375555902,0.023756702729843315,0.004678046284254833,-0.009174428057071582,0.028352297533075443,0.010029716875792793,0.0009271136061119734,0.01851387077068578,0.0165399502336514,-0.002196488614941372
2024-05-29,-0.0299763630519978,-0.04144662710192393,0.006747177734764298,-0.008370648662886615,-0.004586630790033963,0.0034846997565900484,-0.012879706650790634,-0.009303812074716977,-0.01673139776149568,-0.018045488377428143,-0.020610025198793847
2024-05-30,-0.02033467715630133,-0.06135244824670394,-0.009172064111490852,-0.008441028279359997,0.0059244326555345506,-0.0016494578286775363,0.013473233299605036,0.0018967600627461945,-0.013759343143431857,0.003943937226646987,0.008698093145246943
2024-05-31,-0.013905905806671615,-0.06499254750302053,-0.0020528296058737183,-0.011577936373164954,0.011342421017243476,0.043565187998594546,0.017632399437782054,-0.00586417430627717,-0.007388481710477568,0.0016717058892126158,0.01029204823937313
2024-06-03,0.011217423161905993,-0.01809030195695238,0.003936448612343213,0.011139196268414642,-0.00366657289895711,0.020581732412076725,-0.011413815761015744,0.008917780500373507,0.012475097306065885,-0.0005006747857758675,-0.0020649746947668524
2024-06-04,-0.021648238490210248,0.02195953506637749,0.010114751363756946,-0.008631426424898114,0.013313159655382156,-0.026371795907657036,-0.00041719547233243226,-0.008977059834655465,-0.0036142540993833183,-0.004842280670337096,-0.006897529304490169
2024-06-07,-0.009918250975477716,-0.05649958712272285,0.014982513470009451,0.0014621045665843546,0.010993493851553016,-0.011293359855350071,-0.010889380403964144,-0.03568330143379639,-0.0007923077925737765,-0.008532767025108301,-0.009275962313234132
2024-06-10,0.018154645931153457,0.036557501341136556,0.0011744698729743153,0.004692876174457794,0.004471546169867002,0.00533605106940005,0.012868055547526458,0.009168181127878317,0.014471997129630099,0.01029363940761141,-0.001537139208369953
2024-06-11,-0.009646197494022957,-0.022335122581673583,-0.028623155250727783,-0.0043594514477803825,-0.006475089401536405,-0.02305525628600469,-0.006069995347280588,0.0028566106093961263,-0.0014851944732282574,-0.010105114305240637,-0.009517190844614443
2024-06-12,0.03838821042068696,-0.016496240240808646,0.01562075390568074,0.027522775391731535,0.007739297799973288,-0.016468548907256686,-0.006533144862949314,0.0026617200115086614,0.029787066058121203,0.024213233485761432,0.0015542981954101975
2024-06-13,0.025755407840555078,-0.03469784884419114,0.028691247709987877,-0.01937904091041942,-0.010003979270897467,-0.022786199830072684,0.002287175885155035,-0.008150148984962247,0.015659981664903455,-0.011943966750120993,-0.007618453643476353
2024-06-14,-0.00940977714971103,-0.03000117363628807,-0.01388694166043647,-0.013967986972140078,0.011534115717018567,0.0003532301384638892,-0.002424514062031591,0.012959545903254766,0.002545033467932223,-0.01667359461207074,-0.006397488357702152
2024-06-17,0.026692509852094926,-0.02294588212436044,-0.0010475944520079716,0.017208862591280294,-0.010595367119789811,0.009977070120190445,-0.011009495708836803,-0.005191652247571676,0.017133787614308726,0.006613000781681144,0.0020031370952255934
2024-06-18,0.03192543527561775,0.001608910434091948,-0.03389256417081565,0.01485454645633566,0.0007138733126215158,-0.009353851352355447,0.0004336010031391613,0.004007271832187298,0.015707567844009285,0.00875923334059836,0.00042841028614137855
2024-06-21,-0.028318027013713887,-0.0005117852559651803,-0.011843978211950379,-0.02578620096779427,-0.005936726698278827,0.0223353208249899,-0.005874054679080087,-0.015493238109986152,-0.014985811021952844,-0.009067184169501696,0.0018552693746138882
2024-06-24,-0.03868052944175426,-0.048204109930199746,-0.023370712256508663,-0.015466018352205624,0.0005060522342523743,-0.0025342571029358663,0.013147300834748021,0.003957566385821121,-0.03439170851031059,0.0027111482972694834,0.013675354430955577
2024-06-25,0.013271505168375386,0.0367344136970853,0.0034474622407600908,0.0017921794709607752,0.04006476408640647,-0.014280705939524796,-0.009463568550715395,-0.004962237629221655,0.02341855791605507,-0.006337095715678642,-0.01068014749321522
2024-06-26,-0.0051346770456762725,0.0203463976739231,-0.010347089801620801,-0.0037886755178904163,-0.02042803345534272,-0.02737539362187935,-0.004198127755554726,-0.009228168111804491,-0.0032853149627896094,-0.013860479370768397,0.0022726163510096153
2024-06-27,-0.014943808042893969,-0.038032164417602154,-0.01180240250505149,0.01415599731099304,-0.004369415541466193,-0.02284565744843503,0.0017446125568958415,0.011336925587312363,-0.007857288485947023,0.004491375847291312,-0.0031179625141000145
2024-06-28,0.021398569895912045,-0.06207942342636197,0.012657729817425523,0.004375020621631309,0.0029921857483157233,-0.009912976278860897,-0.0111740824519726,9.297647872519299e-05,0.007108225048576333,-0.002330591360124701,-0.0031275996764361658
2024-07-01,-0.0004950944556681991,-0.05218632716025284,-0.02229754152380614,-0.010267641328863486,-0.0009943549270717833,-0.006895240398614444,-0.006897746816091788,0.002604589701363791,0.0011892377697102496,-0.003806922678707081,-0.010553428359614814
2024-07-02,0.025979932072230927,0.03745072290445717,-0.020104843758765978,0.012155511775792327,-0.011049188794432396,-0.01873694984333807,0.005172287077165327,-4.643394389247657e-05,0.010037906030224253,0.006948110225369453,0.0033151336960210998
2024-07-03,0.03539408860862325,-0.042204313728661846,0.002384524959207157,0.020602600323326836,-0.02617013154659331,0.014539096653472416,0.006027676223027356,0.011273000380832565,0.022721231617464754,0.019837771493465217,0.005458923294944462
2024-07-08,0.03791822327433603,-0.029649711309029714,-0.010444774370703791,0.004934763352894667,0.010882911177401144,0.027467264057355223,0.001021224430187928,-0.012402074526820739,0.01664692557704206,0.00439795983857505,-0.003159490896087025
2024-07-09,0.00045305292132424846,0.02253754850504741,0.018401960715688226,-0.015232050427872013,-0.018890914158279593,-0.001876085692751106,0.002914657114256869,0.0016957473442755777,0.0021880675023253637,0.0003367278731636336,-0.009652826697080452
2024-07-10,0.03326461832822036,-0.007721084721169058,-0.012468178971015709,0.019639607150976124,0.01055904632880278,0.001973445092569248,0.009444844115196638,0.0036603361122538036,0.023507210351792374,0.01725581712181068,0.0059645808686730195
2024-07-11,-0.06090578944874281,0.008094768373753558,0.03416796301987568,-0.012874352674924316,-0.009116998858421654,0.0211967560351789,0.01828132328689236,0.017733403441032136,-0.03644189103890649,0.00653707961610972,0.017064309337283978
2024-07-12,0.0207701878714186,0.02318051892468942,-0.018972151795843772,0.01324457901455589,0.013439450052602941,-0.013409172342812803,0.007351023446256377,-0.0006270969301161999,0.012655986060625901,0.009371918515562738,0.009384247081913877
2024-07-15,-0.002653501003673342,-0.010821497281841896,0.026712402108499234,-0.012971493637606746,-0.00714065528665675,-0.03286168388419297,-0.02427747200359498,0.0032271131671974818,-0.002259201245479181,-0.0111581192110628,-0.0032398349026870887
2024-07-16,0.007411185928883235,-0.043086162578655274,-0.013139361761712931,-0.011524482328149732,-0.0033905950491966985,0.02502640790311972,0.0077664513023729675,0.019925798233449088,-0.00043815344039155324,0.014249197479870634,0.016958707138510665
2024-07-17,-0.10326726948739173,-0.06163453367023386,0.036912269064475645,-0.10932705017318067,-0.052577252998061375,-0.01540043533458002,0.0005705708180960833,-0.004643206403117217,-0.07120671057311367,-0.02752965970730259,0.011812174516396379
2024-07-18,0.0008505040962902832,0.03351926059909549,0.014728713676501304,-0.03720288471474442,-0.03482048002292881,-0.032236389184390646,-0.0008554825942415079,-0.006381186355259194,0.005192314542332932,-0.011106441172725745,-0.009476771699618691
2024-07-19,-0.04062954109721306,0.023523055760428235,-0.02260101837665518,-0.010733524013603613,0.02153324489011843,-0.008771220887390796,0.001141925463598037,-0.017937829186174925,-0.028958302136197323,-0.007684501646351594,-0.00804212458174891
2024-07-22,0.049173527235945924,0.00263746191400438,-0.00950093640044436,0.025316576062337726,0.0032005504132199825,0.013123927249451217,0.008413066561160143,0.00031573231212611574,0.03860726703304973,0.019743047956835014,0.005591231134242314
2024-07-23,-0.022444512718291287,-0.0314188285675675,0.012566044926903386,0.01222805697590612,0.0146314089472237,-0.008832270051954416,-0.006221654979961189,0.003516676143213937,-0.011097312406283089,-0.0019194625272049848,-0.012510406234210847
2024-07-24,-0.08611005412910688,0.004859452684768062,0.016831421000217173,-0.03403424605650929,-0.02157637278742297,-0.03069297645566571,0.011240693724167583,-0.0035043524704835294,-0.054461239311462406,-0.022742577097584538,-0.00394142016763499
2024-07-25,-0.041573049843659726,0.05025922553303963,-0.002792698233609392,-0.03848006592536968,-0.02304978220052467,-0.008069454892378314,-0.008301790959702737,-0.01564473026582147,-0.018341812655727652,-0.013517977557225946,0.01441487821726084
2024-07-26,0.013960172517682334,-0.010623473982912413,0.0002152258527041706,0.026138203962110973,-0.00896086239629601,0.03027483098887296,0.009790099796010088,0.010534525866662925,0.01585217770847791,0.02029485279243315,0.007383721146322797
2024-07-29,0.011306815626894728,0.014830826978344147,0.0153748066160595,-0.015482744825983552,0.012017790359291958,0.0010995370724686815,0.004496045587580433,-0.0014050562105476505,-0.0071157477046635,-0.005185323849979273,-0.006084895160358927
2024-07-30,-0.05431512545637629,0.020001000432896543,0.0024691412788440115,-0.0007441707839273004,0.013797874888217265,0.010183570927563501,0.0051757542612422824,0.009985461488319247,-0.03826490620021816,-0.009057483372403086,0.0005565895682875244
2024-07-31,0.08621255362914626,0.038579593213209806,-0.023208420955793896,0.05560384970266408,0.017402902857290847,0.008005685491975667,0.012941690225934499,0.018110725786084414,0.0763499009731039,0.027938290937450594,0.0004170975362913776
2024-08-01,-0.09852625583341001,-0.005345949496794233,-0.023491416691543532,-0.024221080012679863,0.004166589817376165,-0.028532247288635793,0.017997082495380123,-0.003442943141866439,-0.0646990455591242,-0.027011261438465217,-0.018765721729655516
2024-08-02,-0.0765128676195852,0.007301830027032219,-0.00030459039931052256,-0.11182074045234847,-0.048591406011176175,-0.04319743042512181,0.0016194854409774528,-0.0019046282784819235,-0.05445646523528591,-0.024743406058813422,-0.015157947781172298
2024-08-05,-0.021776812379969646,0.013352436047637806,0.021645290469044287,0.012074441069197084,-0.025938194511840762,-0.024683612038512992,-0.02640799821712314,-0.012691935106198704,-0.023440043193622473,-0.027050979033495515,-0.01553486596908793
2024-08-06,0.025276699731286767,-0.04476453527457114,0.034268147325393405,0.04571037195135941,0.04630608723895069,0.023902368854151312,0.008441714217268137,-0.008000713832612472,0.0194553005937097,0.0071778168097758055,0.002775944866663771
2024-08-07,-0.04171185183907933,-0.04108439730721092,0.014008624664909375,0.02038201527520722,-0.06711701892638056,-0.014893979094432908,0.005626272612557548,-0.0006796279952806517,-0.027545289496456626,-0.0015336503101075483,0.004225543244584795
2024-08-08,0.0804658161905385,-0.006077183433687572,0.006692016240912757,-0.0021356243749646175,0.04297423916156484,0.039995838958156504,0.0010919209127429053,0.015688013635013043,0.06355511152935267,0.023852705344155067,0.015235150159701671
2024-08-09,-0.00649047634317057,-0.029558979335201574,0.017059130491056562,-0.012967371586542265,0.06319448930078253,-0.006186498743918856,0.003407888596180797,0.0024552612171107047,-0.0002667962527670431,0.0051182101750899545,-0.0030012122702267607
2024-08-12,0.006275510751479585,0.01991760391861397,-0.012225665539815744,0.0007653378722769499,-0.02797734705811339,-0.009440506167019969,0.0017659396073719247,0.017144665770273848,0.00938405241678808,-0.0030728875199852457,-0.005447416524614335
2024-08-13,0.06237265008137172,-0.028313078037598083,-0.004197827195753234,0.00624507116212758,0.023966850907797266,0.01780469948730401,0.0058313062550263695,-0.001532358906807807,0.040667958138746574,0.021400255201024843,0.01801673204490961
2024-08-14,-0.009766961677478037,-0.029698587057365833,-0.01781453813813605,0.012413095727263457,-0.004703040104622969,-0.018522344324076068,-0.0006741127300775585,-0.008155751250824572,0.0008467834271810304,0.003880076723329129,-0.003964300009855259
2024-08-15,0.08642029193798484,-0.03974455372865027,-0.024442416368205766,0.04091074678130635,0.023938257630658155,0.03900192927201451,-0.0001349567829852516,0.0031388449312386157,0.04221834615853126,0.01365617186453516,0.016346889433371592
2024-08-16,-0.005637128231013699,0.02820124209876007,0.0031998289182089135,0.0006009243729412361,-0.009911652537999749,0.0046417417561275265,0.004452876082343682,0.02238773852658915,0.0013800941204720196,0.0012710248307625793,0.009090932732796597
2024-08-19,0.023823082147010455,-0.023105664958546268,0.0072189438205696455,-0.0037235680395977244,-0.004461347532039972,0.011751739965229602,0.006582407738370044,-0.0016380226467286318,0.01876693061865975,0.013032063722981713,0.004296605026529177
2024-08-20,-0.0043046224922898,-0.02010911786816183,0.014476810924413552,0.00385812117765294,-0.007213986149010254,-0.003077714573443746,-0.0021351099366436754,0.0036699887797402297,-0.013050069839215306,-0.004009639504121254,-0.009522547167843065
2024-08-21,0.01200228695569483,0.01743879419356209,0.013773815768093334,0.01285118410706132,-0.00957837913901416,0.024198595655205324,0.007088274714792675,-0.0013336178629832496,0.010360386686787848,0.010567814422547395,0.009335415304606576
2024-08-22,-0.053804145305026196,0.03059171624714252,0.004408077942413602,-0.012213755384826941,0.024344226162397842,-0.009528452989357006,-0.0011952577032068312,-0.011975011209935604,-0.032757470318363624,-0.009378441807083804,-0.009663228895181564
2024-08-23,0.05650949810858741,0.028571117450920447,0.013677959016065833,-0.017046953953383737,-0.010309258732757898,0.03720424810428735,0.00279216546889427,0.011553425520716143,0.024626732964368347,0.02035857018725351,0.019096837388109966
2024-08-26,-0.034926220787378726,-0.03825350919470416,-0.0003505232615481635,-0.02662427336035722,-0.009649044285578223,-0.01864473745618178,0.006497089572748749,0.0031893380775307456,-0.02343086175718523,-0.006979182425719044,0.0016413376011281677
2024-08-27,0.013019830031703705,-0.03428096817992776,0.00830441137833482,-0.0035131127247469696,0.0009963377254118555,0.007425976540173185,-0.007904140083705768,0.002706671669018279,0.010058863622909753,0.0014056339315455801,-0.0008193792126076627
2024-08-28,-0.013483320927937581,-0.0519425259125188,-0.016580144480486392,0.00654737609687861,-0.001990979389311809,-0.06423497888816654,0.0,-0.007026862307456638,-0.0168155771396451,-0.006688174404946623,-0.0010932910380518912
2024-08-29,-0.00922877898656016,0.018995617480989546,0.006274573701164687,0.02952217812026392,0.022054807032944712,-0.008798112929835011,0.005444091098494086,0.005177980359189593,-0.012370831227469625,0.003574436970119166,0.0036940478455351755
2024-08-30,0.044983259970049705,-0.041701964692745785,0.01460956038061667,-0.013365737128978372,0.01724140602331925,0.01857786281911178,0.007527871047639856,-0.0071260085162319076,0.023328179550671013,0.010519340427596058,0.0025899926571690823
2024-09-04,-0.0035557103563966797,-0.03533556441484409,-0.013452954391943717,-0.05927438105748917,-0.02447703698163539,-0.00043460367004111156,0.00853245213835696,0.000607926500195255,-0.0023979759346278717,-0.0008450367307027973,0.008440677321454704
2024-09-05,-0.015489551319502803,-0.014761998248626673,-0.010335765880632675,-0.02227056016963236,-0.02155408755159538,0.0022773531744972875,-0.0024730022410082153,0.008332306942507639,-0.0017360116652975766,0.0009303200081867136,-0.005488428785426214
2024-09-06,-0.05894632042930792,-0.010171518860361939,-0.028787516740982455,-0.05416659455738981,-0.004179892304914445,-0.019312293067329733,-0.009525079478584497,-0.007402630408956501,-0.04129133462700885,-0.02340510091575354,-0.006622528375213488
2024-09-09,0.02510932161179169,-0.011998249191395027,0.023759573906736886,-0.006607885202730368,0.006239387787610129,0.003580531779335372,0.010143459751528638,0.004205876079289794,0.02260458701891821,0.013583706928922634,0.00361107549191364
2024-09-10,0.02063123910883613,-0.02885487731600689,0.024864944699787728,-0.0059127872133364345,-0.013190562366794722,-0.024239337708846342,0.004694882829830549,0.004404097525005923,0.00946060833810125,0.002987572381735415,-0.013146986370919822
2024-09-11,0.072618172671848,-0.006076015594467354,0.0167442331622627,0.038066772270451965,0.01736551613812276,0.0010753833435013238,0.003115261229423849,-0.001590555949419148,0.05163557197689461,0.018127607708082527,-0.0001401267602999523
2024-09-12,0.003246527420067702,-0.03651266852181523,0.03741631090327169,0.03480883839585802,0.02661423723631673,0.007089987922436203,0.0021998293738723085,0.017567284525531468,0.0021422311875978206,0.009529383773125177,0.002664595765515143
2024-09-13,0.011770309314428351,0.0327565853134959,-0.0006998535301367959,0.016057623457997883,0.004703579441786676,0.010346696084263973,0.014073566341264332,0.009943683944142245,0.012868766633648665,0.008197477311224333,0.011330398155616983
2024-09-16,-0.016778660814772195,0.022130654213766032,0.06383105649700593,-0.019209804063326175,0.003919389132480688,0.012352141568503727,0.00763925742446836,-8.374817448153493e-05,-0.01312733806049371,0.006898777692895264,0.003457771975128754
2024-09-17,0.01743169156572688,0.014507538093345484,-0.00022266899108924765,0.00847339185831375,-0.020279702548397838,0.0028156834084687166,-0.0007578706237709731,-0.0055309113549146804,-0.00034220213782965025,0.006688388470524664,0.006616139019931522
2024-09-18,-0.01256093395881841,-0.002782833573553134,0.0030228045411928584,-0.015151517739061982,-0.023466913395461253,0.0014559849122648405,-0.007587193075333398,-0.007710465405288858,-0.01138119514685454,-0.0005671343923862038,0.0031494448674453945
2024-09-19,0.06285613751313002,0.0037409328171615908,-0.003453489991292802,0.04601408936605833,0.018136449251062947,0.0129802158054666,-0.005861588143170504,0.01554075728197235,0.043408671527482845,0.020672876133294382,0.01760855583909038
2024-09-20,-0.02096232187379765,0.003510077092387709,0.0053545616211359,-0.041716793594097745,-0.0536629109751211,-0.00430563673168316,0.026403585621856296,0.012710660066880486,-0.013231592598669573,-0.0035742316937990015,-0.012609104108692093
2024-09-23,0.008023358794595703,-0.013104894660200705,0.016268670908800242,0.0022322295472736453,-0.020705790772283295,-0.001956100080330647,0.009919477991803038,0.0019404068737312041,0.004413642515571414,0.007174043512870876,0.0024453382068032603
2024-09-24,0.012302892865088344,0.0384612640010773,0.0012174654506320604,0.012947214326807455,0.006006727891021191,-0.009180730572213358,-0.007095707394090378,0.01396907347432852,0.01862316440407641,0.007914654005510613,0.0067760120823745495
2024-09-25,0.015921447367826858,0.011343032151971633,0.033280877900569106,0.010170562751088186,0.011822210116473109,-0.01103606541648472,0.0052656857738575535,-0.001381767735031958,0.008792107940645,-0.004868479533395309,-0.015614539341434974
2024-09-26,0.057096559041038386,0.00791982094528465,0.007657209634342577,0.03374151915908219,-0.014752784619907033,0.026529162183887456,-0.006859459193034767,0.005086884066794806,0.028834374689085118,0.01629501780793885,0.02187899740727839
2024-09-27,-0.0186657342245381,0.017488521241110222,0.005772123776004001,-0.0032902992510320805,-0.04587922883498485,0.029945693362360748,0.00992069765571002,-0.007935830791900744,-0.019317505664874224,-0.006379133703375617,0.011909514218350514
2024-09-30,-0.004530635171670849,-0.02173023056153378,-0.016167392526424407,-0.015449731724896942,-0.012178218459564683,0.003982869241930365,0.004476531720779331,-0.007999374253898295,-0.009243578839780442,-0.003679983253365604,-0.0014546107665358576
2024-10-01,-0.04542481201484183,-0.03974985668746989,0.005281989183085978,-0.0050965011098527135,0.014489041511892342,-0.03163748854324766,0.008046564734307537,0.010491249392624136,-0.02676710959174644,-0.007151268074916728,-0.001589383581480197
2024-10-02,0.046808702812218606,-0.06315299705392574,0.0016204147686229575,0.0210299637956759,-0.017038367877243332,-0.027959706440837784,0.0004912883162813131,0.00020358719772617384,0.014400483156830512,-0.0043533234328571035,0.0002654083202451307
2024-10-03,0.02029479277125712,0.018994284153679875,-0.010973570111659559,-0.0030367621577299664,-0.00216674428295216,-0.00031637081465929473,-0.00036811415529003355,-0.0006920058878576718,0.009202703488054853,-0.011209213519272287,-0.010608691568976703
2024-10-04,0.020776346393750922,0.05213576844887058,-0.012921602555523659,0.0031784367755849363,-0.0060031745499775635,0.03182989336228226,-0.0015963683768982495,-0.001996030315693287,0.013371545532666174,0.00667309663367166,0.003752827840404427
2024-10-07,-0.0075877978658349665,-0.025159895589457526,0.0535503364402965,-0.013069398557077783,0.03238229929322167,-0.007048039548266827,-0.02299851210307724,-0.0033877625757333663,0.001614027003266738,-0.0014375539229460887,-0.006008695719761037
2024-10-08,0.011632187738105149,0.02855271270311799,0.0018210860509777493,0.006019304395949554,-0.007841624139297232,-0.0015431675918270438,0.0005035952750906958,-0.007371925565205384,0.017323341752281785,0.004398873521094249,-0.012627736187799221
2024-10-09,0.0064825869422888704,0.05089164366315457,-0.025398274883890237,0.020476053531603755,-0.00439092577313982,-0.001854363503035028,-0.008555607539360355,-0.005446185963701722,0.01041502727211796,0.008361260568698459,-0.002585059364411113
2024-10-10,-0.012462595157522127,-0.040678776429404095,-0.013489009151910203,-0.006384292899639821,0.011214730704311782,-0.009909234023517954,-0.003045707657363228,0.007342892553628744,-0.0019596791628675447,-0.009081485888269514,0.001227727655092048
2024-10-11,0.01937224813519789,-0.013861680454502312,-0.0001756226201683475,0.010621468926553579,0.022429893078994123,0.012718919249748772,0.008783084387996576,0.010913408354139564,0.008011018886578736,0.006773783163846359,0.005722039782555699
2024-10-14,0.021797021303014308,-0.037291414785850074,0.0127345185340344,0.027637192571524194,-0.000365613348251248,0.003397273450886251,0.01261825561692187,-0.001629502157067031,0.01788161798228738,0.007599308899879809,-0.0025738534513423117
2024-10-15,-0.07027440366432569,-0.03165674656215811,0.012758936371554785,-0.15643950453006672,-0.021702048611182634,-0.0004104607415934547,0.004486113886966958,0.003468359323146597,-0.05404174027738351,-0.01563364341392448,-0.010457692592324985
2024-10-16,0.005812330511263841,0.0158308404373233,0.01714372037324985,-0.051189845003088985,0.0009970965300165613,0.013034946382907364,0.019848469228447962,0.005001609209081437,0.0006473472664461077,0.0014366448215650252,0.007137015925994472
2024-10-17,0.005764118169496735,0.04993314511101299,-0.010159623311113752,0.00047332931133814427,0.016683174053024663,0.01408302706874398,-0.008879562758656867,0.00598831083503093,0.01722463393247109,0.007331858408443637,-0.005042289369260433
2024-10-18,-0.006101099265005017,0.030439390615943474,0.006578020676132557,0.047776702864115395,-0.011511100913308647,0.009391691572789629,0.0057683371496206615,0.010618185005034864,-0.0002782959415175146,0.001503033424775424,0.0008218482749822176
2024-10-21,-0.003226280554922023,-0.051239414114949144,-0.014360060927500529,-0.010383851252461995,0.0004954629497022633,-0.033455524052879215,-0.003904978088701605,-0.00019900127714245208,0.005288116786754227,-0.004423621427082081,-0.011085287630862806
2024-10-22,-0.0024235987809518855,-0.03359705305498362,-0.01339989650897866,0.013990440756341815,-0.00817229647626716,-0.013619940766508187,-0.003552503623903136,0.01078732362833379,-0.004548325955678334,-0.00864881687151231,-0.0015222484793737667
2024-10-23,-0.02801795454170597,-0.04116528315828072,-0.01981500264184821,-0.011997694342306464,-0.0052435208827861235,-0.03592196641159062,0.009589399235343965,-0.012050555849465017,-0.01064807773243348,-0.009604568504314237,-0.00041582217377622577
2024-10-24,0.019645935232723843,-0.011028501646257016,-0.0256237041511429,0.003794826077215152,-0.011546180401651451,0.004845875907463215,-0.006454073571199426,0.007693259346016168,0.004216782297145505,0.009697710832338391,-0.0008318782097119781
2024-10-25,0.015539380632117128,-0.006059182494233428,0.020585359167071493,0.004233916157304618,-0.00418991027451987,-0.0005358067283117718,-0.014830155303404258,0.0020569789010425055,0.011597227618947326,-0.0025611398375664507,0.0012489123064309826
2024-10-28,0.003698077238748043,0.02537080239899825,0.016011754521314092,-0.012949711339755754,-0.01746785965991393,0.025091200401561542,0.00783770404605888,3.945407605776552e-05,-0.006918105705139843,0.012758686705980793,0.007622958314247308
2024-10-29,0.039357973483254316,-0.03065722085581568,0.0250536479476291,0.0018655423100097934,-0.0023357314318452893,0.03410030285457677,-0.021355308238966808,0.010894858433216914,0.022730008655547973,-0.008081696680649397,-0.012242175968713576
2024-10-30,-0.06411546682486202,-0.0024979296856332267,0.00448192330802577,-0.03235653241416159,0.0035119687231786045,-0.0005056491250319262,-0.0023966284993670595,0.005505891218995584,-0.024287823989796564,-0.009505487022192005,0.003342328243247872
2024-10-31,-0.03129694426742646,-0.0021238456837927577,0.014793029674865066,-0.020189208222598287,-0.010888036653976862,-0.0035420317067842433,0.010367927646541153,-0.015495166963743978,-0.03590230043739062,-0.018790452765269805,-0.006662051976639938
2024-11-01,0.017893695870241588,-0.01360869149800148,-0.030792562811846724,0.009497537153767555,0.007600755522265024,0.0,-0.02227514052081614,-0.0041023758773532926,0.01270278789320689,0.0029588229257497822,-0.0012575758979190832
2024-11-04,-0.014527329899666541,0.032987896903922787,0.015153393178751529,-0.014192161379840473,-0.02119923372294763,0.019500126478818824,-0.011903148443492051,0.0014259144001700363,-0.00196116465579399,-0.002376494644090954,0.007554503912351684
2024-11-05,0.025434692996359143,0.02369925560786834,0.008679027455550159,0.00938195228766614,-0.009566726363062217,-0.003785458410664133,0.015025742137718234,0.002254447895034817,0.016539046314352213,0.016510696792811252,0.001110860785772383
2024-11-06,0.042294559405050114,0.04939850856872252,0.018320254363516586,-0.02115374189090702,0.005500373304652806,0.022199821431510003,-0.010336704742841207,-0.030386729020158154,0.026176910913010776,0.012767553815831612,-0.007905652005768316
2024-11-07,0.03198387296264893,-0.012563012917620964,0.013347119667840301,0.022757038124028295,-0.026017321831660167,0.03130507277543426,0.0018051802611707135,0.016076503855530166,0.024371110165049226,0.007819380996173964,0.0051726994671441595
2024-11-08,-0.015078879649750077,-0.015019521001568448,-0.01555420995876633,-0.005122541002109182,0.021506835214381015,-0.011288060229125763,0.019178887194418515,-0.006769426092267161,-0.006436251751836819,0.0021375826360257033,-0.013908258386822414
2024-11-11,-0.03648163635027679,-0.052911832409578974,-0.02985712406120211,0.009332336589072732,0.03781684817067643,-0.01774937186367853,0.0027784159215478166,-0.02347155656813127,-0.022403018148491105,0.009480129931000114,0.0031030102951343785
2024-11-12,-0.018073445258419585,0.01323536565258121,-0.015113020965477064,0.0047823543203475705,-0.032304001486399,0.003321107419579583,-0.011460883017129109,-0.008631355179477884,-0.006586980598533243,-0.022616899731851436,-0.022075383161056505
2024-11-13,-0.0076958872629100394,0.0002393403154303808,0.010686422373239024,-0.00412501267049481,0.009480526204283413,-0.0013630758526042008,-0.0017837643538873849,-0.010081225320474285,-0.016795050789618515,-0.0008807733114103433,-0.004601014659617042
2024-11-14,-0.0017280664502422605,-0.05750795162259381,0.01581635429568129,0.0699379966087168,-0.006216865490902723,0.0124782030265429,-0.0034459737397805057,-0.0026091417886487944,0.002220966725543949,-0.005770217133783451,0.00346676977329885
2024-11-15,-0.03275743563898059,-0.060563788048815126,-0.02734076238728944,-0.054496835227672014,-0.05364034520898697,-0.017042190163636728,0.014984562154916503,-0.0017720694429753658,-0.03316138175696881,-0.007576913085279746,0.003022696407187775
2024-11-18,0.02245382913219851,-0.06044368294331326,-0.019107008927286784,-0.008503952131642123,-0.006610428817406588,-0.01234203771414355,0.008706714005442429,0.019020246289590537,0.0066264045894104395,0.00162438247609753,0.004879472753337888
2024-11-19,0.014151238737347693,-0.018122415918750634,-0.01288091994880003,-0.007782660380025619,0.026476062653480126,-0.021521462784171885,0.006379607105028606,0.008959325127211537,0.010929849723397833,0.006487243475446602,-0.001285183500326803
2024-11-20,-0.020644659527751408,-0.05951362086695078,-0.004274893828282389,-0.013126140047538426,0.018068882929978214,-0.022197462176323235,0.0004972729712680035,0.005632045702723465,-0.00671636650698193,-0.005075841883393051,0.0024308982462086792
2024-11-21,0.014944781141694063,-0.011131838323416354,-0.024777707206165123,0.02433065981157867,-0.022083765698336255,0.03099410035911343,0.017393527735990455,0.008339500390982302,0.014678046660238753,0.00866477222005635,0.01497869429250609
2024-11-22,0.018293756151421592,0.0022827753033578535,-0.0256556644339877,0.016785432815028534,0.040315944775528134,0.04433950401332498,-0.005373133282777776,0.012892210445830665,-0.006013831575233275,0.0072254641310156575,0.005200098400201414
2024-11-25,0.017261545673658896,-0.052422319263447203,-0.014852688446343576,0.015418154889904834,-0.007324484388646635,0.03687301179090441,0.0018417076396970433,-0.029458856541118794,-0.003924413836170149,0.005021504923493181,0.010906160134560805
2024-11-26,-0.008576423299218261,-0.00751625460120442,0.005388785701232912,-0.018404920196682606,0.017976825574762323,-0.0013927206414318105,0.01593140784882552,0.0019383092584315254,-0.009193169115696675,-0.0027758340524520753,-0.009820260264907676
2024-11-27,-0.028264035089244577,-0.05725524718074726,-0.021873793044977607,-0.019218709849685434,-0.020295124467787806,-0.005878550521182135,0.0,0.002222714763140843,-0.013130655598564966,-0.004135503907370386,0.005028559993829562
2024-12-02,0.03312314999454791,0.010304659293372431,-0.0210419113569692,0.008657125398120469,0.02442890492467309,0.025837358274518607,-0.021463962038098305,-0.008754403389975018,0.02370621096707981,0.0003172892242588876,0.0005550098077535814
2024-12-03,0.00021944149199715213,-0.017801255497098878,-0.0038550602281951507,0.020780176527239735,0.008378441028819683,0.0037778975340532206,-0.008626081328425905,0.002012776164397767,0.0022189404164103532,-0.002141651917407783,-0.00152562656819355
2024-12-04,0.02581459792123897,-0.020074617659650906,0.023018817457981733,0.008260664086520597,-0.0029399643880178017,0.011380926786091594,-0.00012419444452693718,0.003033679807253664,0.016947166895599164,0.009221039913050566,-0.008056646958341185
2024-12-05,-0.030750190991090443,-0.013065886937921545,-0.003948199658168949,-0.00629110314372372,-0.011538495804860771,-0.035442057953063544,0.0031080201937119245,-0.007397709454119217,-0.017139729480696198,-0.0018903995985704025,-0.0032208926684218486
2024-12-06,0.024282280512739396,0.010078468012836517,-0.009616293029736434,-0.0023557505720003258,0.018806721434736273,-0.015432679058120957,-0.012393166359803143,0.0003705687954560499,0.001248442001593686,0.0007890565758754686,-0.007445847324750177
2024-12-09,0.0048616262855409875,0.0472956258420254,0.022556450937810224,-0.0038369742769288617,-0.004073865350118222,0.008303736620799862,-0.012548684291828427,0.009919751769426055,-0.010216754470572131,-0.01001412410940461,0.009200306489980159
2024-12-10,-0.039210059809814846,0.02780541746968135,-0.0035457977513292382,-0.006962971691349185,0.000255699610738791,0.011104015406018686,-0.007243591599908394,0.01316431251835759,-0.02515544518780788,-0.009637636928570559,-0.004908979109455758
2024-12-11,0.04913239666912639,0.04178483241440656,0.025422435324893522,0.011934869440941576,0.00996799260055048,0.004484291116697792,-0.006272438995459151,0.009533812345188464,0.02447052001248995,0.012465879973161842,0.00422843749270041
2024-12-12,-0.012266491386076828,0.042066812924757,0.011102974740904159,0.007371420266057971,-0.007338910929745812,-0.023597045651696846,-0.000515336944763134,-0.014663722649505995,-0.00968465653270456,-0.010167558203044158,-0.00645613765952846
2024-12-13,0.05414779568274586,-0.01430569997068809,-0.004189817170005439,0.006439306407562961,-0.03887829543186383,0.012596879369999758,0.0006444776450154066,-0.012091578404740733,0.02514696908248082,-0.0010215069617866002,-0.0039553394055570346
2024-12-16,0.02580509668340092,0.03938770500546318,0.011828786348244025,0.0004363674300098541,0.03090173871054369,0.015849566429606332,-0.007985718969725664,0.002415209844427002,0.015070680905571843,0.0029788477757390908,-0.016451624701847578
2024-12-17,-0.03262248723706551,-0.04842716813444614,0.008605314435527811,0.022383652096805484,-0.009519905591359068,-0.003719124447935429,-0.004154520435823317,-0.0038386247250202787,-0.012991046470848144,-0.008107228589730231,-0.006488814715907121
2024-12-18,-0.055838372427319816,-0.02116219432791344,0.018351689088285994,0.019761246807766808,0.0022079457365322686,-0.0343258390333373,-0.02359859881436699,-0.01918507783771317,-0.031885098407577916,-0.03277493031544876,-0.030478965991605267
2024-12-19,-0.025306661389214224,0.007633006639507167,-0.011228217908232696,-0.03694417985560705,-0.03680662779555832,-0.022817269228410764,0.004540043571566121,0.0014210967336203417,-0.012893120119948365,-0.0014224134618284756,-0.008083831882389925
2024-12-20,0.021920358768554804,-0.007729964989336313,0.0012276915262390276,-0.0068038039990893084,-0.20721203396279375,0.036761947721600796,0.01595120146088891,0.010434056495473909,0.016075652430968645,0.009719420194095996,0.00996073296353206
2024-12-23,0.038115870077714886,-0.036925534295459306,0.0023195453978788194,-0.0033522338008870056,0.05668691214990229,-9.306916691131928e-05,0.003403480957895111,-0.004708795377563968,0.03137322890687244,0.0023233713789239108,0.00047900528301147993
2024-12-30,-0.02800494987347124,-0.007241009916293617,-0.024890502647079482,-0.018980927956076532,-0.018399163494262072,-0.016285232515269588,-0.00420608759381258,-0.0031896811646235923,-0.015056340193528195,-0.007715257503018935,-0.009704239114706303
2025-01-03,0.05593652223993595,0.0444310479336163,0.03249736414680582,-0.002898373531552756,-0.00203500315224181,0.0059126660292265765,0.01062014000353928,-0.007864039973028869,0.02896366951265672,0.0154427337463654,0.005887814016697135
2025-01-06,0.03811829451234927,0.01705036557458328,0.006705449694211829,0.08691853466789867,-0.03011764351113677,0.02180504238839709,-0.011157280117331303,-0.0012320959587239777,0.03315069685204253,0.011240606005737952,0.0058534107943024605
2025-01-07,-0.029290764939474356,-0.007653426813748476,-0.03325465678845607,-0.012570139090086418,-0.02506877211019798,-0.02430868134332509,-0.0024927872563041964,0.005633435188264313,-0.023786738748013958,-0.007437589596876015,-0.005513009584308004
2025-01-08,-0.002911970208122394,-0.04011960838921558,-0.03928849458185302,-0.01909544783929129,0.027704098162042,-0.012837795853995027,-0.0002630598674785434,0.005315681488123669,-0.00712485014720321,-0.004693726749627758,-0.005543571346271259
2025-01-13,0.0001352665833087574,0.05421824002777553,-0.019751257255192778,-0.019026680808383656,-0.0303653309947417,-0.022629441610365175,-0.011643235075599834,-0.009951255605703757,-0.01027590729025607,-0.0026111094965861614,0.025438216549463544
2025-01-14,0.004562644579892305,0.039992210653711835,-0.003063382887601218,0.0016867352580172135,-0.03392596553611893,0.010654632324099467,0.0131190087629669,0.005249423200524461,0.003270163274790683,0.006671256099407552,0.0022689427448234767
2025-01-15,0.022352597011410458,0.041388884255938896,0.015831130618018108,0.0,0.02144195349981648,0.0036492127007803354,0.014667082659329145,0.007488993695735191,0.02350881597748855,0.014176621793294819,0.009507986451381845
2025-01-16,0.016456293850699355,-0.04965457773258253,-0.02730737840475428,0.04588179897327871,-0.005454500953579577,-0.06878093933637408,0.025263749336253083,0.006910965874952435,0.0042991108277723455,0.005210978349437179,0.004185971594959037
2025-01-17,0.07240581743941554,-0.07024098812580415,-0.006631611038073859,-0.008451797142597028,-0.043377085826016515,0.006290766958224836,0.0013971608326837082,-0.005307269747253374,0.023623611271126554,0.010943770470582592,0.006997162397070156
2025-01-22,0.037933296112995896,0.00020660164508035095,0.01858318560101435,0.02143643340768575,0.013946981339448605,-0.0013493463175552334,-0.021611525409808263,0.005135652699768123,0.018217253458479243,0.009938799068274884,-0.003077370095717069
2025-01-23,-0.01318756177256808,-0.031203550263203206,-0.007360685867999206,-0.043844529867271276,-0.001031587941922818,0.0011433645727330077,0.004724262315161987,-0.0014148699521492336,-0.0011978269535355413,0.006061992381595216,0.01425839737925827
2025-01-24,-0.023211246111268236,-0.01596993698223559,0.010126295661913032,-0.02041093545185091,0.07125653708161783,-0.06250001489434664,0.010166499297047604,0.006218705580030903,-0.019936292426640856,-0.0036778834450363895,-0.0039129252878519205
2025-01-27,-0.1453220062695849,-0.006300559401968497,0.02072115097975491,-0.07007279645159559,0.0,0.0009967058629740677,-0.023147578375220856,-0.0104048052682425,-0.09834439706190823,-0.05623615596323883,0.011785230529183677
2025-01-28,0.01587116633021579,-0.049010198974180796,0.020351394492849284,-0.007673566460010828,-0.018637550307351036,0.01593099163340006,-0.013779830255075343,0.008656417783572623,0.019676873572075815,-0.0108190978613949,-0.004170368526467572
2025-01-29,0.006318785987446063,-0.025403625853148037,0.02025128717677993,0.05552150337690476,-0.005075317943702973,-0.0006533996487039229,0.0020892613083189904,-0.0038404097330004827,-0.00382615338096981,0.0041225376736260255,0.0031770042652854436
2025-01-30,0.024119222601261425,0.03930155603434349,-0.021172652069828768,0.035457738271948536,-0.006582131728345764,0.013294062590123223,0.02084956882916611,0.01514551884715587,0.023546144121365353,0.018516938730276156,0.009500378437237167
2025-01-31,-0.009023759384729324,0.011455519839517425,0.021191425792242535,0.022640367741989742,0.005963158160855686,-0.036455409780761894,-0.005871769258462001,0.0019763991077348386,-0.00632216232360594,-0.006745569021335607,-0.012405405881485976
2025-02-03,-0.040938202135849866,-0.0023147100287695954,-0.01569020435628199,-0.017711218183157906,-0.012514383734509416,-0.07008937617881417,0.0053930314618360065,0.005337271410283728,-0.01986698587710567,-0.017972532333827118,-0.016171041024947486
2025-02-04,0.010524692567390748,-0.05831721381164423,0.006979922227432489,0.00352160286990455,-0.011839412074309386,-0.009721554027106727,-0.008812303031887181,0.00984841707528572,0.011265600415893529,0.0062410842583482395,0.009392415500560691
2025-02-05,0.02400630526462444,-0.062278009809108914,0.006544079147804416,-0.008843390416040098,0.04539329674830306,-0.038298354941920465,0.01005016734496933,0.006209542410714253,0.023481147497859123,0.010895983252954267,-0.011485882700788097
2025-02-06,0.013437126169452362,-0.054551685632823754,0.012165557820866368,0.013029218668197284,0.02502010758712303,-0.002142370954163142,-0.0011479798206357472,-0.0026502562908058414,0.004896036411007776,0.007130354085665314,-0.012354742424388832
2025-02-07,-0.017080698952137596,0.006676408527666933,0.006192560953204751,-0.017195546686127106,-0.009606184581563926,-0.004167932948963338,-0.002043467690391987,0.0017841598670260694,-0.013489053167879739,-0.006091892812477795,-0.004467604106702772
2025-02-10,0.019736058311105475,-0.01467161505998349,-0.013166482969109827,0.022124589845482046,-0.02146606406989926,-0.018389188661520617,0.010877898434316746,0.016938239196991,0.018857135288795623,0.008200036099058838,0.009424188602600747
2025-02-11,-0.008528646479148083,-0.00691539560108112,-0.02663506809528582,0.009205085313850336,-0.024699439895841446,0.014858003172235401,0.005063943807720905,-0.0036516022155236305,0.0010015114342338816,-0.0018896476707938037,0.004297447809587629
2025-02-12,0.00037502728911786853,-0.017314088734704858,0.015747473013995705,-0.007186177757194767,-0.024158476994796785,-0.011203174846537656,-0.0017634851570926813,0.0010471549570203464,-0.005442800607962761,-0.0060909534689251865,-0.00973881012862099
2025-02-13,0.01972173761798124,-0.056555094119441374,0.005637502527581217,0.027143587713121198,-0.03363499177280049,-0.002188907440640153,0.002271243827567382,0.009862831092105617,0.013721748291063873,0.011345731769333955,0.002682160174663162
2025-02-14,0.005776669738905227,-0.07042255871126546,0.025357484529127117,-0.007724699895396481,-0.015017794754012881,0.0027098529237394864,-0.004154444785350542,-0.014871773334245608,0.002619904371060189,0.006550859408002374,0.004904139964645005
2025-02-19,0.038698022402965826,0.004804367088449224,0.012653572814291136,0.0018151713512277734,0.01788760063870609,-0.007393500362335326,0.005260637149653302,0.000554096378723612,0.004371265243916067,-0.0008052293418213674,-0.0001463270034415265
2025-02-20,0.01850191506824128,0.005534678911034208,-0.0063315725734734984,-0.010592523845199042,-0.0036819785335673316,-0.006943473794380206,-0.00012474548769869642,0.0005168326664386491,0.0017874561641424425,0.004431957215552451,0.0
2025-02-21,-0.034135385302190624,-0.004696587062904212,0.0027905630966684747,0.00028175550107834013,0.05828996960638855,0.0005084346952255459,0.000249325162846592,-0.0009225433005247696,-0.030294716332917138,-0.01989568817971521,-0.0030732023574109313
2025-02-24,-0.036497266236252934,0.04281732156673712,-0.009182337937256979,0.00478814669269112,0.014603064772537921,-0.0020330941686597104,-0.004983192958811999,0.005429568123388684,-0.0262811169736461,-0.016698085859695122,0.003376275170558385
2025-02-25,-0.03398274716413019,-0.04172633979559204,0.02304987547194015,-0.022004175166710382,0.027847343471093744,-0.021899605723900706,-0.005008248472444632,-0.013188334192659745,-0.021239004160649055,-0.004911272344162221,0.009217366874491484
2025-02-26,0.023910391144489562,-0.01630098727688567,-0.009720513500668715,0.02393237002092552,-0.02161339015370567,0.019265960836410745,0.004152651971729204,0.0015263333689308212,0.023378855750255223,0.0071105545128307135,-0.008553305539416356
2025-02-27,-0.09967369281816918,-0.009842615516612252,-0.008567155972777685,-0.021553681351603515,-0.001555754731497938,-0.04367840869659456,-0.022180592145264022,-0.015239958822878874,-0.061643919032341565,-0.02633107486293662,-0.004971366483855433
2025-02-28,0.02156878988644295,-0.027954814930920335,-0.00012642896756864808,-0.029323307806056964,0.0042070222481187525,-0.0005342031539443681,0.0152506289446388,-0.006265820058134697,0.017395920513638696,0.0011942248117835508,-0.0002940160326632135
2025-03-03,-0.06827746598899587,-0.0018666164370285676,-0.023912377567918086,0.017241448302756535,-0.008378593181139538,-0.04796892768259797,0.0013885189829099254,0.013180390342641513,-0.041929785280218734,-0.0188308544002197,-0.011171527843542473
2025-03-04,0.002118942122026901,-0.00858453397418868,0.0032759421056880456,-0.0431697190972361,-0.03583159637485056,-0.016280732018687072,-0.01626099836736561,0.008697635934455272,0.009954668023990365,-0.0033867789059219833,-0.010554468444569642
2025-03-05,0.03492917571638565,-0.05954235649724715,0.03321096177958216,0.018470761961678184,0.024829579894427356,0.017244466025013505,-0.007047771378486223,0.0020813110966888537,0.01851438060750188,0.021435945913932164,0.019230744381997678
2025-03-06,-0.0866567115750233,-0.03821531704099568,-0.009861845987477524,-0.00401362922025561,-0.03024541580221929,0.016138160848688576,-0.020776872132410085,-0.005081207410422395,-0.0419354410390701,-0.0177444619676439,0.010318383145204058
2025-03-07,0.05979173372294455,-0.03460022011520225,0.008295829979319214,-0.005970140454983008,-0.024167369877532652,0.0031763080118980547,0.01858180707474988,0.0005219558189655249,0.024160545749467133,0.01884658634150438,0.012693415916471773
2025-03-10,-0.08088456147389256,0.021139908601644608,-0.055873043735583106,-0.04054043410087549,-0.08065579421754143,-0.035517786159305675,0.010997631796801022,-0.008755937163287819,-0.04691460613338738,-0.02736332206615666,-0.00403410805525084
2025-03-11,-0.02432954451778735,0.0054644733565649695,-0.005284446994489711,-0.010954744002179662,-0.03440130194692703,-0.037681833314231805,-0.009342159433493702,0.011727541035094546,-0.0014450093772567785,0.005521536060807186,-0.010559801704144611
2025-03-12,0.04069565180053458,-0.002432787073663567,-0.006717634757555824,0.021360899093385566,-0.04316671520786586,-0.016760609805036686,-0.003100442832905559,0.004346793335703092,0.029409085287183334,0.010982230382674762,-0.013450161178578224
2025-03-13,-0.02337788748880687,-0.018269139768280485,-0.019863491692678426,-0.004802580957028457,0.034278929790149126,-0.0348469682215925,0.002462202201021446,0.017756144523255468,-0.004398712585469644,-0.012845929044520088,-0.008447051364523728
2025-03-14,0.05117495162420793,-0.022206962425739385,0.022453232660358147,0.02070362366012035,0.009904765604182408,-0.0026570892487001174,0.01951899819534697,0.00039975774946587883,0.031974518323147016,0.022882095740147435,0.017635607282245447
2025-03-17,7.574770080243098e-05,0.03929637037670308,-0.004554569226169813,0.008540515824943418,0.0282912755067386,0.024447657433308567,0.004184042566621526,0.0054135329342379634,0.010548603732913442,0.014515020074307605,0.017770690119629506
2025-03-18,-0.012365374955997543,0.03747440510779643,-0.006554368747613948,0.006955975754874499,0.0080702474977552,-0.008872690127444738,-0.006944348826614544,0.011671955843306048,-0.015461229001847654,-0.005218068976010293,-0.0008659125160969117
2025-03-19,0.015643256617998036,0.013655289577745533,-0.0077099162535940735,0.010812399379532378,-0.006004318628418881,0.0075629039067646175,0.0036871524769872543,0.004107707999658539,0.00882795896056976,0.013113502150982503,0.0031773501838963103
2025-03-20,-0.01461923527151554,0.006025680664417665,-0.03671886626060061,-0.0008914792081705647,-0.0036610166106368913,-0.006893354089734571,0.004053901463476839,-0.0012805854303336028,-0.001583058900560208,-0.004759903718986602,-0.007486201231547418
2025-03-21,-0.010333607886385932,-0.051913744715928245,-0.026668710975513377,-0.017546416314631275,-0.028476925182467583,0.004935926728647733,-0.00643461058791539,-0.008049901213267985,-0.01004180185349779,-0.010068851336283768,-0.004641711118354319
2025-03-24,0.052736725555627695,0.010187817976677671,0.018891797608437066,0.021038388263114438,-0.013426562673576115,0.06369928785584755,-0.0003196999917616239,-0.004452548665506595,0.02607104717697184,0.012375001136806896,-0.0042262812894875434
2025-03-25,-0.015493044310814996,-0.03198381757001234,-0.04055583003318619,0.00014829522697956676,-0.01782629953543724,-0.03636359423043134,-0.015990814268078024,0.004400365088198743,-0.004249226639556958,0.0009210776919210684,-0.003512362036007466
2025-03-26,-0.05123849482479037,0.01454687319317527,-0.019791378542297733,-0.02593738917810251,-0.024590262632187776,0.0023957259177784795,0.00663024961491776,-0.0008259812019960622,-0.03326802258942607,-0.022835678815937954,0.0027904209136542235
2025-03-27,-0.02417735995929504,-0.0242341837222233,-0.009047469465813252,-0.022367822278949734,-0.03841529836651214,-0.00522838946823434,-0.0002583071487846089,0.013405732882559862,-0.019188301022129983,-0.006864980393180398,0.008055171731484068
2025-03-28,-0.05230084782850142,-0.004974906009626023,0.028905184934622685,-0.026303641116060317,0.002855882430643941,-0.02853273086888075,0.007363402418192999,0.007412123023167849,-0.025625750464038255,-0.014929202324544089,-0.016562636417944088
2025-03-31,-0.002090232955796467,0.038732045308692786,0.018611391623890583,-0.03132962537053896,-0.008965354704402517,-0.0007731106900639162,0.011156657065993558,0.014363222998346137,-0.0032992486243150765,-0.008935673042320569,0.0029546424270481264
2025-04-01,0.05234396202317804,0.00770793325788266,-0.004479981377763731,0.022607127141068606,0.01958287273661763,0.18239488206973498,0.0025366528978953973,-0.0019782303576065807,0.004823425286271554,0.0068948192659661345,0.0016202660281265935
2025-04-02,0.021591082916276427,-0.014118205218658475,0.02812384698419912,-0.005486627062327609,-0.02588725063058317,0.01831750502124252,0.004680402915859361,0.0020516615880092903,0.0075297416583757215,0.009832371757558356,-0.003676465938333595
2025-04-03,-0.15944400886919863,-0.0034646718834383528,-0.020874022237940992,-0.06100910343451904,-0.02089583051971211,-0.15700891751336976,-0.006295673469500662,-0.006038278082531101,-0.08650561804179291,-0.03277414375037657,-0.020221376544158787
2025-04-04,-0.12674703110170915,-0.012901398758473293,0.011373167618343949,-0.02522901829800217,-0.05439422628680479,0.0321596356582452,-0.055625825835977194,-0.02339226273628292,-0.0755228936977107,-0.06012938156835501,-0.061313628141676624
2025-04-07,0.0446434782064109,-0.06012059817817794,-0.023574959658035577,-0.02499560194687156,0.0047453422688272795,-0.02569392883901689,-0.015295879162470438,-0.02148580630415131,0.022676981691908127,-0.013483725471676755,-0.015567366896086288
2025-04-08,-0.0638247104331029,-0.07104982010910277,0.01211142859540204,0.043272742696369715,0.0,-0.0830554886224778,-0.004087897876431379,0.005443793790763651,-0.02677123494352407,-0.01424970762471689,-0.018421887180710805
2025-04-09,0.2591746645284867,0.02602938433746904,0.002695905795618625,-0.033984104684422256,-0.06934681043259583,0.16859502972697737,0.03940350723130681,0.03699125081478161,0.17160330336412133,0.09705959375565332,0.06660021096320423
2025-04-10,-0.1337118753322144,0.04446650186194212,-0.024895084795854894,0.04203521595009896,0.013863027293872676,-0.02192370951458056,-0.007502975100459386,0.0244235794430141,-0.06934495011505659,-0.02527789373000977,-0.014481451434749881
2025-04-11,0.023600993512441715,0.052539600458533675,-0.005127152559490922,-0.0005193844402209269,0.026248351957211202,-0.003904539338009938,0.012201617127927777,0.019086664805096243,0.025992492978354154,0.02400218380861885,0.029546555279953424
2025-04-14,0.007018652148958138,-0.036095146344593765,0.001885241398934534,0.0219987716872303,0.03699745952748623,0.02047041020867102,0.017950715108785875,-0.005705977012200658,0.0014902531362224192,0.008441855817921784,0.011817050087143288
2025-04-15,0.0016526898743955964,-0.043098243873986086,-0.007960558651401328,0.02610198368674399,-0.023402587645844353,-0.025323590698360543,-0.0001286708563136285,0.005232379352138938,0.0064977047810279576,0.0048980235291338214,-0.005460388892538859
2025-04-16,-0.043564124152843164,0.022366777706677388,0.008527717786523947,-0.051866561531721644,-0.010337161714428222,-0.011239262308092246,-0.009011250350759115,0.0325408102664011,-0.04223336642701536,-0.013115915203348982,-0.003202620524256239
2025-04-23,0.056465758924879594,-0.04502537996363942,-0.0052959051870389295,0.03528796342461238,0.048461482961605684,0.0043260010720560516,0.004230771552218515,-0.023978630729734163,0.03652949862518762,0.008801493904230018,0.004335470580493217
2025-04-24,0.08462213927720241,-0.010233526029375883,0.0041544465254292895,0.01859172592393965,0.0029347542088673517,0.03682077651831306,0.0015320355607753022,0.014556277018207942,0.05057562986088082,0.02617438222835977,0.013545680783088931
2025-04-25,0.025301904676976017,0.029342485793595996,0.011802318203086637,-0.001627410333633228,-0.016093604933392958,-0.022513978234342424,-0.0030592840173189195,-0.010841679678267213,0.014356117530045731,0.01459976148330866,-0.0013217783275203399
2025-04-28,-0.011293888122608009,0.013964472738474232,0.03943381720864059,-0.007471566613616254,0.026765711273283088,-0.0250892179320521,0.006137343912778981,0.01424210344049559,-0.0062273555221386,-0.0027086732363114097,0.007058929580988638
2025-04-29,-0.018486335946940602,-0.0005602610535374586,0.022479552490082044,0.0008554283014881037,0.024257784716747555,-0.01743752134671195,0.007751968903578321,-0.009738925467677184,-0.0017090123151339842,0.003904199163759836,0.0045267487832536535
2025-04-30,0.021689071130513993,-0.013249435549934852,0.020712963946471374,-0.004273591014311129,0.025332891369865385,-0.012738177989071953,-0.005044219416964646,-0.007482221012837353,0.0047078296053917335,0.0028746202128040466,0.0017445510767366557
2025-05-05,-0.010645915519377547,-0.029390991754850382,0.01162024000670514,-0.0034487869834233242,0.007019065460369234,0.01921984642718222,-0.0025078292798833557,0.029867754776654154,-0.006483168486209223,-0.00024551540030215424,-0.004577419384060866
2025-05-06,-0.01807181664071833,-0.0399620264531938,0.017499509751853104,-0.008734387309299319,-0.039316078771852614,-0.010476386311137231,0.012193487239108958,0.02802400275899264,-0.009282656438385106,-0.003274405685995574,-0.005604246558535753
2025-05-07,0.034541311152376464,-0.06499222154337259,-0.01789937345453374,0.005320030852558055,0.013037117585487978,0.005787630637026808,0.0028564880077786015,-0.014993060801348546,0.02054826955532163,0.0018889321090660438,-0.0005779209781473504
2025-05-08,0.00676657566723593,-0.009590105579570851,-0.011702320965929602,0.04266578463614623,-0.04006272328155769,0.060491374895984995,-0.008049486868168643,-0.0196942722998793,0.008771920670926914,0.00959098874806985,0.012290324564505406
2025-05-09,0.02086546274328449,0.041453793988466714,-0.011623461038743232,-0.005868352765868612,0.035905838155867675,-0.014690554006362433,0.0017477804500931615,0.007254674259445482,0.006532973302129985,0.0038161138803152195,0.004570769478007719
2025-05-12,0.0892703422595642,0.0069124208649935515,0.015895693818051893,0.0639758281539815,-0.0065271634465045025,0.0603092746972278,-0.005981976914632536,-0.028190568373488878,0.06271267509114398,0.016905328030204725,0.010948260403665477
2025-05-13,0.0462796305265345,0.03613036269569325,-0.000515515382930043,0.025191238985077247,-0.006343419012109441,0.019761759567325177,-0.0013792363929525653,0.004258992599597278,0.03432875976289562,0.014397029928785665,0.010829914025103804
2025-05-14,0.01690925278699229,0.026768564495191605,0.002566469943755312,0.0042414636887604384,-0.013109869369544502,0.08422353276568173,-0.004394137537834797,-0.021037827999516923,0.009895780740629911,0.0035286469582280766,-0.016975071759326
2025-05-15,-0.004289587621984281,-0.023040990872701728,0.0233338696575629,-0.006408218462221171,0.003580942773022233,-0.021539753141975204,0.021311305091219257,0.015963953531585195,-0.003467873655732978,0.007266645734016697,0.012880268548087992
2025-05-16,0.002129959659252334,0.038486679547081515,0.02111851450891744,-0.020228744518659303,-0.01807095994971486,0.010538596703780545,0.01469326913006741,-0.012087047232674286,-0.0028729678843365525,0.003103011030755054,0.011878239198211293
2025-05-19,-0.0041608280549559895,0.03216445096585252,0.0009038968118766366,-0.00897671356280405,0.028484437381613104,-0.018424112761383005,0.004259050159345579,0.012880671121226372,-0.00166386250521533,0.003402681803847729,-0.00013810229309196842
2025-05-20,0.0012341062499181543,0.051504779238148446,-0.012423953209258931,-0.0036231170639534627,0.03977654039639589,0.012631337391064257,0.0029079482174911853,0.0186222454642182,-0.0019105304090838438,0.006319865183815443,0.0024861846234525142
2025-05-21,-0.01560892649554435,-0.006740949327598722,0.021208025227607452,0.007121199565199854,0.0009864998175650452,-0.030426722789941074,-0.018243368467354415,0.007378683875855163,-0.01657564089001773,-0.012100775213939041,-0.008817844759998805
2025-05-22,-0.008554503105659972,-0.020034181019688013,0.015297674998042021,-0.011885138587909516,-0.022558012453364196,0.001803527410904282,-0.01427510367690421,-0.008861493387459118,-0.0027332847782280956,-0.001705531657085979,-0.005282281387367527
2025-05-23,-0.02878612019619342,0.036014777049041324,-0.0305529760994796,-0.021619995292100125,-0.007506113933972713,-0.015962426405558783,0.011984962152647993,0.021906288045034472,-0.013994420562939647,0.0016307888528692693,0.0046116185297298
2025-05-28,-0.011356108653621466,-0.022489500549540575,0.016395323745692858,-0.00795671126418751,-0.024093802757540916,0.0009245899750125464,-0.013958542397942475,-0.0022660178699712707,-0.010654342507763759,-0.009570071741573427,-0.005924489448124182
2025-06-03,0.04378475640884605,0.014430533123040323,0.0016058724924497003,0.01067779984368844,-0.01821054209961137,0.004992127494550802,0.002677147250832679,-0.008855551213511115,0.022564697606214157,0.008438393329342375,-0.002745633515298551
2025-06-04,0.01606292955755073,0.02047995866604224,-0.013884998509406055,-0.0010718254964846574,0.022193711555716478,-0.02050859195675181,-0.01747578750885226,0.006441974072654677,0.01189759522582734,0.005552872696698463,0.0020649753064041487
2025-06-11,-0.006164621242933044,0.05236168186039736,-0.011614703382157199,0.008327318095569858,-0.005963813424236242,0.010597456544687578,0.0006184236088186967,0.005412290790508978,-0.0007250429629130917,-0.0005250233167017893,0.00559344440933951
2025-06-12,-0.010369453534721074,-0.008822421826578775,0.0002462569770851353,-0.019704578840778142,0.004838420049457337,-0.024468176431823307,0.012112176113771689,0.0124202002480438,0.004849517777727019,0.011330493555540277,0.002713438665371326
2025-06-13,-0.03475947031521054,-0.048303833652517,-0.006231980419188599,-0.017735753288723788,-0.005778097744266963,-0.0232123502616276,-0.005739374577863887,0.013100564311248064,-0.023408732582757108,-0.010164723993867253,0.0037882802914852576
2025-06-16,0.0506114439030374,-0.030085526464366796,-0.00516047115752527,0.008275712166883498,-0.035063981485887075,0.03907492989353378,-0.004912879011283455,-0.01425909653729851,0.02486490053634771,0.01514117045346186,0.015905193777200788
2025-06-17,-0.011417577349920771,-0.05600419504535448,0.006147169947875231,-0.006118426875429406,-0.020277085846520215,-0.015809638585880248,-0.008269523636583731,0.0005131941200071655,-0.006796289720717885,-0.01469376471417394,-0.007297427051663585
2025-06-18,0.004510696363207556,-0.057959083836409464,-0.02105577135136505,-0.0015014949824072588,-0.01127042695755287,0.011384898844344127,0.0026135137301996902,-0.005385627565021256,0.0038227344686929676,7.488108294695373e-05,-0.006014322602353905
2025-06-23,-0.000705326560099695,-0.05328606620807541,0.01447100582858063,0.028136578138053814,-0.05285829658609298,-0.020733315616796255,0.012677272293701192,0.0030631724583116693,0.006339631092279641,0.008965603371409836,-0.00284668202405991
2025-06-24,0.05685402404477924,0.006955815495730322,0.03829339488047201,0.033946331149098175,0.0053256629083522355,0.011060233918340545,0.004308165582807,-0.015719378751237634,0.03672873169757929,0.019115936168370373,0.00013594327413479768
2025-06-25,0.013998821382339655,0.0003830916942086926,0.018968699122147603,0.004483779412539413,-0.03928931271813918,-0.007813694041263197,-0.01335948180338864,0.003037305817845004,0.013478693092461524,-0.0038100222272010598,-0.009650660521179688
2025-06-26,0.014639347889807253,0.045700216934877025,-0.026031982896440153,-0.024622151502956213,-0.009879332426290799,0.025043115202013855,0.008322954767522317,-0.0011070472235482631,0.007267474035240751,0.014023927246291201,0.005901721744180577
2025-06-27,0.002320146725918182,0.048772551300304556,-0.005175690709160796,0.007528808618894711,0.015198984881502398,0.01014135245516079,0.0019712828612343802,-0.018123728993798327,0.004401159389048059,0.010801499105896228,0.0030017699326516656
2025-06-30,0.016210583530460454,-0.021474496931407017,0.002942756684213732,-0.00717958231572402,0.004800010746183858,0.04350489704491367,0.004057544331514951,0.01198454729743359,0.0016521225420609298,0.0037544108518297037,0.0014963931383955575
2025-07-01,-0.014092657307326673,-0.0012900583817923028,0.0016559623763392484,-0.013872377972384942,-0.002843507340647533,0.04358599775838101,0.0034288059010729732,0.008923010663382636,-0.01090077676239709,-0.0037403679737193496,0.01140992840916688
2025-07-02,0.020893939375668857,0.017325954816268974,0.011584181100860569,0.014067528038471666,0.007186054660355934,0.02179066547212516,-0.008664925344604724,0.005527596405484614,0.019612821974617445,0.00462092400775882,0.0147730138859401
2025-07-03,-0.00350543667238179,0.00400805896223666,-0.018782918463063902,-0.0007378045475309181,-0.008154090204211428,-0.009706033222267818,0.00750949683080826,-0.006822911403597365,0.008426747380002153,0.005174614178383274,-0.0021174163939745583
2025-07-08,0.007604433869070393,0.0095613445088778,0.01507625822390013,0.010869683708656597,0.01983229585113544,0.011366771973679635,-0.010608526025085552,-0.010443411868664265,0.013297128488172438,0.001013988513161701,0.005246264815528923
2025-07-09,0.01467390853290862,-0.013296792529435608,-0.014679403006461866,0.001325613696703254,-0.015335091511460841,-0.017061654443199736,0.009366623523908268,0.004471282664348264,0.006843545088749625,0.008609395615970517,0.004817231255976662
2025-07-10,0.02282453602142276,0.005277597267280276,-0.006839496063057449,0.015004366254199208,0.028213508512648033,0.023557076915884156,0.008180586397144252,0.0022257895319868215,0.007357433240608335,-0.0022236515484818087,-0.0038619232794423475
2025-07-11,5.7602646035270766e-05,0.00043122812661189336,-0.05397938521409096,-0.008840506208121934,-0.03643940508816468,-0.010901827893272764,-0.0014533472238095202,0.009601575193336043,-0.00010434156744454359,-0.0060388776713016235,-0.004946621869307499
2025-07-14,-0.0027570253443058856,0.00560188605238765,-0.017541270917298513,0.004971411438069673,0.009796056765176697,-0.015512284610685767,0.004002521919596269,-0.0036553174266280575,-0.007547983495274857,0.003905690152497643,-0.0048367532742154
2025-07-15,0.01955198699770966,0.012235152204786326,-0.01224015677348822,0.027353455987966457,-0.022899044993430206,-0.024187971178293632,-0.009543376798978875,-0.004155705135267751,0.01920643665779176,0.000216187688011793,-0.011340609369334564
2025-07-16,-0.011986385584352832,-0.01984270709370317,-0.021982812008385366,-0.1137231954102288,0.001154487967809148,0.011473062392802102,0.00048784437792859237,0.004988096125243757,-0.0052269749086676365,0.00453796668316242,-0.00368700879520234
2025-07-17,0.00273525352579429,-0.016800652355411505,0.0023835941747107903,0.03898996028037516,-0.022140165952907798,0.0036409320614814167,0.004144892751743123,-0.0021735334020257513,0.008400140406231937,0.02531183475362453,0.00041118368176240594
2025-07-18,-0.010806870718944928,0.014689180921754419,-0.0006134499460301868,-0.025684408494912603,-0.02216989578092521,-0.0039069353141071295,0.0167536945048532,0.002600924347578637,-0.004799193040435523,-0.0021680858703049255,0.002055073396167062
2025-07-21,0.010445689077534404,-0.018832971248284203,-0.044402231057898756,-0.014838175914758445,-0.008924266339334408,0.02633426733206501,0.0032236784565198295,0.015370115792427752,0.0006888901308290674,0.001331669051347406,-0.0025977543925364
2025-07-22,-0.03246215497082228,-0.008665535861069884,0.0007603811422633999,-0.034770037750766036,0.0316378773070054,0.041899904086555306,0.012259157525379205,0.009484882235462067,-0.017693015408060564,0.0,0.016586789066223684
2025-07-23,-0.0023228556318722893,-0.0322233554046214,-0.01745182856617644,0.006971999658477612,0.04458601317638533,0.01454016859498597,-0.0075248598445607495,-0.01240118112003663,0.004345205823901743,0.016728525841567032,0.019282500289665494
2025-07-24,-0.0019181850949329116,-0.029860849365014763,0.007939159529866568,0.015331472969105198,0.009597999859490391,-0.016139415558813486,-0.0013033172183455344,-0.006118276977772341,0.004151987545212288,-0.006057939091653086,-0.009789642565199541
2025-07-25,0.00046310259048354396,-0.0033911268360725666,-0.02612317533084052,-0.017860164568916148,0.011296365742935244,0.008530200116340092,0.0026096663958585786,-0.0092499926477293,-0.0010771826297359954,0.002839598257137199,-0.0009352025685532839
2025-07-28,0.019375594709079236,-0.010881492374907653,-0.0006593108978319995,0.04143881573045638,-0.002101447509202603,0.0010410689620909963,-0.010648254045347305,-0.00647361832754334,0.013635352056435401,-0.004558308423662116,-0.011634007620362818
2025-07-29,-0.0012905517152983492,-0.030218115277350188,-0.008256523677007355,-0.008435359640045492,-0.23107611690518381,-0.021448139391345267,0.011480501728780235,0.002750389076383808,0.005112979385150318,-0.007909524742690799,-0.0037884918622479447
2025-07-30,0.01619443839566337,0.0070397149917091895,0.005279016175880891,0.007223084243281441,-0.06313049263487103,-0.005579117628842001,0.007448470975313315,-0.017273497289540862,0.011471601880230775,0.0023777243083056288,-0.009778610383519126
2025-07-31,-0.0566584080566106,0.042934833223202684,0.0006432087619290261,-0.022948172093249286,-0.0323077629141868,-0.019235955037823604,0.00539843499157433,0.0066454015709211944,-0.02524815982252049,-0.007744317449760896,-0.005897674484442783
2025-08-01,-0.009824390009835926,0.030267042846950476,-0.009214064182962,-0.029522208210732814,-0.01812401827472676,-0.028057694091553786,0.0015174567559388397,0.020299689958884537,-0.01672548256777251,-0.007523728716029798,-0.00455297423875467
2025-08-04,0.027812375153656532,0.029937406472321904,-0.0283673297070135,0.012436963870629647,0.013601067151105983,0.04358179820213426,0.017715618647109466,0.005823229257701401,0.02197569281681888,0.011831555701045104,0.010533596835803127
2025-08-05,-0.006137406116801469,0.007924506374955564,-0.030829448939464377,-0.008798239129856888,-0.022683795756653247,-0.0009399839059318627,-0.010650468623475073,0.0008040912066364925,-0.010648191614492375,-0.01008256344899594,0.004114656617053125
2025-08-06,-0.007902421442177898,0.02611779018867577,-0.013657544691171974,-0.007033778393539136,-0.05361229231534004,0.004166614441866168,-0.008913041693865753,-0.00212110700071233,-0.0016719071929435225,0.0035365806730298655,-0.010790861734267798
2025-08-07,0.018480861819716976,0.0366545759685335,-0.0016382736251547847,0.030021846093757132,0.0668395026260784,-0.012983473291400816,0.01086202611171072,0.008437987494967825,0.0157001659006768,0.006695779754439579,0.0013807242729577673
2025-08-08,0.016869641798619606,0.008044983992259835,-0.011968269226740103,0.010152334756667658,0.045976881930314795,-0.011391265625233182,-0.004275057542618477,-0.00022357985855403495,0.00827838229267841,0.0040606615299934035,0.0034474286005687915
2025-08-11,0.010060511873027034,0.02669961666625187,0.011089075921252523,0.016372134160369756,-0.0013928493676119702,-0.014540664559716032,-0.0031329620447647644,-0.014374701087597641,-0.0004429238816484604,-0.004811410429103935,0.001786448157063969
2025-08-12,0.03938244303784244,-0.04853951945437218,-0.001835907196301001,0.01100483151356424,-0.006509623847697599,0.028118101730217893,0.004306814793811675,-0.0009074665058316222,0.022835764459990138,0.015134658136265244,0.0035665249022889256
2025-08-13,0.012100270462468865,-0.01975455914587776,-0.02040593631429133,0.010569481629704391,0.01684866881654412,0.04901171126932202,0.0022020648761078565,0.0030492830145867345,0.003932094231122951,-0.003934342577426975,0.016129011573577268
2025-08-14,0.02317691771545838,-0.0006117931707618762,-0.008247303586614407,0.003590335299749947,-0.004295773191642982,-0.01768202096362348,-0.006938718902176233,-0.006338706734070332,0.002124222188804481,-0.0029795628558521026,-0.01318265756200665
2025-08-15,-0.030477897665920684,-0.03989855506838602,0.003250755041021458,-0.009643849579883623,0.01605613352391222,0.010248283742633646,-0.0029114169870014805,0.0005858183101099534,-0.020767085763974014,-0.00291923299168928,0.005588869624234105
2025-08-18,0.012358489198439848,-0.015184104784360719,0.005902050862159003,0.003141355605386531,0.06627800880883328,-0.00845355183977603,-0.00432149332927545,-0.0015612675411803556,0.004092647109986025,0.0029974304076756386,-0.0010844502948799128
2025-08-19,-0.029492817823100426,0.009552053054798337,0.03690822944138561,0.0056363680381454895,0.0015826858654277576,-0.0009181610511430627,0.009736151794572434,-0.005473279447945512,-0.02017781381975703,-0.00681078661938761,0.003392586262672914
2025-08-20,-0.021955339289751463,0.015202462731700228,-0.010348326323218027,-0.006383364714062201,-0.007039219988572931,-0.0035448619972430206,0.0010454735269065374,0.010122175284489776,-0.006566534721342943,-0.0046881920144813405,0.004733561751171456
2025-08-21,0.0017198667835516268,0.036016534089708285,-0.003909510196618782,-0.005797406329362431,0.03038196395121462,0.0061924699002053885,-0.006846853625059657,-0.0034698951143765644,-0.005191079394910814,-0.005132408732636762,0.003230578770984538
2025-08-22,0.03360674108196471,-0.026025641379044173,0.009702029217731223,0.018439620291357484,0.021903965611689724,0.04582950833585886,0.005375094787126944,0.01070642694476942,0.021498742847649854,0.02155337101528132,0.015966809614242905
2025-08-25,0.016681869313109443,-0.01510394201933829,-0.0001524361623472803,0.0007737933135294472,0.009343164176162544,0.02166015196587523,-0.011273884358118269,-0.0024148368614391735,0.000953592359751676,-0.010445472418302293,-0.002773371871489627
2025-08-26,0.01202175612487233,0.0435992021722158,-0.011421726592179438,0.006030522653835968,-0.044513981454327056,0.010906823359126516,0.002233569401271618,0.007262047243691283,0.009628387667664828,0.007829432740553255,-0.003310815302376091
2025-08-27,-0.005809483339089594,0.017968032355344832,-0.030933680539276365,0.01475562020846466,0.01638417713172413,-0.009213159246864944,0.00023442985881483303,0.0020187288833615202,0.0030665147748427657,0.0009017420107921836,0.0017272389826181733
2025-08-28,0.011991143681744587,-0.030546459409790727,-0.012242894362029966,-0.008936654064967908,0.0058871619475349135,0.0187202707086922,-0.007621890489075134,0.007419038046796889,0.004098640947719501,0.006652732685275664,-0.0023875815889271568
2025-08-29,-0.0318736259409933,-0.020616919987120452,-0.023134710835672423,-0.027051807784929993,0.0,0.01273101034509927,-0.003663060662450146,0.00964990177666114,-0.02874053088498585,-0.016177820241260465,-0.005318435061918314
2025-09-03,-0.00741702425496471,-0.045638667498416274,-0.022597652419815484,0.013123671661454894,0.01729659413330098,-0.006889872217737181,-0.0024988697134765703,0.007831992196408066,-0.00017460514553024886,0.003631658704838614,-0.006488336835919872
2025-09-04,0.024560510516269396,-0.0019479023506699944,0.011217045897317535,0.035662879917853996,-0.011380747037869954,0.046876807548124066,-0.0011928879228207956,-0.004418882618094533,0.011974938824088621,0.011990974039926217,0.006122441164249981
2025-09-05,0.027814842380649907,-0.03241261507651616,0.013359988362527275,0.019456510111614866,-0.029126232297187693,-0.017575373215069967,-0.0031052313832927725,0.01334594055214322,0.011798912814461993,0.00441695695433264,0.0066261960367370865
2025-09-08,0.014682765717134005,-0.047138868103830056,-0.015168874971202118,0.024840892555678673,-0.008714260123145134,-0.035779324831406334,-0.010183231891552125,0.011388067271604019,0.011047359350439656,0.009702536422888874,0.004432989398363896
2025-09-09,0.006251521582430808,-0.06316491037836025,-0.006199695714991904,0.009754804465428313,-0.02377856007780299,-0.02706221787429297,0.0068990319115593834,-0.002269905468609168,0.004350507168580764,-0.0022812543339011393,-0.005349627918576516
2025-09-10,0.04489646277245796,-0.061641661810191595,-0.03647876490259305,-0.004391052746161583,0.036758094845371625,-0.00838082638418891,0.01718944584454829,0.0035922056391106683,0.010140653616377726,0.021272074787076933,-0.0026893578762514636
2025-09-11,0.02282213221344853,-0.06582413036842905,-0.01168223777377353,0.008526846400124244,-0.014950840400390075,0.004654448275916989,0.005317927315060533,-0.0014913797811720864,0.010304854401929964,0.006106187945524422,0.01186472570339192
2025-09-12,-0.0013255473410491714,0.019829425562280845,0.007625529405427489,0.005539244484548345,0.006938402273633848,-0.01182622196934724,0.005054659887671065,0.0019715725978484144,0.0012833032089629715,0.0002024558650863817,-0.00493014413722892
2025-09-15,0.02870261751045744,-0.017916179772871632,0.018496583482148665,0.057408018223429114,0.019523451363770095,0.036643915516736625,0.0023391765963494127,0.01040483601055886,0.009365129917173531,0.006674628249926373,-0.008168173990827032
2025-09-16,0.005616089289035564,-0.0017138392307960437,-0.011932863394394033,0.0047985385240427725,0.011264430601356512,-0.012973012689025731,-0.01820301561124882,0.0020064107533963593,0.000130155843185209,-0.0038174066022494957,0.0036451958687147012
2025-09-17,0.0029400393606973108,-0.003441553935412678,0.018135126725071782,0.00559417866509615,0.02896126957133016,0.013625912413298247,0.0024958074435796895,-0.007715171664187115,-0.006379995039575315,-0.006050869049331387,-0.004035507416940809
2025-09-18,0.06777837190835356,-0.02828207545656891,-0.02906321933886491,0.07734047566318258,0.06224622672791824,0.033547414389769825,0.000711523700011929,-0.0040063094596702875,0.03839478990172407,0.009943068291616397,0.0014856815317187966
2025-09-19,-0.0004976513780406977,-0.025745850066905218,-0.027858103842653192,-0.0003777446572855725,-0.009936268538407234,-0.004028557822907897,0.006397129194111839,0.010607227252210416,-0.003975177354623827,0.0003349160503103299,-0.0059339102260412835
2025-09-22,0.02600582455638012,0.005955705775652742,0.01069859493327363,0.02154452971649934,-0.013896059509138858,-0.016757133567112503,0.00969403269503566,0.01730643093326134,0.02046184971630738,0.01231930669424175,-0.0021706660743582296
2025-09-23,0.006137278999456708,0.010859319848957716,0.03420960624461,0.011100255415760207,-0.022833975102926285,0.03149970877505748,0.005164374013839401,0.004086375052867464,-0.0014588393138809108,-0.009060956103379425,-0.0020394263583179972
2025-09-24,-0.02766965845277558,-0.018759436269996987,0.01231534128182643,-0.0143938524115923,-0.0077447794192224695,0.020054596293699323,0.007122804017504425,-0.009063049726670935,-0.0018340876717506394,-0.0003335491191224227,0.005177105099004375
2025-09-25,0.012444919718812786,0.03368940713934676,-0.0018490610018464526,0.004579318016439293,-0.02812533536102757,-0.04222508249016732,-0.009623180133877862,0.004165188877066628,-0.00015567959290307964,-0.010057390409283995,-0.010165343538275029
2025-09-26,-0.005933588994207373,0.05877969855301468,-0.0427682410832152,0.001355112806753489,-0.03489343658542454,0.012129630570233418,0.016272464811890153,0.00577227044053652,0.002367213139763402,0.007430505993985648,0.008352721023143328
2025-09-29,0.00792954593482409,0.02179118637093591,-0.04432551810326124,0.015625064876386707,0.008608365696876064,-0.021894352163797426,0.002879895371855845,0.016496514338703028,0.002610084367583587,0.0034867117143460025,-0.004481254475202645
2025-09-30,0.010013892572127814,-0.02334196800112498,0.0008172042498142407,0.003149557135339043,-0.019487979996299587,-0.01307722323461491,0.001723028579247332,0.008540004081594166,0.011467130468838738,0.009488097882924151,0.0019096960963853604
2025-10-01,0.04858590982532163,-0.049115603349503156,-0.005812799438202121,0.016060902990376436,0.06354276949942661,0.016354131600090138,0.00963191943351105,0.0015753722020723782,0.022459919532809014,0.006751508082911251,-0.006126608920099863
2025-10-02,0.016766188205373345,-0.02874743503155408,-0.02142134896100878,0.04302347247336269,0.012549420118897592,-0.028893512978870106,-0.0018172324127030404,-0.003482825151325697,0.013635417886036949,0.003944587255897858,0.007534236891959312
2025-10-03,0.0003513641494452546,0.02350378516089391,0.0006914834796403202,0.002848682340211184,0.020746382193200352,0.010159591047421257,0.011605506994885273,0.008032937892485048,-0.004612153712874267,-0.0029468916200419137,0.005438470288848141
2025-10-06,0.0366838863514336,-0.04206151036640515,0.0034448926978749572,0.01954320339088822,0.02032463449765487,0.01903739088911527,0.009672535423087325,0.01884573861512795,0.019900241023274257,0.008013158250453678,0.0006761316641392678
2025-10-07,-0.03149334159949169,-0.023522869418733938,0.01781667203210291,-0.025075194263243894,-0.028068796192407097,-0.019621625387085895,0.004567350638296164,0.005159462258136571,-0.01843438510550044,-0.012249959920207276,-0.0036485383658622084
2025-10-08,0.04172816501853793,-0.0147865293708902,0.006920467079396531,-0.026291719653189327,0.02315678341567029,0.010067053869263765,0.00687519564236494,0.01649095687844504,0.02676165136039832,0.012072018875304291,-0.006645966948318538
2025-10-09,-0.012158739631125015,0.0006865138993239484,0.025203619222134988,-0.0023479435683858574,-0.01248704014696378,-0.042002760761862934,-0.002533070140682381,-0.018452848086064955,-0.0024851289438175828,-0.004953661834114498,-0.005051877744622679
2025-10-10,-0.09984031870597021,0.015899115089096583,0.0015828185099806547,-0.04224518697315638,-0.006980942564887349,-0.05263813817223839,-0.004085339261432397,0.010097700011942212,-0.05755912695428611,-0.020568594640402393,-0.01825165757608438
2025-10-13,0.08773973683548864,0.03258098130944709,0.0011917354768988808,0.03698235101162339,-0.009019871052811879,0.046934315092459045,0.007649760505731074,0.02430104394061705,0.044292108375192596,0.016653259094166595,0.004612797976126348
2025-10-14,-0.037125873483345284,-0.010858518081128032,0.02224256577039263,0.003080520809546128,-0.034533531028066666,0.037712225663696586,0.00891176807976457,0.007141189222626965,-0.018395814745809203,0.0024341255095587933,0.0019479590543489689
2025-10-15,0.04201199007787393,0.03032417603787252,-0.01595044750637742,0.03118367081874429,0.009011560982057576,0.0003608674757638042,0.013086243828340338,0.017332403569977117,0.024827546324981187,0.015421906109558181,0.008332165230506394
2025-10-16,0.007659529293755352,-0.008196609779660635,0.057421223987013326,0.005040121073115245,0.005770767667044208,-0.01696127032467465,-0.010871985983155863,0.02338727694573084,0.0044472282165577415,0.0022620879303987262,-0.001790384685583235
2025-10-17,-0.009070474357818381,0.03240241017709011,0.014868121897022801,-0.0019375985023998288,-0.06379781517391958,0.0014684066777816973,-0.003482331511962422,-0.01881705572696646,-0.0013690483780660623,-0.005803528174146089,0.007312352565272517
2025-10-20,0.03372347522403163,0.01571887186262355,0.010808412667210998,0.026607269708910808,0.050051084381041555,0.0031769139646327105,-0.00032763319756057285,0.03640197438905224,0.012805243608227324,0.008172268769958801,0.00493082505648168
2025-10-21,-0.013050524501504124,0.020542568591288335,0.013557183940023254,-0.010233591028479538,-0.013479694294368794,0.032034166650923845,-0.010159450525505265,-0.06426889260666147,-0.005529688041661651,-0.005661331458297836,-0.00913178606004772
2025-10-22,-0.041141906753905166,0.05577953348537812,0.03968764566548599,-0.022139780162066303,-0.03239890351696395,-0.0016523124800268407,-0.0023177309062479834,0.00010605594835544352,-0.019403366687671952,-0.014233911536903121,0.0063273645989789795
2025-10-23,0.028902852036394533,-0.014139680410868882,0.021662399993728876,0.020227537405394402,-0.0013102365007217065,0.024471015359314396,-0.0007742005086844861,0.004002358382396931,0.018310654500729884,0.016999133010874523,0.008884625019343506
2025-10-24,0.03250205760956515,-0.0016647271337413283,-0.029035722656724716,0.007547588982487419,-0.002623910945338759,-0.013039517405345813,0.011734600800010098,-0.0033528327110016187,0.01838758757489667,0.01077762911711666,0.004742004792003041
2025-10-27,0.024457979393282203,0.009369456994936742,0.02839999592158704,0.015317509130469142,-0.00613859668388983,-0.00046763534626459435,0.002735569698333551,-0.027839530498784404,0.02506114616974986,0.008300426959769514,-0.0013485393950940505
2025-10-28,0.006891571621695958,0.05365609975546892,-0.0017309902466584592,0.0009928736617930145,-0.02558824684616645,-0.018715684552815026,-0.016477514889758238,-0.007166030388359279,0.00880699388531725,0.0026594783496389773,-0.006481223223200772
2025-10-29,0.026209252373586844,0.024594283199662836,0.00674708420432979,0.013224644529288287,0.010715455760163861,-0.04005248467026501,-0.0003328677821859971,-0.0037872684129753864,0.01514692938823825,0.003599925746035293,-0.00856209835112376
2025-10-30,-0.005733993327695308,0.012656614418643075,-0.02624134229008057,0.019686647738931473,-0.036284961084870004,-0.02669808797618789,-0.004217471463792366,0.01964188672951095,-0.01323885726814189,-0.011767728189300497,-0.017272081966775654
2025-10-31,-0.0004845644600658394,-0.003844199384798297,0.010868296564837232,-0.020693381559785062,-0.020917197115739694,-0.0006378919931102622,-0.006910445028829426,-0.005430550723012573,-0.001952071978719605,0.00038213800073028104,-0.005998039297589131
2025-11-03,0.015726317334840312,0.05031624603108509,-0.008197604758295784,0.00914940349643989,-0.0020573796078209305,-0.021064750104513696,0.0005611929189268672,0.0017929035935666526,0.008484434002836716,0.0028643558194372254,0.0019646339555368098
2025-11-04,-0.047982141319476534,0.006352488118168909,0.00012213670894034578,-0.009174278567643745,-0.00031710316496391666,-0.021518021857689362,-0.003589446565198662,-0.017517195825319742,-0.03643811564247068,-0.02018406200314493,-0.012745190795692363
2025-11-05,0.05164485151084941,0.035316357578035085,-0.003069179438524139,-0.012418317879606011,-0.044892193292167315,0.038784667389792915,0.00022507232507029684,0.011564369498527016,0.019106453451520844,0.018203037008027945,-0.0004255917633296802
2025-11-06,-0.04621353833247743,0.03348901592435394,0.036163381683590234,-0.012464142020805369,0.01959812959644114,-0.02501940457604901,-0.004389360159611222,-0.0012005195756799036,-0.023393597594595472,-0.012915117297145451,-0.007238140469570831
2025-11-07,-0.008232467483191619,0.011132818814870271,0.04513000067320849,-0.027365157571355825,-0.051311268898370344,0.009474989578697857,0.013904613453950887,0.006119021470095687,-0.008459362597635245,-0.003351549361781503,0.006862147654487449
2025-11-10,0.04838745856135063,0.030850654276382894,0.010147370896211205,0.01825910922630758,0.012019201841475535,-0.002346563996855844,-0.00033441444849924284,0.02734111859838051,0.030650348422925022,0.00976518048440278,0.011642750356932297
2025-11-11,-0.04626948470316761,0.022062014423001708,0.0029402144743762015,0.00022561149107169776,0.06430270223018852,-0.0001305825539311689,0.0005576014178045874,0.003937814406542062,-0.021572541872000195,-0.0036505502627324216,0.015157874776676072
2025-11-12,0.027432243782590016,0.05655124998347305,-0.006608508525768331,0.005524784420765316,0.023593103266404514,0.0457395172846784,0.0023408106400670814,0.016110762091908537,0.012761691189833169,0.004371000695665872,0.004838926392865428
2025-11-13,-0.06093422449551411,-0.007375258810948582,0.021804603002483658,-0.011549660959615626,-0.007475450910671366,-0.02111961102373139,-0.013789978455956309,-0.008083098515826892,-0.03012398366125879,-0.0215040074706625,-0.0035773206434228655
2025-11-14,-0.010045508084114863,0.020211177291048932,-0.004617504493665159,-0.008394783577153953,-0.02385063743145399,-0.007404523847750033,0.0009021612417705605,-0.018047911171504505,0.0004640442087557872,-0.0011772316611365907,-0.0034520805870533744
2025-11-17,-0.022765092559233535,-0.0284164184000395,-0.007936350776987622,0.0026313012306642403,0.005304656151406739,-0.02147905340754863,0.0090129575762945,-0.011463979297139493,-0.013566132232519679,-0.013686230395549281,-0.020230094506776708
2025-11-18,-0.03073623556367011,-0.006807041236523426,0.019935167017210098,-0.012323197504958028,-0.025103862420027157,-0.03167732084189656,-0.003796338692941492,0.007264932736103624,-0.02059936885815139,-0.01175133816144891,0.0016971810584465175
2025-11-19,0.02507769326958309,0.051887145269862156,-0.008428460142968941,0.024260644570535783,0.019025653569625822,-0.010994864306515417,-0.008406138237704863,0.0016294519610446923,0.018452390246680217,0.003493402019910885,-0.00889463481694619
2025-11-20,-0.09377025336919564,0.023358720881491157,-0.0031660044754430183,0.0036092929812125973,0.011266672391601729,-0.0009607495734196281,-0.005086527753195402,-0.0002933255655774847,-0.04224609289746606,-0.019147028432692892,-0.012535597177775415
2025-11-21,0.02068537195385578,0.030613765028065565,-0.030070774723957916,-0.06271075237854828,-0.03024030387728338,0.05261703877196333,0.0014770047265733055,-0.0015473311468576778,0.003168317540239718,0.0017064010561536058,0.024091141489452017
2025-11-24,0.06353332558121583,-0.0017062388687195673,0.014786416895668397,0.029736259289276035,-0.057935270491781155,0.016183786258908706,0.01134429162013939,0.01584423909859023,0.03983065062595981,0.007767637509276559,0.010705830368455516
2025-11-25,-0.0065234955224277025,-0.001807436769276416,0.04447699308322006,0.0017466293989629733,0.04529610477325052,0.05355769410042255,-0.003813884651673427,-0.00031569077041548876,0.0026245250191057057,0.0075728600300124516,0.013797891364965897
2025-11-26,0.042511654043742464,0.05266511009182273,0.0212739157005295,0.056956863864173535,0.04733342306268007,0.02680747079920298,0.013286878212012354,0.007998338908444147,0.022646307408519917,0.016910383683856223,0.0009623303507146908
2025-12-01,-0.0005942648561613195,-0.006524115029135635,0.0031414993134621927,0.025791491896049346,-0.00804411055124743,0.0057809811549367485,-0.023391858814607036,0.004821066034977672,0.0019302721029321734,-0.01146190241062639,0.0019149202617407823
2025-12-02,0.03937718666960732,-0.027188895855541184,-0.01792122067953339,0.013380702058548799,-0.02353327885740708,-0.005982454405318083,-0.007117728707242588,-0.006440050713598433,0.01833066100996228,0.005234291600052288,0.002047778947039225
2025-12-03,0.02740927890841327,0.03802982146915279,-0.005128997439399874,0.0258759454518096,-0.01058455599717989,0.03316033067056856,-0.003186308596841325,-0.0009296182229129313,0.013744001073819234,0.005404704354875944,0.0031335109809762507
2025-12-04,-0.009020851784222184,-0.03563093412441032,0.01643396629534677,-0.006331789481875849,0.006583277720149772,-0.11867507187517445,-0.002054712031499095,0.0006461951944911615,-0.0076021790123871336,0.008587940551369577,-0.002037210496566466
2025-12-05,0.016577392920133605,0.00725750651997048,0.004104441631675559,-0.005954254779502288,0.012426431410985872,0.01723689652725402,-0.009379991246793562,-0.0017823532991587676,0.007798746951656721,-0.0019499092326501488,-0.005035377348452386
2025-12-08,0.013353703692934982,0.038240532203475786,-0.02781675461983857,0.012190000802020373,-0.034237691317478114,-0.04650276042428314,-0.013394906494409109,-0.002639449868615862,0.011332988471199457,0.0036469550595845668,-0.006702220916092516
2025-12-09,-0.009098390961478464,-0.030158120974204228,-0.025357571635600595,-0.010693508938263041,0.0006688856565575385,0.0171031702461919,0.0007021887252460779,0.005137202012788666,0.0012210128841778634,-0.004736780913159766,-0.0027540586836288794
2025-12-10,0.028294592731103796,0.04495603701244444,-0.027125711307601774,-0.0072410536999766295,0.03308818292446025,-0.007751007839695179,-0.00046785768797552585,0.004259147967166088,0.01382118711104341,0.01303946055665195,0.012979823007320812
2025-12-11,-0.0075177612574528485,0.04985409451354905,0.010175129054732501,-0.005391100856941722,0.03429317719375691,0.023037207588651132,0.007254916843025594,0.010769830543307712,-0.00858059304361436,0.0013514764417290603,0.012949819861030276
2025-12-12,-0.08435009418564876,0.0044600986517688845,0.042605857957766835,-0.01657988999340476,0.004535454388263638,-0.02588317638503468,-0.004879135712915761,0.005594579039939429,-0.04521557905597107,-0.017726038260738264,0.00215313952342
2025-12-15,-0.019996948518907876,0.05391744526714426,0.030953078452143012,0.0061601729704654495,-0.014790631449931868,-0.010229900602690467,0.009105731520843596,0.0009103412637567754,-0.0034451637777591637,0.008196693409967093,0.0012085388292051302
2025-12-16,-0.006867194202700544,-0.010691560154895807,-0.03417051976513341,-0.024060209539133348,-0.022281892400307313,-0.02107370692597821,-0.0041647500250054925,0.00022745542760316262,-0.0027203432490249257,-0.002861720168096493,-0.007913080171254139
2025-12-17,-0.06565610391369114,0.04991714537322567,0.026817979313534357,-0.038080525827926204,-0.003879141737211711,-0.01659129058031039,-0.006505604203640547,0.008588228474273762,-0.036085721713999375,-0.02289483215850774,0.0014870874743349027
2025-12-18,0.044314867121820534,0.015699624766227993,0.02390196856449589,0.021395873381170327,-0.012493947733414612,-0.009620777207341336,0.009822261088611617,-0.0018032036998043566,0.02361164778003144,0.009946537995285887,-0.002564791568072211
2025-12-19,0.0460076330288024,0.04544739381564411,-0.02415202553752105,0.009969762939469273,0.018731581707578382,-0.006053805295120229,-0.012737334390587773,0.0011289903434381632,0.025860342303254624,0.00965037595957785,0.005548887508368461
2025-12-22,0.03416872859852638,-0.02185416565639009,-0.006018605928216236,-0.0062111615575263235,-0.020967765259935267,-0.016997150285268936,0.0037104560580905055,0.02308160549906857,0.01288282212469194,0.00661211214362889,-0.0008552051497935365
2025-12-23,0.0029503127447902955,-0.023979114516710087,0.024128059617348097,0.008035729178829332,0.09242176248749812,-0.0190200987053859,0.0035318510135575742,0.013252341857567629,0.009619102968188686,0.005723266680713879,0.0008282379427344555
2025-12-30,-0.015651323999877786,-0.0029587793637979587,-0.006423178090547932,0.0127923090785933,-0.007627692179062895,-0.0020521353424229893,0.002333142280720013,0.0007275678386380324,-0.0024710851365958852,-0.0002592974464348252,0.0043895704818417425
2026-01-05,0.022663568716843052,0.03484850092187308,0.02033820091157379,0.06782910267908071,0.049962168411986196,0.008404690817391147,-0.011116212571911088,0.026313174195160993,0.011492120774729608,0.009241361754313449,0.0033930510174338124
2026-01-06,0.054108171640868896,-0.008394500519633308,0.023871533328063466,0.007406097770912501,0.04989183301723754,0.023687620702381063,0.004917939580601827,0.010813149047262716,0.026563200499415185,0.0010173725167867964,0.003516869135089973
2026-01-07,-0.019690499609379075,0.01778897495831222,0.02939575945205286,-0.008670911331277842,0.006455119717205138,-0.05713460129432946,-0.02423678221773584,-0.009559953917111952,-0.006707616057653465,-0.0051454138051534315,-0.012535385827898815
2026-01-08,-0.03185039328820416,0.009530790001649692,0.020741610097995133,-0.03688922215179602,0.010780633718838306,0.0351461126104613,0.0028661171012509534,0.005522515913727544,-0.01568744013217782,-0.011876688339612196,0.02388752319097387
2026-01-09,0.03075391830650953,0.04845891568708893,0.023789522216786096,0.06771966443707833,0.029971640154486057,-0.03058696146358919,0.012383766395108742,0.007242001159325273,0.027019868957532944,0.008400732305253955,-0.0005332744219190833
2026-01-12,0.009866832680929027,-0.0017847327142522795,0.018334794935430887,0.004437839999003268,-0.006160666630195544,-0.025513093363277672,0.0016467909850483853,0.018722729613168898,0.003699713367478541,0.005382840950683754,0.002400964415698592
2026-01-13,0.013782519467783638,0.011726772037327304,0.0074052406458937625,0.014911619561555067,0.011078777607005375,0.014872175457314007,0.0063409623896948375,-0.0014210408732292512,0.0022269879410024007,-0.0021033828125577303,0.003326679905840235
2026-01-14,-0.013265275103050311,-0.00625295040133067,0.0030210921521018896,-0.016687865507796662,-0.013175035128265566,0.0013737033954743794,0.007467851295961614,0.010222226854541994,-0.00812196430847123,-0.0011496736853746636,0.021618000270974935
2026-01-15,0.037057720399920946,-0.04805269288574521,-0.002330461062295397,0.06013654011228775,-0.03450096521575907,0.030335312172040885,0.010192304184350132,-0.006127660830587689,0.02075446744410603,0.006970126703393031,0.008827733557728479
2026-01-16,0.01988598010011766,-0.04825103192742353,-0.02378584645597348,0.015486352865365927,0.06489590931590494,-0.04379334504397814,-0.005044690580096711,-0.004818883830700504,0.010040137608940292,0.01124026257594668,-0.003217089215613589
2026-01-21,0.03691879390124253,0.01470033037620433,0.004968453866046385,0.012982459194477602,-0.04017974633496657,0.005001644276617423,0.0013966983731503735,0.014568979615140476,0.029560126013304933,0.011913061950373338,0.017586972431770986
2026-01-22,0.0031465107119836855,0.025691679979132465,0.031101803426162755,0.01870462507209658,0.061120833191534496,-0.009632415958341634,-0.007206001676736351,0.01846258414950319,0.002214352411255449,0.002896031516943287,0.002414472056385897
2026-01-23,-0.027005008146816056,0.008761613877098506,0.002847243679189315,0.001529951306477706,0.011721696084244781,-0.005511412305670316,-0.0035120047459912263,0.013745304981574558,-0.006777247745122117,0.003954694395340574,0.005958433532815111
2026-01-26,-0.009579984428929933,0.03813474822287444,0.02095590041939266,-0.00016968869195388425,-0.010713945229452349,0.011083912623770287,0.007283795819769123,0.014628847613605389,-0.0031742583551109815,0.00644041998148337,0.008443581371508468
2026-01-27,0.03729338747864519,0.028139400625794897,0.026973957908290824,0.03361623048300855,-0.007807496971795169,0.005320047403669204,0.013062800221647075,0.024531942321975864,0.021137336444929433,0.02037771092182883,0.014121531244908114
2026-01-28,0.04375157035250221,-0.02740421583030528,-0.0021077628799662795,-0.0190537841300229,-0.03172993048479533,-0.018120597142432193,-0.0023025207259591562,0.038773348494905324,0.023032547287446192,0.0019483638493957844,-0.007393696399743743
2026-01-29,0.010325678548166906,0.02842702273467368,0.010900827405069924,-0.0020094661940031067,-0.02896846636172734,0.015188602041090515,0.0,0.0027094717415592218,0.0021361498702181514,0.01428050535386749,0.006083151399195907
2026-01-30,-0.06037036790734629,0.04977389305888846,-0.0054417696104548385,0.019798646716670865,-0.0022948013425150293,0.0032175410072312616,-0.0018463031118000073,-0.10274245274560045,-0.03367502857002935,-0.012222162459426866,-0.009007938656053538
2026-02-02,0.018352529484080504,0.04361278113643596,0.02545213618386999,0.007568346654866387,0.009470956070735559,0.007055838623339694,-0.014566553441811791,-0.04004945911975222,0.01117833208036223,0.00806695822584147,0.0049807189395949525
2026-02-03,-0.03409008500930111,0.037875839864855765,0.012246402683788071,-0.02808619757917752,-0.014073147940184882,-0.00923570972469201,0.0145472643685578,0.06358720612372104,-0.025222463696185304,0.009687105126449103,0.010159827829585133
2026-02-04,-0.06210912131775159,0.010835392206023364,-0.02484378470600701,-0.04183468058343143,-0.17169657303491337,0.05512701016685195,-0.0037002919847706206,-0.0007044119795716064,-0.039378404623127694,-0.004171301117135706,0.01398257582137874
2026-02-05,0.0014813390399515125,-0.03772045837369431,-0.0011192220510634066,0.007890504296944822,-0.07877891908573131,-0.015841606271686626,0.00046420979072481217,-0.026631707613677613,-0.002486732937472369,-0.008018668991946032,-0.01185430929291098
2026-02-06,0.08051064152870624,0.007719443380753921,0.035217698540565,0.038448230425959684,0.05291285562103676,0.02337094652167937,0.005800464760890911,0.03073229479090611,0.05400578942639256,0.03064487933714033,0.01640343123813426
2026-02-09,0.018817413383419135,-0.03915420942434844,-0.0006091723525876169,0.010568750702286467,0.05245354462142604,0.006957146835229189,0.00299883633595055,0.02540290594406658,0.012448649510719667,0.01919810490763907,0.011321238771842879
2026-02-10,-0.015529197771850245,-0.03529565391772338,0.008128100975293373,-0.009794224115950212,0.012700939856149729,0.02943814237112541,0.01655940346072926,-0.009913720520981939,-0.004647692510086454,-0.0018951342117845549,0.007264506388993119
2026-02-11,0.02301806693092301,0.004417784842314587,0.013504178526598132,0.012405791358739426,-0.026194643250937233,0.0,0.008823498738084856,0.011310577541873812,0.024755382873604237,0.018066685448429487,0.012532484460227922
2026-02-12,-0.03279041468190125,-0.023649189791106084,-0.021152631581192405,-0.023182650662159632,-0.0004891466973796499,-0.00569011645190054,0.014801540268539082,-0.03472828959819363,-0.020902679621125242,-0.010907630595554774,-0.0077066328516884886
2026-02-13,0.018779419715825973,-0.014905221993947615,0.008703731008864013,0.008984508791790358,0.013211673382165445,0.008217309633708814,0.027624311737350693,0.024878663914389865,0.0039644823501368,0.0022284581362363998,0.003647888283690559
2026-02-18,0.012414779105277995,0.04137270063524756,0.02079676849354528,0.038025449869681927,0.00451761662665473,0.00014407691856921367,-0.016602028222039933,0.022489929267582198,0.012367740439658048,-0.002341003503659511,-0.006796276383277067
2026-02-19,-0.015589945498468816,0.03175500387700736,0.008154806599011133,-0.005302163047435138,-0.012528061218280762,0.004759360126311174,0.010962509736068382,0.0027930496262249527,-0.0056962202289939645,-0.00022893502832632695,0.016517242692239975
2026-02-20,0.019999839241868322,0.016472832971854423,-0.003126191608005313,0.014052725261598287,-0.020819755470085854,0.035883457711197275,0.004771259940194339,0.019714504323102178,0.011774710942299649,0.006468633307623151,-0.003017666262528418
2026-02-23,-0.012069423282583092,-0.026934648260951488,0.008084038758782164,-0.00509724956645996,-0.16478410065020843,-0.04226130381547988,0.0075544677347541,0.027015500392687075,-0.005180333717581975,-0.009725863511226063,-0.012223551025682844
2026-02-24,0.012423387944103359,-0.013035187722078345,0.0009751298605209513,0.011367397952847913,-0.030827347952081974,-0.0010128178300131685,0.011139718380374752,-0.01385890426498504,0.015210227439033552,0.015564878271387084,0.008603457513982615
2026-02-25,0.010925138912664556,-0.005482332213470054,-0.0003267177769125107,0.019787857757269656,-0.021547315070940765,-0.005358435067103207,0.003389762365865412,-0.0025072627221415233,0.01670006665436241,0.010179788180552096,-0.00677730566306467
