,Current Portfolio,Add Orion,Add Cleanergy,Add NovaTerra,Add SMH,Add GRID,Add MOO
2019-06-21,0.0064784794254523215,0.002714297272608246,0.0015044575322194637,0.006384393370726563,0.0050765276851201385,0.00564257095963637,0.005706693863600135
2019-06-24,0.0024793217648384092,0.0029465921847033547,0.007038200635780582,-0.001070987963169255,0.0024027290568127344,0.0019342351933335014,0.002587614463884551
2019-06-25,-0.002663751957192983,-0.0041867251745271936,0.0027332094638771384,-0.0021188477828046406,-0.004496604023552488,-0.0035088132178084444,-0.00263392150202154
2019-06-26,-0.0019514962385686618,0.002191257973979198,-0.0043670738634876485,-0.0041725719398562,0.0019894859511330673,-0.0008354268632947207,-0.0015366533438219768
2019-06-27,1.2500978146637698e-05,0.001720334489016033,-0.0073748357255603095,0.003368259070110617,0.0016912520349042157,0.0011656420564255185,0.0009592212459835145
2019-06-28,0.007982706047869199,0.0077937183376915325,0.0006862736949362763,0.009338297621880084,0.00710980634938653,0.007608973169479047,0.007718949469358347
2019-07-01,0.0021985653643411943,0.007464263584447843,0.0024700289038917175,0.002503640945564538,0.005452048332588243,0.0023377372939285476,0.002279272921222479
2019-07-02,0.007387212601637843,0.0035341322931552524,0.0045472263453404035,0.0005397454627202106,0.00499634301033338,0.0064638110264331125,0.0062958736188394385
2019-07-03,0.0022003901828909368,0.0008766760966993567,0.0016778301746880955,-0.0007000451578089359,0.0014675820734295839,0.002363774368830042,0.0029529998233365842
2019-07-08,-0.00563016319118788,-0.0059860870441937955,-0.006877751137073167,-0.002423587316418445,-0.005739182591572377,-0.005992114547037554,-0.005799354960115889
2019-07-09,-0.003995931082680037,-0.001170366248469612,-0.0032404912149595344,-0.0074949976649515415,-0.0026215206882403697,-0.00428292828326822,-0.003833110389658334
2019-07-10,-0.0009173498244116056,0.0012211146852679905,0.0015841945112141514,7.38284018492047e-05,0.0004385065610497535,-0.0006443528284651306,-0.0009715000139280672
2019-07-11,-0.003439086855935842,-0.0036693451590425613,-0.005513378085669859,-0.0004157279114437862,-0.0026628254475714597,-0.0034044723776825575,-0.0030279499633183438
2019-07-12,-0.0012700834905863588,0.0014707702153317626,0.0027166208743550913,-0.005105042559666262,0.0011838758494241708,-0.00010689272928277038,-0.0009234986932669387
2019-07-15,0.0027477359291398734,0.003535332789210338,0.001128170663198938,0.0021581948816659507,0.0034108486411018046,0.0026664868107710293,0.003210725942225101
2019-07-16,0.002365058988444976,0.0006572526940792842,-0.004978953024349732,0.0024417987585362635,0.0007778464024808876,0.002174134928332856,0.0012308497958368816
2019-07-17,0.007171913907367519,0.0070557067340501906,0.007787208405366605,0.005187771545237585,0.006725080238262696,0.0058309286953593525,0.005806423317724782
2019-07-18,0.006242467102873445,0.008451047917835353,0.006037919633749583,0.0007305877140888623,0.007713206454530885,0.0050948246980142,0.006347228198688437
2019-07-19,-0.007813164234685643,-0.007664241605391982,-0.013416612571130464,-0.00780524218960784,-0.006825786854548745,-0.006468102032539037,-0.006873919950060724
2019-07-22,-0.00030036777774792943,0.004574174251148151,-0.005361002455405335,-0.0011414432435344138,0.002238045467502593,5.2031317181573666e-05,1.7746731517116754e-05
2019-07-23,0.0018008984649439828,0.0036753854313905585,0.0027079495469423606,0.0012915703164327816,0.0029647812274381444,0.0029629659325289756,0.002583552756023337
2019-07-24,0.011458198218780895,0.014986732063560701,0.014042745891413091,0.008649314595679705,0.013356213278497661,0.010491830073409189,0.009988876995775123
2019-07-25,-0.004226425894833257,-0.0064834784532872974,-0.003986975014342753,-0.005119828005262103,-0.0059586914120395434,-0.003956033719301227,-0.004920331547369927
2019-07-26,0.001030848981361481,0.0017305429003166214,-0.004680369793847637,0.0006687382987173238,0.0006439062329184689,0.0009795314433730037,0.001219909755376218
2019-07-29,0.0013052546922911387,0.002208059900353908,0.0020484112352525327,0.0020348444805146568,0.0015662452807695612,0.0006772288082747338,0.0008249874770498641
2019-07-30,-0.0036883150867301996,-0.0036999641528162666,0.003336039294550959,-0.0042601738143222476,-0.0037840240064072952,-0.0036161321069140898,-0.002703637679513142
2019-07-31,-0.00646865468544774,-0.010967924536792711,-0.008626407249744311,-0.007245023151817034,-0.00939867116612493,-0.0031116825011821003,-0.006460858103723849
2019-08-01,0.00036772699317193794,-0.004171432053478627,-0.0010113387843211225,-1.8504873901828423e-05,-0.002197669579157721,-0.0022521661000521193,-0.00035302675021266217
2019-08-02,-0.015164861161972671,-0.016442191423085215,-0.00732640302904089,-0.018454098048901246,-0.014968906034857593,-0.014492184494139776,-0.014475343131964608
2019-08-05,-0.01690637350067184,-0.022934812353534798,-0.011367245864232989,-0.014683715636125416,-0.020183188432929475,-0.019233899271205612,-0.018655920027409678
2019-08-06,0.009352303660533856,0.010549011219815996,0.010270361259021643,0.008309516106816767,0.010168672759329145,0.010390093173732268,0.00981302248155505
2019-08-07,0.005905507625254706,0.006698541238289779,0.0011859782339720404,0.005152209148744549,0.005849070923433508,0.00763038535205704,0.006155849974445737
2019-08-08,0.013351552194046315,0.01704613368246813,0.01575295929261078,0.01434683517793467,0.01488078416772351,0.013756753978420883,0.014586466214068033
2019-08-09,-0.014796754771512786,-0.016848043962182528,-0.0056804509138852,-0.01790461739057101,-0.015106893725402075,-0.013360372654429208,-0.01294716042507369
2019-08-12,-0.0036230539655669304,-0.0065662408798473765,-0.0009134371135831043,-0.009299259653102743,-0.0046502649301137094,-0.004517619112101301,-0.0064591621762731255
2019-08-13,0.012693173292033231,0.016505022003053732,0.017013607890011856,0.011575586994238996,0.014692240207529905,0.012678206925864188,0.012419072408692472
2019-08-14,-0.023991119186462826,-0.026321432251132038,-0.026380124777040936,-0.02156821038778832,-0.02501844416585497,-0.02510543275510159,-0.02485074252577965
2019-08-15,0.006478346797781016,0.006417853110450622,0.002418012152856752,0.005915975812852442,0.00553178221859138,0.004357836820996053,0.006200717283497276
2019-08-16,0.009743648416025754,0.013626715648119847,0.001370045555656521,0.007487069808730415,0.011583650709212995,0.011607441191316958,0.010743466084000952
2019-08-19,0.003069603466293512,0.005486544395985657,0.004052000457652485,0.003940687579652338,0.004746396301077496,0.00437436686214622,0.0039972254936987
2019-08-20,0.0011716666617441434,0.0007694647957921796,0.0067365629708193014,0.0029272992437509443,0.0003129875726106679,0.0002963645977283741,0.00020460049292260474
2019-08-21,0.0044860952261769164,0.005414805911528889,2.39969861748901e-05,0.005369929820494515,0.005203655941435528,0.005705785078686534,0.005077945610186027
2019-08-22,0.0020026278559863403,0.0021020088770205003,0.0012540082992678059,0.00069781731480896,0.0015886823562331481,0.00022919535535791125,0.0017142344768064366
2019-08-23,-0.01040428456690481,-0.016721154697201986,-0.0029099516876369066,-0.015275778352505313,-0.01428114977349982,-0.011638784466776901,-0.012264459042234797
2019-08-26,0.007366255106883426,0.00838872653564092,0.009542934968324854,0.008054450705010027,0.0077330845955700805,0.007432448742998518,0.007949623836929251
2019-08-27,0.002906706983223095,0.0022054653702960267,0.009266856493451638,0.005315749741197036,0.0022501189435436345,0.003575548700947291,0.001964295280242216
2019-08-28,0.004101706693952402,0.004760937815442838,0.004343900025050189,0.005441066887504835,0.004391656836383477,0.003090242288548227,0.0045391962934740945
2019-08-29,0.017627441481045638,0.019880162571150647,0.016145471494725547,0.013369887685371826,0.018131153621197896,0.016214667140949532,0.016963664229797684
2019-08-30,-0.00022822068673827834,-0.0006094051889396698,0.0009355197716545346,0.0010785901979633514,0.0006029187032968106,6.221659766036253e-05,2.8435168383404708e-05
2019-09-04,0.024423959753945144,0.026322484675323568,0.02117594741073539,0.019622042191323963,0.02505625725793416,0.023589448089520335,0.022021719457814795
2019-09-05,0.00447779819347239,0.009518846319490008,0.003297948399546523,0.0031403160037477493,0.0077134608048870165,0.005033886230257349,0.0052128085517159015
2019-09-06,0.001205047329414589,0.002615830214421591,0.0007122079383091034,0.002271366848388204,0.0011590648315571855,0.001080143803034131,0.0015632167637712885
2019-09-09,0.002551253237420757,0.004499756364432374,0.003666420512705139,0.0024243788478002307,0.002713319914046282,0.002849508348139275,0.0016317795796622694
2019-09-10,-0.004388007058451279,-0.0036108245323407118,-0.007018893061807488,-0.006721838436566568,-0.003589531992245043,-0.0024065335531279763,-0.003104018006688386
2019-09-11,0.010529772534266188,0.01288025125209502,0.010859993551171204,0.00970755512270563,0.01080397888267623,0.011718103078249664,0.010226011897835952
2019-09-12,0.002702491436017616,0.0024828678002412133,0.006439307848160443,0.004302878393914918,0.0025597185133184944,0.0010502027691824886,0.001974127850441064
2019-09-13,-0.003747356124733758,-0.004541969718431654,-0.0049908691718469345,-0.0031918153998421323,-0.0033404217947128056,-0.00290294594906175,-0.002644621265097666
2019-09-16,-0.00027910719489627453,-0.0015476122147271842,-0.0027069746710487175,-1.9926276114273778e-05,-0.0010850150138630582,-0.00031923031340540253,-0.0004484042584988607
2019-09-17,0.0013602794701613264,0.002428039355881928,-0.0026707669507756854,0.00036491564193172343,0.0016960794039351246,0.0019154191289266487,0.0011530546910070855
2019-09-18,0.0028566394180806593,0.0033668639091042757,0.006387366628175198,0.006014333496701288,0.0026332033410485095,0.002176360118050169,0.002220577255298728
2019-09-19,-0.0005623647668080119,-0.0010726268322244215,-0.003199651949682039,-0.0025401225908441294,-0.0009953190242989324,0.0008289505989673984,-0.0009394128998130302
2019-09-20,0.0051475939936150685,0.0007126628170830707,-0.0027952339047783575,0.00268489010558752,0.002163354079259383,0.0031476169512227453,0.004167415431338348
2019-09-23,0.0040507078079163395,0.0048104185067189414,-0.0005437445070951424,0.0036687585025114294,0.004616248149116334,0.0037438453870785177,0.003075438428847374
2019-09-24,0.000931810154089282,-0.0012470483518380662,-0.0039412629693805,0.002817064837523968,-0.0010392722555043685,-0.0005290199047176883,-0.0005967811245123841
2019-09-25,-0.002938565122006996,0.0009451714465156941,-0.004710455165183286,-0.005782396366829076,-0.0004348669210389039,-0.002055318385703095,-0.0023617708639056406
2019-09-26,0.0010188221969433889,0.0006196265876976595,-0.00237275839466234,-0.0029625533474181218,0.001328208976528196,0.0005640235714142669,0.0006252890222475313
2019-09-27,-0.0018448431300840712,-0.007491152865100992,0.0038314213754081644,-0.007005523596588972,-0.004577848838775211,-0.00295259675129729,-0.0020905219824226273
2019-09-30,-0.0029439770882242794,-0.0007631534152263697,0.00011804339299498201,-0.00267361085427352,-0.0011324915494421162,-0.0009933756419573947,-0.001619725850071252
2019-10-01,-0.009013932179302155,-0.010688503433103007,-0.01270023644763587,-0.010548055688535445,-0.00873709194235401,-0.01002975788757008,-0.0096712888223787
2019-10-02,-0.013409524085857516,-0.014201530797475263,-0.010829184791148229,-0.012909299458046745,-0.013772303814748858,-0.015221250575955754,-0.013755061308428858
2019-10-03,0.006627580597986325,0.009738370548821457,0.012428847813241217,0.007732356741564944,0.007721556089373277,0.006748920317683593,0.006307982985714916
2019-10-04,0.009034446461006183,0.011282037588523058,0.00887531615462811,0.006799436553424687,0.010105173091679631,0.009502319124387093,0.00977632947564322
2019-10-07,-0.0014892055326768167,-0.002337515626747645,-0.005283281209316738,-0.0007891979830827664,-0.0019267078685055103,-0.0013030548410922146,-0.0022824480859577126
2019-10-08,-0.010989350552176163,-0.014964205382005748,-0.004410351905150163,-0.01049658634524974,-0.012895814800590814,-0.011089323211124137,-0.010796388799348473
2019-10-09,0.008513315932027279,0.01060002224223007,0.004504290869057737,0.009441249681390665,0.00964834197949023,0.00852177579107151,0.008582498391859192
2019-10-10,0.0034719887933248312,0.004626784593723725,0.006651783870743576,0.004370791398036221,0.004229286213745263,0.0038680408793961493,0.004006235162716247
2019-10-11,0.010323203421161789,0.012396969806547739,0.005475950342774871,0.007861636383433734,0.01188367149936155,0.012099185349027916,0.01130029143587595
2019-10-14,0.0007458342871295588,0.0010185526765256955,-0.002094645967248461,-0.00019381764074784952,0.0008363839312601415,0.0002753567558799394,-0.0002344688837340944
2019-10-15,0.003439934616860999,0.006845636702152838,0.00285704911054159,0.006106631450053537,0.005497504611936335,0.004296514787194741,0.004321522859794216
2019-10-16,-0.00443189765081967,-0.006614194887909486,-0.00028741884095072334,-0.0024906939634205677,-0.005697182670022838,-0.004152560156926208,-0.004084830685884222
2019-10-17,-0.0011977490551985776,0.00013210021377699915,0.00519878661654314,-0.004171464983248281,-0.0009668829679538235,5.30385821529214e-05,-0.0010103499585607176
2019-10-18,-0.0022052947686043633,-0.004124620621029598,0.0032006598972703915,-0.0005030892550839106,-0.003156222478573098,-0.0009373488294807386,-0.002212172019624273
2019-10-21,0.008321200559298286,0.011784752795838085,0.001718959090911562,0.004853775396085697,0.009625449345828804,0.008240892070683917,0.007016736048834099
2019-10-22,0.011565009213904813,0.009760108835379852,0.009086205651894469,0.013388912945049722,0.009174771989110764,0.010143783101923556,0.009059901667700973
2019-10-23,-0.0014994452234687234,-0.004318654241144859,-0.001066115847715557,0.0018138955870735801,-0.0034890005577757066,-0.0015317611813333298,-0.0011784409865750606
2019-10-24,0.007085731924253831,0.011623237726126404,0.008152012745756318,0.0073539210286850815,0.009507919519932892,0.006982756991412112,0.006466852209499038
2019-10-25,0.0031527078774347683,0.006430780579049077,0.0013807744547156622,0.0035397810554618978,0.0052885347419267745,0.004022708636144089,0.0034052975301156405
2019-10-28,-0.009559347764004847,-0.004118810736766607,-0.002901211306242088,-0.008632966355423558,-0.006465271807832004,-0.00752210937014057,-0.007380451090515536
2019-10-29,-0.004268829840921592,-0.006074804090820722,0.0005465145571309296,-0.0020546316503228176,-0.004588202401031964,-0.00399816295428277,-0.003585022728718211
2019-10-30,0.0038550454496337123,0.001988039125752239,0.003953470969921297,0.0031058964033807007,0.0035097993265502114,0.002846143519788888,0.0034106560689917964
2019-10-31,-0.002679794086436252,-0.0024771985074059713,-0.006598193353969946,-0.0014759102831321466,-0.003056494655617338,-0.004052844697898801,-0.0020823684405434015
2019-11-01,0.014914021117376964,0.017943982482807715,0.011377961025741422,0.016003630801612913,0.015628408061074163,0.014854645081324926,0.013816747435597194
2019-11-04,0.00854593877550167,0.01249383767748296,0.00117683810597332,0.006504784177809066,0.010138700845783104,0.008776005318514572,0.00846311249713632
2019-11-05,-0.0020710243415294166,-0.0017527262103528493,-0.0020201939222523405,-0.0031075161025179085,-0.001746286667665485,-0.001145853197303058,-0.002070390180544897
2019-11-06,-0.0038454914358872654,-0.005194177145409061,-0.0060138466378572356,-0.006375453077703076,-0.0041263328802452134,-0.0034594698969339296,-0.0038269397708617023
2019-11-07,0.0023513510647224507,0.003363380381608737,0.004150083193438896,-0.0003154231126954246,0.0027952421066523223,0.0014652219971463473,0.0025212818344930374
2019-11-08,0.0008891589553498242,0.002775994810263617,0.001474960402492155,-0.003815803973262248,0.0010413204233301956,0.001111228910114205,3.858867664156135e-05
2019-11-11,-0.004835428555030258,-0.005084064348973599,-0.010274964896224675,-0.002696724096541661,-0.004737750036601748,-0.004658263450623493,-0.004398395574447517
2019-11-12,0.0026649059431709415,0.00320780317101281,-0.0001270603763486866,0.007538410501212248,0.0025956378143785624,0.0021173991213909032,0.0024994127599392707
2019-11-13,0.0054972707125226575,0.0051981187939483114,0.006110187522576235,0.00901929006129952,0.005026333472978803,0.0026866500329455617,0.004122063089928171
2019-11-14,0.003083611818550816,0.0026045921553070756,0.00910190182936918,-0.0006874261457414654,0.002472905758747243,0.002431160521685377,0.002623357851810393
2019-11-15,0.00805608375649796,0.008591160153340965,0.01206248938574539,0.009079355130420075,0.008318442278219873,0.007851757598268061,0.007329717569148325
2019-11-18,-0.001981088633023772,-0.0017723004324018132,0.0020706430513259405,0.0021027462768735544,-0.0016589883238068565,-0.0017817726765108899,-0.00240551141579301
2019-11-19,-0.005318150083331982,-0.005133693664618674,0.0009402823018060946,-0.005341439302021259,-0.005081291993200565,-0.004725933883214725,-0.004503206452032588
2019-11-20,-0.005437257053124034,-0.007930573347973313,-0.005590179170756701,-0.004541346809224578,-0.005980436152533616,-0.005386615901072922,-0.005844885520989815
2019-11-21,-0.00712020520439553,-0.008400392377521056,-0.0014753620815526128,-0.010852081675043444,-0.00759708119517357,-0.0065705591663590066,-0.006154536661845213
2019-11-22,0.007620379624793338,0.006390594680912021,0.002688555287897229,0.007192193928604623,0.006448627632694867,0.007326112855955469,0.006403246333324758
2019-11-25,0.0058703490191051024,0.009169331688733282,0.0027386206323418844,0.0030993435029580962,0.008019988010630377,0.0075375902323752825,0.006519123496598042
2019-11-26,0.0020534288329820244,0.0002455424948751214,-0.0011224131154796216,0.0023550047963071183,0.0013954572468654683,0.0021061092575144144,0.0016843447124639324
2019-11-27,-0.006901262532868078,-0.004380488998979984,-0.007627414448340766,-0.009555046146161858,-0.005195976720988829,-0.0054451574361978755,-0.006076082131381624
2019-12-02,-0.00841273863462991,-0.009622395115073373,-0.007954841858001757,-0.009162859244989968,-0.008988205787007653,-0.008121489671255672,-0.007908119314132031
2019-12-03,-0.0021343621922963935,-0.004515592212178454,-0.0016277703821357958,-0.004878046528366431,-0.003620871304858511,-0.0021783166611590438,-0.0027201242106911078
2019-12-04,0.014117425366103576,0.014943141285575279,0.01205565138046956,0.007289967483113946,0.014188999014326104,0.013287378378126824,0.013153902047230603
2019-12-05,0.008733566146234186,0.007140778828385666,0.008147853970252888,0.006727440202677848,0.008394303252158009,0.0073088457785016325,0.007793516994646643
2019-12-06,0.0022166506275319185,0.004954302858769778,0.003697713034085927,0.0009029228264217579,0.0037952245797582065,0.003418326685586233,0.002829321770550848
2019-12-09,0.0008812398262229332,0.00021377810482221815,0.003529580546521041,-0.00299231426904234,-6.856200028987347e-05,-0.00021893606256326303,0.0006770813241065432
2019-12-10,-0.001708405800968704,0.0007935115445451071,0.0019654104424717614,-0.0003037372926490353,-0.0009970606851301897,-0.0013997915754437248,-0.0013631793130111855
2019-12-11,0.00594510325040993,0.009232529876965462,0.009758130214880811,0.004324681554687515,0.007877458869369552,0.0064127458378124,0.0056341803208098395
2019-12-12,0.003950073147076753,0.008502658923242964,0.002416289131544319,0.0013798126067762762,0.007046600933392447,0.005502026368155069,0.005141718011247451
2019-12-13,0.004523045554796236,0.003919743111022951,0.0015748188037358543,0.002291490084326088,0.003476887318545098,0.0037491576689619097,0.0039391853846475686
2019-12-16,0.007812462287728074,0.007428368171999558,0.005260963277919098,0.010147996407002466,0.007854785432501274,0.008205183222988258,0.008221898904563527
2019-12-17,0.0018401001318594707,0.002577302896512007,0.0027026698609458333,0.0032863421898960687,0.002319307615019084,0.002069232957914169,0.0013359350483768961
2019-12-18,0.0009564401111300683,0.0007828432701054988,0.00011145278923041513,0.0008564165226238041,0.0004049207194647547,0.0008368850972388098,0.0006353845073556325
2019-12-19,-0.0035205824322491674,-0.0014753318977560118,-0.004780639832596072,-0.0013024987049863948,-0.002355129251755607,-0.0025086807065920827,-0.0027135644215269053
2019-12-20,0.007180054223617972,0.00789515301872018,0.004557050154599368,0.003911590150953229,0.007487432771988017,0.006441890763265706,0.00752650942134131
2019-12-23,-0.0009379713689362443,0.0010864370493757422,-0.000860940655412222,-0.0007236590955911129,-0.00020005642415480557,-0.00045689072147301474,-3.329680809844443e-05
2019-12-30,-0.0034061655389815816,-0.0030389436154528923,-0.0028779988466417425,-0.001468095613473351,-0.003885414746722056,-0.004178827809460585,-0.003996954287182476
2020-01-03,-0.002752906740846582,-0.006050271464556688,-0.00809717031050363,-0.009556188256989666,-0.004456407040873182,-0.003928837219114058,-0.0037306775967040837
2020-01-06,0.005059022539826851,0.00022646878254233005,0.0021823672601075095,0.002916075984138497,0.0030915068353454533,0.0039967034433218696,0.004097224918068076
2020-01-07,0.003590095498116484,0.006569047535199692,0.00210250712953184,0.005769947849599007,0.0052277931107172285,0.003073232278932393,0.0030495680763311175
2020-01-08,0.0004561677536081357,-0.0003709632793131093,-0.00094546221156077,5.6122204695426003e-05,0.0006087261851707229,0.0016032149902009754,0.0011336740877588639
2020-01-09,-0.003437056932566938,-0.0010084308915078027,-0.0009476331135896271,-0.006371813778033392,-0.002292554677720479,-0.0029848951284619646,-0.002806591758981389
2020-01-10,-0.002091962590234412,-0.0029383511025135867,-0.00061480459286678,-0.004420250141770374,-0.0028706751674666825,-0.0027079137144310206,-0.0016482149245982125
2020-01-13,-0.0011631978683388341,0.0017252410663087941,-0.002646092664405131,0.0017527187778460657,0.0007304667784447522,-0.0005872928701740193,-3.495105940555521e-05
2020-01-14,0.00042223248753733443,0.0023409108924282995,0.0061457725552803155,-0.004020556802856776,0.0006280705762322647,0.0005726775459107547,0.00013467984885937034
2020-01-15,0.010399048364733217,0.008323324003283589,0.010308150225176615,0.01176031297043073,0.007249562029482418,0.008873711927325362,0.009099167319141566
2020-01-16,-0.0012455192373164168,0.001965805815148325,0.0016426039337189835,-0.0007651302026051299,0.0009273020131975451,0.0001748661319450895,-0.0008546139761097249
2020-01-17,0.00691410393104925,0.006900582445333481,0.008175872349975966,0.003559040316801404,0.006565412209945554,0.006742935988096388,0.00586925011308774
2020-01-22,-0.0011808564282752804,-0.00010366417053648408,0.005377755520581777,0.0014922496218330236,-7.117703591803803e-06,-0.0010555230335728902,-0.0013981661818744176
2020-01-23,-0.0022217898108358248,0.00024078626989849916,0.0011693493495287116,0.0001606958687274812,-0.0011637800255277914,-0.0013203015544263202,-0.0019989626755870654
2020-01-24,0.0023667243129093197,0.00045364939989950975,0.005508337752090829,-0.0021190320409455385,0.001523006397524694,0.0019600577332921434,0.0003683337695684144
2020-01-27,-0.016312223081740025,-0.020908870074438826,-0.011830040657747412,-0.015900421977690662,-0.019310448519548107,-0.018666158508832353,-0.0173355608750798
2020-01-28,-0.0029641999635319533,0.0019863998121290305,-0.003466461414760827,-0.004113080431607297,0.000537959193002896,5.0737093743841166e-05,-0.001528213274649609
2020-01-29,0.007283539837921007,0.0037199465028536355,0.004910716438283752,0.00941541951624271,0.004471204689056124,0.006620781672520684,0.005524147435188212
2020-01-30,0.0023574988449361735,0.0012461545369906735,0.00040398585398042364,-0.0009946727434385905,0.0017744401048386954,0.001883047803789853,0.0024996901653663167
2020-01-31,-0.014389965261824159,-0.020243978945018816,-0.008267032262133038,-0.009141491373153142,-0.017093379830954637,-0.016057201538267583,-0.014843650543555749
2020-02-03,0.0006994304865310308,0.003676511068896854,0.002803946661650375,0.0011785670549883664,0.002320232343691303,0.002255517097420917,0.0012288158496805979
2020-02-04,0.002131163040509738,0.007600864022322462,0.0005932054417102789,-0.0005880380963075998,0.005889501921692686,0.0055203903855329806,0.004223981705119478
2020-02-05,0.018164210569594413,0.020876088493661696,0.0131973157485588,0.013998689325213379,0.01837735901217359,0.017092412567674284,0.017456186707067126
2020-02-06,0.002635882152868767,0.003213921054914616,0.008202538490974721,0.0003525807424159602,0.0023915365975720818,0.0023063968837601714,0.0024179457180768874
2020-02-07,-0.009115785413063562,-0.011023973957823612,-0.0039218412149319495,-0.011191305157370789,-0.010835390964523746,-0.009163654152672444,-0.009462403684021604
2020-02-10,0.0001593846869486653,0.005116753580586941,0.00746989774666712,0.0004914234101585646,0.002107562246741329,0.0014269929762323885,0.000496648654412124
2020-02-11,0.006010934326780285,0.010664485632238915,0.003119088248410798,0.0023143818087073276,0.007900179315563485,0.007434822915872177,0.006140646260953411
2020-02-12,0.010124734229190547,0.009232458924258502,0.001939770109348149,0.003444546495275133,0.010622283172593366,0.010781218967176154,0.009380353567049776
2020-02-13,0.002776316420905795,0.002154713954557394,9.756464864255077e-05,0.0009888706519271123,0.0027273150606046542,0.0019188133000587332,0.0014653257960062505
2020-02-14,0.004607428638875231,0.003696323377680194,0.004527935611619113,-0.0004112358296932822,0.0034946540931561076,0.004052821819735361,0.0032094871402617714
2020-02-19,0.00266582640757421,0.005375975467641833,-0.0007722448793471698,0.00030298378062401654,0.005549608863177083,0.008100177839468106,0.0027502289096262705
2020-02-20,0.0008254923054170796,-0.0024491580257635925,-0.0032860849513505486,0.005458638147035455,-0.0012481237355034397,0.0019930202755537862,0.0005898462592269366
2020-02-21,-0.0041687881906181815,-0.008424250821357435,-0.008601930509592445,-0.0032461832287486447,-0.007318024682597249,-0.005007069082532081,-0.0034393405850406955
2020-02-24,-0.019900710663485862,-0.026619972121936744,-0.017736498684006383,-0.017564891935374277,-0.023076603782107324,-0.02233601328625462,-0.02147831767530306
2020-02-25,-0.024616633657012395,-0.026759052718260186,-0.015576348980505007,-0.026251147576918647,-0.02514028785685258,-0.02655745680762695,-0.025174642533156995
2020-02-26,-0.008841288975225412,-0.006405479353901906,-0.0034056108092444318,-0.009814023233110765,-0.006985356606095235,-0.00722446288435858,-0.00807832538505538
2020-02-27,-0.021393621742105587,-0.027301038395472974,-0.016899655731244703,-0.019632032469163882,-0.024477883696391978,-0.021666072426370794,-0.022392908195662475
2020-02-28,-0.02461963261857496,-0.017551978891516523,-0.020612094891813204,-0.024343066362203764,-0.019079254626111514,-0.023085142268344225,-0.02202045752345659
2020-03-02,0.019362572905148773,0.022076477557675625,0.011811237472809238,0.020421414568010263,0.021270875924433538,0.019836953705331853,0.020198752006535578
2020-03-03,0.00968521792071126,0.0020556209328276426,0.008532105887303798,0.005340562309748428,0.004373202136462959,0.007082445054306344,0.006440050254222812
2020-03-04,0.023702903878537667,0.02965038302879712,0.02701785561822108,0.020283090555759456,0.027148131921439708,0.02523596387356418,0.024338665136487816
2020-03-05,-0.010599433278906112,-0.015771925111727467,-0.012417218371198871,-0.011278665587838618,-0.013200179384693644,-0.012277339556884662,-0.01293323200564267
2020-03-06,-0.014784053207416024,-0.016513729940568746,-0.015112585492453777,-0.013070568169836892,-0.015343645354715184,-0.016596658438087643,-0.015421162762024439
2020-03-09,-0.048110751010979676,-0.05823963570316949,-0.03916741493643354,-0.04476627133362582,-0.052494611428705026,-0.05456680964601307,-0.051752909003752345
2020-03-10,0.000409560478217465,0.01125801049798289,0.0004042033882029339,0.0004350195338610474,0.008060365230363215,0.004264607900682782,0.005006645567146334
2020-03-11,-0.03466057536884731,-0.04036248249432537,-0.023765173540122232,-0.03222224548608705,-0.03707659561219922,-0.03865137343078714,-0.036509561616910956
2020-03-12,-0.10086467199785287,-0.10958922456468567,-0.0836596907390363,-0.09214748963706881,-0.10145348622633696,-0.1045156682327763,-0.10151837875741677
2020-03-13,0.031496883648647375,0.046886468509368465,0.02855471934476049,0.028913430996912112,0.039678804472723136,0.03738057642186356,0.03613386502284864
2020-03-16,-0.06604992228590362,-0.09340286537459928,-0.0527169491645792,-0.05909396037055259,-0.07580818635431637,-0.07270378215837944,-0.07250385447995213
2020-03-17,0.01167792264931119,0.02975384974173316,0.010524452597218056,0.010307012573535737,0.020343697253804985,0.01509669466241785,0.015646978400007464
2020-03-18,-0.059474690100872744,-0.07184969465953178,-0.053608565174406896,-0.0542130910105578,-0.062427719312568734,-0.06317218700322871,-0.060940630252133345
2020-03-19,-0.001065020424216063,0.0033319858238485545,-0.0016763142805351766,0.0003203364281907928,0.001281907954560707,0.004905056538711483,0.004328576669790224
2020-03-20,-0.01974046665484679,-0.023751933727510055,-0.0137459019658559,-0.018477719019129896,-0.01946033704608835,-0.021121022676213394,-0.02013801641989023
2020-03-23,-0.01933542768470303,-0.013512574731888972,-0.014708993434065044,-0.017530110062589303,-0.012280160505191269,-0.01678393739118634,-0.019655307963073014
2020-03-24,0.10357652638261383,0.11045003105742628,0.08707746072245617,0.0917550308321571,0.10353375768081789,0.10434281255904733,0.10099378134958507
2020-03-25,0.02006133290503303,0.01248987562835173,0.017935621672865068,0.021749491169754873,0.016613163886247395,0.021430604557635555,0.020849383867757296
2020-03-26,0.04088335498729629,0.05027550614018775,0.03137434971814497,0.032756579315641784,0.04335397764609966,0.042427773466395646,0.0428372559476195
2020-03-27,-0.015980729786783728,-0.023618988105220312,-0.00944318442894436,-0.012991172541174836,-0.020894510621641785,-0.016497125985086722,-0.018797380678718112
2020-03-30,0.028167141073921168,0.032008504267594856,0.022779912847737657,0.020098309521467225,0.029548860335967014,0.02353449247417025,0.029602756707346523
2020-03-31,-0.02082327669640825,-0.019971333861001847,-0.015575124541719484,-0.01826222039999713,-0.02068899191893675,-0.019974865822808205,-0.018269014528955768
2020-04-01,-0.04137491540828381,-0.04587662914595836,-0.03508859240758595,-0.03372228848788274,-0.042402878455200244,-0.04194980444763553,-0.04119137402212755
2020-04-02,0.0011286639591781876,0.006614700178410586,-2.5363182239050708e-05,0.0026058095403335355,0.004355943453906046,0.0019048910582136966,0.0035980964228294263
2020-04-03,-0.009906580613439122,-0.013752326451361874,-0.014997515208178172,-0.00829067033121099,-0.011171986572358045,-0.01243226798434384,-0.011026761450118938
2020-04-06,0.09571873530208226,0.10095142094251182,0.08255610802722885,0.08319058941574146,0.09618249989084586,0.09401932559989153,0.09172454541064066
2020-04-07,0.034542372146083314,0.030350033810297793,0.027027199114438787,0.030303986134511872,0.029838962079320762,0.031612853308277476,0.030985752681930177
2020-04-08,0.016925062402943634,0.01965951613163376,0.008606446090094075,0.014314961858825526,0.01895234559592511,0.017727035289885798,0.016984568307759032
2020-04-15,-0.03702880411047578,-0.03801931715456321,-0.031536329198602546,-0.03455492860964999,-0.03576902713052305,-0.03798799960727848,-0.03629142831498098
2020-04-16,-0.0005777158853662427,0.005993626365557725,0.002439692712914665,-0.003551924017919608,0.0028095373623061304,-0.0001399183072346155,-0.0009307400002565719
2020-04-17,0.03235706236850496,0.02959418075916112,0.03578132939105613,0.029291356296095028,0.029535385450679352,0.032209883012995544,0.03238980005224035
2020-04-20,-0.02098324156217648,-0.020084242397570028,-0.01807218669051549,-0.016967624140935104,-0.021009657388303425,-0.021188220252166705,-0.020242790416812116
2020-04-21,-0.021053898798549082,-0.02621343954211476,-0.018345657070297824,-0.01812608267176892,-0.024019181400647058,-0.021844133109358455,-0.021405575413191602
2020-04-22,0.017394897739164018,0.025802800389122048,0.015535705585410557,0.018420205851650433,0.022284181630182608,0.018824638032551542,0.01705912562680028
2020-04-23,0.0033525134924834842,0.0014418226552646088,0.005580745441035546,0.003530440615200893,0.0017840245416190573,0.0032114753126876797,0.0036158537133712046
2020-04-24,0.008230639388333412,0.012135479556970419,0.005245367095230033,0.007992189592864657,0.009725010544819473,0.007423716364683697,0.008465633585468063
2020-04-27,0.034167679076105344,0.032445715393269486,0.029360419452170827,0.03073539554383445,0.03144133336886351,0.034659673582129485,0.032051494217916865
2020-04-28,0.015205217328932697,0.010042386665643402,0.019075037703782383,0.013357843015682824,0.012471463664497834,0.016292187193211793,0.013623441524937191
2020-04-29,0.010758770080080566,0.019328134111623173,0.01254132150907774,0.008787036728403065,0.01528468772992158,0.015692580018533818,0.012185642777787463
2020-04-30,-0.031137969376653973,-0.03449470834498158,-0.02860822565968494,-0.021509965409148964,-0.031881064691295445,-0.030222496489195914,-0.028912680026389463
2020-05-05,0.007081561440157908,0.00868176071690116,0.005630732927393453,0.006981307797073483,0.007826297205319271,0.006908285136532161,0.007944448488870909
2020-05-06,-0.016422061674509807,-0.011476905236270284,-0.013140298685031325,-0.01351854969241744,-0.012903991870114477,-0.014343115121686033,-0.016139259642551827
2020-05-07,0.009702466330767275,0.009303000358229452,0.011200162735412023,0.005351749064339467,0.009625568214141261,0.008987642496093906,0.009375693678422725
2020-05-12,-0.008447626933220827,-0.011444686984514021,-0.007563063805456738,-0.009791562786254454,-0.010829332141642223,-0.00994578472367609,-0.009724286468951321
2020-05-13,-0.01519926082667641,-0.01725804438962586,-0.011912783361276574,-0.011083763096090216,-0.015518077854408494,-0.015906761826337143,-0.01490727917052602
2020-05-14,0.01183616631994084,0.015455085009596567,0.008472730429524108,0.012115230988736389,0.013859709103943699,0.010593966109032724,0.010781573136244879
2020-05-15,-0.005655237116425246,-0.009368698408519567,-0.0021053932479228807,-0.00747605507381436,-0.007797283260807385,-0.00510622143170817,-0.004995366213171461
2020-05-18,0.03317737473464143,0.03828498228439073,0.0351837171525691,0.032622492208754184,0.03441322064106589,0.03685585285203352,0.03437286730275749
2020-05-19,-0.008661208172274313,-0.008762481091330841,-0.004045969162214703,-0.00557738066448208,-0.00804440662086988,-0.00864483037450884,-0.008436264346487345
2020-05-20,0.010540336790200309,0.015167260201017066,0.011948400058371514,0.009600630881397246,0.013751930646983365,0.011473735208220412,0.010972788180981283
2020-05-27,0.01204521474706713,0.01445362691747884,0.011822095175238245,0.011875226679901152,0.01242562668000638,0.011908998371762625,0.01432145029298662
2020-05-28,0.0005629326382619998,-0.0046459550006057865,0.0028244791511028433,0.0017836715497236977,-0.0021794669799704014,0.0006113781706932053,0.0009407367645790921
2020-05-29,-0.01577321209193752,-0.009722504451777754,-0.009917290063843516,-0.013510027676595433,-0.01129721560584055,-0.012638226499395895,-0.014035473576586958
2020-06-03,0.024922648839602553,0.026962743240550605,0.01984197731071291,0.021790265787735935,0.025254615761474822,0.025030035008165655,0.02403724002049966
2020-06-04,0.008211958680596107,0.008802717504995387,0.005314639203975284,0.0038120316614901964,0.00856633191433636,0.007185463845521593,0.006921751734189845
2020-06-09,-0.01650196036705403,-0.014857157719805045,-0.01844102333892847,-0.020583239122308333,-0.014209306147908093,-0.01761775082624402,-0.015982178508410452
2020-06-10,-0.008334620700506381,-0.006324661520732709,-0.010479021487121438,-0.007089999882397134,-0.0066535206438448,-0.0077365294195320886,-0.008578177691771806
2020-06-11,-0.03908115681814716,-0.04618611177892947,-0.03345697148421407,-0.035679745765536126,-0.04186889786857686,-0.042412073515955766,-0.041708806502565705
2020-06-12,-0.01129990981390781,-0.006587412115125757,-0.0070489151450884024,-0.00649433719635456,-0.008123900150092317,-0.007146723769359986,-0.007081318281168342
2020-06-15,0.001380586617892389,0.004727359613366067,0.005091001960643354,0.00015702700708515593,0.002827039762880873,0.002210817875559601,0.0010001146333944028
2020-06-16,0.01614162343848851,0.0166182670449343,0.013133760626779567,0.01592170187532896,0.0160774447617284,0.017131511880400935,0.016393997819002026
2020-06-17,-0.003734498175556004,-0.0011179100809812145,0.0009322258209951209,-0.003973440088302173,-0.0019437525795119245,-0.004781317308610485,-0.003635881957203789
2020-06-18,-0.0025296317284100546,-0.004152773589627852,-0.0022806692241199786,-0.0019035539120398279,-0.0023864555070268953,-0.0010700003735901117,-0.002603217906054646
2020-06-19,-0.008891011213635978,-0.009230887905131123,-0.007088164205698667,-0.005746879861180727,-0.008365459822253583,-0.008074253792872153,-0.008252970984039494
2020-06-22,0.0034639839538602242,0.0058026613453451,0.010136186664301383,0.00228864960627459,0.004174979761779218,0.003803309984552694,0.0038779683428545875
2020-06-23,0.012372840282772269,0.010779596421784457,0.00976508555796625,0.01344579670339574,0.01123697618739769,0.010939085189591524,0.011831639518703807
2020-06-24,-0.0152257247094543,-0.017059030823687912,-0.014609212961450624,-0.01590499386714528,-0.01594255081054427,-0.016728300833904253,-0.016273981012589908
2020-06-25,-0.006071622243585325,-0.0026222631377380012,-0.005745786637530059,-0.004599930478760034,-0.004459661817243332,-0.004531490137631933,-0.004833184879613428
2020-06-26,-0.011123273580505728,-0.0129552761775003,-0.006789050497422254,-0.007769181067181545,-0.012075199297624302,-0.012389969348735354,-0.01220420524086551
2020-06-29,0.020968113524009527,0.02028219194875422,0.013103861090717553,0.020303950686778788,0.019616818376819445,0.02134521540701728,0.019745408586022417
2020-06-30,-0.0003671242474472812,0.004802550463430207,0.0006771923250749393,0.0051039107919820595,0.002720590682242098,0.0012925709956775125,0.0007054226815795886
2020-07-01,-0.0009926543687483387,-0.0039031402902249684,-0.004076395592673462,-0.002011580108083416,-0.002300193262259942,-0.001596925863049714,-0.000910144226153875
2020-07-02,0.00933020315395188,0.010596103725458356,0.005687936930951862,0.004681332850740821,0.010075549406575873,0.009743591211713976,0.00912019478170073
2020-07-07,-0.010149364973878862,-0.008780753183316226,-0.005694342173646533,-0.007543089306967954,-0.010435359571244918,-0.010607605713252019,-0.010870004340563927
2020-07-08,0.007651650291040613,0.010970540398130751,0.0034270031422044545,0.0074041224933878436,0.008486301237824123,0.008760586073109505,0.00632391718957534
2020-07-09,-0.016038228572291154,-0.009992411042005434,-0.017565655021197626,-0.016809915268426956,-0.01186380890541705,-0.01564563332681025,-0.015688552037894876
2020-07-10,0.014169706798781836,0.011088281241811854,0.015889805117116226,0.01435554952929173,0.011908156375290219,0.013718521715161872,0.013929033008511713
2020-07-13,0.008346407364794401,0.006230685311898854,0.006484828854612809,0.004078957400622071,0.005505873777372619,0.005974744150915673,0.008504436729004167
2020-07-14,0.0012603110750480453,0.00502818115791806,0.003862963776447792,0.0036925117301436494,0.0032037050514098497,0.0037880599774630652,0.003133783992029626
2020-07-15,0.016764155734538405,0.013595452104736866,0.014890760844328443,0.022370255905195424,0.014099458429292056,0.01758224310322737,0.0167479510431828
2020-07-16,0.0013966154194893065,0.0014014553707620697,-0.0044076294914149605,0.002743416676490404,0.0011280439704775685,0.00036569183841586583,0.000586607279900217
2020-07-17,0.0010881056912149401,0.003709546447680602,-0.000717275491103668,0.0025162044717789225,0.0015321367235011166,0.002590317833587409,0.002169564350702348
2020-07-20,-0.0030395658507387227,0.0008233087488233037,-0.0026282895703034215,-0.003557055757713923,-0.00016289830851146103,-0.0011064359046254746,-0.002718926416768283
2020-07-21,0.010751403006484488,0.007797365173961637,0.011471654881918092,0.004788749413907389,0.008780208622952396,0.008861084540555078,0.009743665996714085
2020-07-22,0.007988422208588941,0.007117395677315327,0.014340750300521551,0.005290008822563863,0.007904752775088467,0.008171883497905222,0.007285702983362799
2020-07-23,0.006990144587075555,0.0021641990904463088,0.014751053321584981,0.002961430503534798,0.0040556771645520046,0.00582366020465265,0.006077016606010011
2020-07-24,-0.012114129890069705,-0.012955055501321797,-0.011453856361892736,-0.014644618838441328,-0.011856978542882285,-0.012905389515171076,-0.011032856188924745
2020-07-27,0.004749135426778136,0.011234536941347024,0.00512323916061861,0.008474137341279171,0.00919592199611486,0.0067178477269034045,0.005162766486091215
2020-07-28,0.008745562820742014,0.002771640336292222,0.010586917403468288,0.008451247851481686,0.004404731522213101,0.005141483434248473,0.006986225767566218
2020-07-29,0.00021171951936447907,0.004707828744259804,-0.005093858269422172,0.001341930842646874,0.003333844502172431,0.00236328985879318,0.0017413384625028921
2020-07-30,-0.012902507918877957,-0.008246318922006682,-0.014866056975253922,-0.011751191514034573,-0.010112503279207027,-0.012632899733272224,-0.011776082442146299
2020-07-31,-0.006769934891681699,-0.007539899728191718,0.0003093243572321186,-0.006220941989516893,-0.00666379157080782,-0.007811836282361775,-0.00623619190358618
2020-08-03,0.0046777511614384815,0.00966400766903177,0.004033480139129346,0.006615551075618113,0.006319013773599162,0.006376300617702717,0.005620307958099584
2020-08-04,0.002707955581622346,0.003671063868716372,-0.003716668318346404,0.0024612068946331875,0.0041870644791034625,0.004231046473925991,0.0037235175514070615
2020-08-05,0.013342131631278198,0.011036279768034611,0.012889901715617304,0.013086755271761265,0.011783580879001922,0.014613315225988917,0.013033072511163903
2020-08-06,-0.0018501948137754952,-0.0016639892889301205,-0.0007078103916197953,-0.0020616629610316767,-0.0018371842282956657,-0.002026207492635934,-0.002205780958173198
2020-08-07,0.009146286006324167,0.006241304796026553,0.011823075496802796,0.006577076330518836,0.006567040845528949,0.008881566317533798,0.00792692847729394
2020-08-10,0.006485589214769493,0.007497633515420737,0.008003404179566576,0.001980167163054769,0.005763367483817172,0.0065878733867252015,0.006835809681835114
2020-08-11,-0.014596277410437937,-0.015512109655759963,-0.012798989317699593,-0.018100693979114797,-0.014540181225571013,-0.013275273128756045,-0.011828919229182826
2020-08-12,0.004468867879818276,0.010417018914866516,0.008510818215603455,0.0027582654619251745,0.007841734995205463,0.007125781532705877,0.005426207509912073
2020-08-13,0.005898180489611786,0.005299165698205377,0.004779241057828343,0.005273586693211152,0.003972490081232294,0.005732667374867245,0.005105434759263172
2020-08-14,0.0006897154174303079,-0.000476589599473852,-0.005500349077073481,-0.002708743913304147,0.00047180906635519576,-0.0003189534621479348,0.0006404995224229479
2020-08-17,0.007704645801857138,0.008331027839107615,0.002638801352011007,0.006473232334120012,0.008565160859857514,0.008026746385029988,0.007166922295854285
2020-08-18,-0.013320085122469443,-0.01287950984167522,-0.013418000380071148,-0.011547312044478307,-0.012427427157548278,-0.012007321738269898,-0.011286461029778143
2020-08-19,-0.010837270276341982,-0.010460024769894195,-0.0040626624255954355,-0.01474242369334882,-0.010245250562291676,-0.010091031788151773,-0.010493332006383936
2020-08-20,-0.006463479014583702,-0.006368465837566069,-0.005934333204540419,-0.008280239442210867,-0.0066567236161331825,-0.006405013252813084,-0.0062669327915642545
2020-08-21,-0.001014518766068403,0.00039909893449684847,-0.005634087235281242,-3.89073404121823e-05,1.8431495960168076e-05,-0.0013440350900809708,-0.0009249394121496821
2020-08-24,0.016953703716303177,0.021114969305272804,0.013922526386927356,0.016035407417647737,0.015946160890736208,0.016347931161552406,0.01647334868741253
2020-08-25,0.0015825116630460078,0.002775096019194047,0.0023165664365983954,-0.0012678422194804181,0.0027983301459903534,0.0018569353894406018,0.001458226848602924
2020-08-26,-0.0010857077290684636,0.00215835111680715,-0.00197735994549314,-0.0007494252708118987,-0.00025466351098510365,-0.0006167624520656556,-0.00025187005733942613
2020-08-27,0.0031084755034846657,0.004075872883591514,0.0012180101589804038,0.005327875211165983,0.0009662684278889111,0.002407109740696786,0.0021352779370324704
2020-08-28,0.011145608857198095,0.012336686819084855,0.004901093918787305,0.011786035753165183,0.01174066961330443,0.010947919097155132,0.01022965338642677
2020-08-31,-0.005374790487965867,-0.000986896229943357,-0.010194016024917707,-0.004723945532635596,-0.0048950979676328915,-0.0040234765550362095,-0.005544065829795927
2020-09-01,0.008682453229944122,0.010500434314429062,0.007350987387195161,0.006582775664758282,0.010049099686597888,0.007384750648718706,0.009180359307006523
2020-09-02,0.015004460077788216,0.024672120923937016,0.020209558184509577,0.01149129931319988,0.01644248371635186,0.014676197321298975,0.014219641015539589
2020-09-03,-0.004281975338369667,-0.016430758378425225,0.0019706908622160735,-0.0032270555188731176,-0.010386614920015844,-0.009172395356230267,-0.0066662836572169565
2020-09-04,-0.0011914857141601355,-0.0027806523964947066,0.004214554786684338,-0.0005181840770189516,-0.0027614731199880893,-0.0014419713298908649,-0.0010609787412973748
2020-09-09,0.00905452584315485,0.012082455646940882,0.013816910326535287,0.010098196673086313,0.011501564863772573,0.01010055544894331,0.010324743056663227
2020-09-10,0.0006310961360096057,-0.004231608991322251,0.0006258031356290925,0.0008481539090638909,-0.001020505673791354,-0.001144060382905869,-0.0002395019252652772
2020-09-11,0.002714530013399734,0.004792182690677119,-0.0003134598783500614,0.004388452634065634,0.0021348146177674887,0.002006739463207438,0.00324609700943497
2020-09-14,0.020756268000279122,0.021595717608569917,0.024440182366699967,0.020608471960142163,0.02097697287030857,0.02200123076251552,0.019008207020841758
2020-09-15,0.003191124167995908,0.004308657220253101,-0.0003075708715704062,0.0010078232031382195,0.005420329371387769,0.003569137406362874,0.0033771122808604753
2020-09-16,0.004800306224961233,0.006103427448276848,0.005783869002548063,-0.0006650378898710799,0.0026645492277859797,0.003982465746287807,0.003781860085496795
2020-09-17,-0.008866226828276598,-0.006917105914650015,-0.002815449419701091,-0.0044524491580323206,-0.008042641961998193,-0.009265162285936532,-0.007246868219200939
2020-09-18,-0.00892282365449162,-0.011467538380056035,-0.008419733675085979,-0.007080234380686966,-0.00969509564721096,-0.007546482116740132,-0.008389194176335123
2020-09-21,-0.021527155175343538,-0.020432029159384843,-0.022213943777146195,-0.023348761729663436,-0.018776841918637155,-0.022021354976659302,-0.02199597450160687
2020-09-22,0.0013533357266126854,0.003526031955907963,-0.0024681914936540567,-0.0009915789884949316,0.002208824654942057,0.0011841687607861001,0.0018962032879754759
2020-09-23,-0.011823434795858876,-0.01597685936055091,-0.01224286712110851,-0.0089920965174548,-0.013202980187536968,-0.0120722130684277,-0.012730377122615578
2020-09-24,-0.0016196070851600285,0.0011447545746810991,0.0007354702745763983,-0.002133847352730943,-0.0003243121883617986,-0.0005617946168197732,-0.001056270085557344
2020-09-25,0.0016393040167926548,0.004935152745601704,-0.003184272440451441,0.00016875435288095375,0.0028838805874461387,0.0027429599086076367,0.002589706420358953
2020-09-28,0.009225191483364899,0.012920301340255805,0.007061202949699516,0.011372188870503494,0.01124798983835186,0.011607631641514446,0.009460726013373541
2020-09-29,-0.006499045381945052,-0.00761361245094417,-0.0007006350243103851,-0.008280373908149515,-0.005023967216269402,-0.004827076489800096,-0.006280566838901359
2020-09-30,0.0004976920109487993,-0.00010045005399798856,0.003746816464388958,-0.0016353583296944973,0.0002491841007949275,0.0006538783830100092,0.0012932940141485716
2020-10-01,0.011428830693019015,0.012760276275947766,0.011665977620601106,0.010245271566095629,0.01308576798577367,0.011585751600015362,0.008833383551662272
2020-10-02,0.005840361181754524,-0.000811941122840415,0.007045375077030611,0.0057629535253628655,0.0013638094761849046,0.005423469695856956,0.004736401752834213
2020-10-05,0.011792757076104403,0.018094562970144917,0.008320978172134008,0.01168186969572313,0.014577993478356144,0.013774065658819695,0.013075202503548572
2020-10-06,-0.01127716306868549,-0.009398800147912278,-0.00438660884453379,-0.007858516181385194,-0.010963595397820006,-0.011235298891430726,-0.010913324521347814
2020-10-07,0.010203604815828856,0.012342242895768865,0.013756523749247837,0.009852388964531875,0.011604516567622389,0.012654342902530383,0.010130784491641606
2020-10-08,0.01874435635854497,0.01837888578951745,0.01823374774946447,0.017551817953439644,0.017932087316671466,0.01697951197251453,0.01803229840324551
2020-10-09,0.007778957834038281,0.009029526084992252,0.011139132268659625,0.006591776749082463,0.008952367837222676,0.00779057185754712,0.007891975584514717
2020-10-12,0.0054972878333029674,0.008222374557750468,0.007088561810629786,0.0050641440647075445,0.007013455310136231,0.005731123262542805,0.005688905426330694
2020-10-13,-0.01189102383034683,-0.01056974061249153,-0.010041306637963342,-0.010076329971897967,-0.010779763345430952,-0.01126409709099161,-0.01154441286208515
2020-10-14,-0.004497584020957631,-0.004392068950924866,-0.0035711330829185928,-0.0033138868453482517,-0.004595474352348056,-0.0032909315193276334,-0.004097139554678816
2020-10-15,-0.0015867800107285555,-0.0015903208044641126,-0.001466829940744832,0.0005961375962934418,-0.001872844157881401,-0.001699853642277871,-0.0015323997282335189
2020-10-16,-0.0021606922537373997,-0.0020191123614702877,-0.003589208954565909,-0.00035219223840830816,-0.0026700278388008536,-0.0011560636270462193,-0.0017645048394317048
2020-10-19,-0.0027753566284399412,-0.003236590339207257,-0.0015328118433048238,-0.0021605291531050924,-0.003045171741336075,-0.0033047086245141383,-0.0034903326310904703
2020-10-20,-0.0004707404294735139,-0.0017867090147633963,0.00249860493348833,-0.0024161294941216077,-0.00031083764914302536,0.0004705598800176791,-0.0002666762275343737
2020-10-21,-0.0012059969398705015,-0.00123796474071209,-0.0008393843543008997,-0.0010544388449843858,-0.0018562751827125648,-0.0032094358385652486,-0.0009646049037365725
2020-10-22,0.009991961031844108,0.008186921459307522,0.006330954374376738,0.008810320362622734,0.00869553577674087,0.00972747431082173,0.009032869834570814
2020-10-23,-0.0010301281232260198,-0.0016466341255069739,-0.00473417472906254,-0.000486812983370305,-0.0011995523002760744,-0.00036683743689436277,-0.0006121289746953418
2020-10-26,-0.014302699803425505,-0.017116926999746325,-0.011326129458629548,-0.006822037979724201,-0.015191479239138377,-0.015579807163690597,-0.01446263384566824
2020-10-27,-0.006451370081216489,-0.005230645218867909,-0.0057316590684027766,-0.006430644073269744,-0.006075377713063747,-0.007469887608245927,-0.006267855622913203
2020-10-28,-0.02280668222599603,-0.025557599937093965,-0.02346350504578496,-0.019482333440519202,-0.023989226666314527,-0.02310615872338776,-0.02288337427824983
2020-10-29,0.0129082780109032,0.015885196551863184,0.006863692004457175,0.014102687562551869,0.014382852785649658,0.01303794121125107,0.012972732499265532
2020-10-30,-0.01686048242750355,-0.016929655018501244,-0.017079672156350784,-0.014626508046382172,-0.016853359174096708,-0.016143742762475183,-0.016259845330576075
2020-11-02,0.016415734960297943,0.014469085558994718,0.02079138444096297,0.02053308010284012,0.015335478477049427,0.018075274920637138,0.017094257371746205
2020-11-03,0.019214505877521236,0.019930965229384784,0.017888596713936528,0.016855628923370697,0.019414650331041672,0.018785666240487053,0.017199688131068758
2020-11-04,0.0003731481333883067,0.004502912485430277,0.0029557838512524748,0.0016391723171527428,0.004910339770268224,-0.001410360836700389,0.0015206747553270505
2020-11-05,0.021541310293452028,0.027635165060029235,0.015561944523281843,0.017578233860411838,0.023813013958486326,0.02430322267571146,0.022015034232887767
2020-11-06,-0.011826944963293094,-0.007498427021559617,-0.00762170355222111,-0.011235855633107875,-0.008409044489015666,-0.009785975559402194,-0.010117859882122021
2020-11-09,0.035444541652225915,0.029940519335916668,0.03145184820350973,0.03172209930399729,0.029649772655077206,0.03374190678695267,0.03246663305673329
2020-11-10,-0.0011600403060547505,-0.006457452641463551,-0.0013626358893500529,0.0010664054438007248,-0.004883399303548988,-0.0014039835096987113,7.071437487506105e-05
2020-11-11,-0.0070631028447941425,0.0007444548407190901,-0.0016559956087819003,-0.005025915260958157,-0.0017845111041750392,-0.005062917158272971,-0.005138544606442828
2020-11-12,-0.0069109024208747595,-0.006680531413060492,-0.0014330733774152449,-0.002770185889761717,-0.007396397524059184,-0.007453291375760562,-0.007596650616688211
2020-11-13,0.019044125545175934,0.017499018985944498,0.016638042514331194,0.017080306443194027,0.01850610831389199,0.01833479702188945,0.018616205940276187
2020-11-16,0.019005368917260772,0.021432133488756916,0.020094410187295547,0.01629820199467913,0.0201465137954423,0.01871741092393775,0.018981393268835106
2020-11-17,0.004003064446938083,0.0015936561928419496,0.005743932399219581,0.010627781471124337,0.0020650476242642796,0.003709722581602709,0.003317339790393045
2020-11-18,-0.007336306521841378,-0.00787113196606011,-0.006479358529441398,-0.004564948495001331,-0.007039889450094067,-0.006091912711236602,-0.007516044121475579
2020-11-19,-0.0026586251082479917,-0.00017641288191917737,-0.004735642351330505,-0.0038086043135764636,-0.000694555663477911,-0.0013812780893292104,-0.0017815625206464153
2020-11-20,-0.0006294533944663823,-0.0011063112720847632,-0.00504257665496987,-0.0020758925263089714,-0.0011851051700417711,-0.0004314296265841913,-8.415613426966673e-06
2020-11-23,0.0031393265018005503,0.006901612627656151,0.00649739736719368,0.0007069321307458659,0.00467210923015518,0.00468916688090662,0.004113863317332073
2020-11-24,0.00960877580922738,0.011245492716454045,0.01029854016665531,0.01084523201763428,0.008801646954390938,0.01099120457781834,0.010360818595066948
2020-11-25,-0.005722451834493935,-0.003872282269784491,-0.005601403359622614,-0.005587778722375064,-0.005013286929191424,-0.005105771866477107,-0.005681048754108853
2020-11-30,-0.01701148240206203,-0.013367644789743484,-0.016160856934562685,-0.012980273970712143,-0.013558878014689475,-0.01663300166686369,-0.01656221704296059
2020-12-01,0.01635920833560594,0.01908296257765542,0.012286310888679472,0.012664396171732234,0.01658529015082756,0.01530836207880841,0.015914301349692364
2020-12-02,0.008054473468956031,0.007148386932056924,0.003321025778191447,0.0044719873309220365,0.00754790529123138,0.006225851941456445,0.006191939562450177
2020-12-03,0.010647374436030872,0.009796151919362686,0.008388551732013402,0.009658053299567662,0.009269557480396526,0.0089855040670134,0.009316452631527014
2020-12-04,0.00804041553599167,0.013443571860212312,0.0077739432582337245,0.008666714489339152,0.010682672120695354,0.00864454680126265,0.008510061824608763
2020-12-07,0.01172396710429302,0.00969640558305404,0.011304078188603489,0.011342979267639608,0.010970696659785617,0.010323958738772787,0.009603394688283473
2020-12-08,-0.0008870890536666343,-0.00043515576349324736,-0.003760217403703983,-0.0023611383891899845,-0.0006119241573216833,0.00028783200194983094,-0.0006609297713197765
2020-12-09,0.0023532527453754633,-0.004425699496891221,6.74104248903698e-05,0.0037935827580066403,-0.0018108982418202565,0.0012638026218131301,0.002059096152203531
2020-12-10,-0.0038856161394574895,-0.0034484979922234163,-0.0034744478188045644,-0.004398581586700458,-0.0033064918143611496,-0.003007910478986124,-0.0036466451966391603
2020-12-11,-0.0007826511502866714,-0.00187617701111005,0.004656758216776219,-0.0016410232865530783,-0.0016999916504538276,-0.0004894175241895171,-0.000635387426189904
2020-12-14,-0.0033444865825534614,0.00039412926996310743,-0.004825752242580368,-0.004592534976445732,-0.0016500258957156885,-0.0025361655736662533,-0.002909930924310293
2020-12-15,0.01419677070948022,0.015476148307664875,0.01672426729499392,0.015042946847990499,0.014384404918168323,0.014756159601076,0.014332827412402924
2020-12-16,0.003589254869129984,0.0013659055395095696,0.007268831213120046,0.005045284324337672,0.0030889977824745604,0.002790577215952335,0.0032379511685336412
2020-12-17,0.009538049994595493,0.00744649741897499,0.010669148603843603,0.010173915641027542,0.008317122177040712,0.009143583252391174,0.009431893330450442
2020-12-18,-0.0022856147335553025,-0.003187011149550646,-0.003738567627839952,0.0007909561521183758,-0.0024301395889276614,-0.0019206475722366792,-0.0018713456116012453
2020-12-21,-0.011138803147811736,-0.011373065479723214,-0.003505214237950381,-0.003956056050210842,-0.010377062483691475,-0.010063313104536627,-0.010418514854114581
2020-12-22,-0.007010742033417289,-0.005745263335091108,-0.0002786940302550861,-0.00909094763294914,-0.006355788840141027,-0.005483154007518989,-0.0065587218921499685
2020-12-23,0.005851620837871955,0.00342607263406583,0.008967860866474608,0.0038240656481698665,0.004186424560061519,0.006605657397889347,0.0057915931815584465
2020-12-29,-0.0031408605107536365,-0.0033333528454009,-0.003175420591238709,-0.0032379519229926434,-0.0030630339818553537,-0.0035266779390322744,-0.002796909935763439
2020-12-30,0.007998829141748527,0.01150400790366625,0.007925846264286898,0.0051494384188232045,0.009307306573393195,0.00858122215536243,0.007908049632956174
2021-01-05,-0.0016796663706142698,0.0025732157407211617,-0.003747651700429726,0.00015748982944670947,0.0007177588045938696,0.0005766684589946433,0.0007945483932229533
2021-01-06,0.010902354259854894,0.009417995339046359,0.007889908901128381,0.01099835313998744,0.00915785805430154,0.014740906387078354,0.012930736296157777
2021-01-07,0.003976232955165582,0.011183494203539535,0.004992184082282247,0.002667840623355483,0.008636629366816667,0.006290814047583526,0.005199100344182417
2021-01-08,-0.0055632330864224646,-0.0036702732157000983,-0.008078938726086171,0.0005384286851219389,-0.005316628718012847,-0.004982413841241845,-0.005079901379054272
2021-01-11,-6.433272205925414e-05,0.002598777843370245,-0.0058669449463578105,0.000801584884711562,0.001815938578261997,-0.0010740509416427568,-0.00048115680703512964
2021-01-12,0.009232118510838421,0.008638948099183315,0.002792381197163553,0.003767511809226985,0.008660898438543986,0.009046419941889573,0.009143890414614365
2021-01-13,-0.001300356755103696,-0.0002268715540333921,-0.004180462948604691,-0.003933044434139291,-0.0018136982471490815,-0.002213381361045638,-0.001515230422205957
2021-01-14,0.0014909427563597475,0.005639983386044642,0.007313659848107237,-0.00303991898595761,0.004413393727111317,0.001883150883465426,0.0019405479337174097
2021-01-15,-0.005368732172619271,-0.008377161465350114,-0.005358036841950381,-0.005127513310189083,-0.0071306037594858485,-0.008455834265596401,-0.005948098873028468
2021-01-20,0.012737044189495348,0.010911056467345026,0.009543980731423415,0.016407791429865273,0.010624982902908253,0.012158292219378655,0.012326156932725721
2021-01-21,0.004486745803436332,0.0068679644723324,0.00811513017200638,0.005917158009389689,0.00585924158683182,0.004814640787809549,0.0038058597449876636
2021-01-22,-0.0074838220480052476,-0.009286359359574843,0.0011629365148744311,-0.004770242951387886,-0.008900219429182295,-0.006721969580563446,-0.007374231660245638
2021-01-25,0.001468794255716301,0.0024445871658071716,-0.0011885011728037659,-0.0006142618977052761,0.0017780770026894488,-0.00022135848296721272,0.0003177179879415293
2021-01-26,-0.013885191133160548,-0.014240951572689418,-0.013239315604856104,-0.014614265825811164,-0.014309695770944687,-0.01352782419123074,-0.013490189698462378
2021-01-27,-0.031468963420056284,-0.037458227604762674,-0.02977227696721376,-0.027874790095571804,-0.033640736347764134,-0.03150881819677267,-0.031262093568613
2021-01-28,0.014237423109414638,0.01633373936474869,0.018523529377013237,0.0128888935017272,0.015072862224506461,0.014157518796666352,0.014997435709935641
2021-01-29,-0.016325882752367966,-0.01719934941619107,-0.014617938532160896,-0.018794818844767955,-0.016565073680508635,-0.016581476284128524,-0.01668093197850319
2021-02-01,0.004463228115182373,0.01050613794282207,0.003242084894217956,0.0032442413372744255,0.008803612365301444,0.006998761896646749,0.005919656692237152
2021-02-02,0.008719182887557669,0.010069171844599725,0.006353380100436665,0.007927664364741197,0.009338493697190683,0.009626753962652376,0.009315122161242292
2021-02-03,0.007673282744516649,0.0021405134072347842,0.006900936238384628,0.0063033435453213466,0.00436295252673162,0.007201963636393985,0.00720696692497326
2021-02-04,0.006828493355304777,0.007286555625667282,0.003802232059240948,0.004345769029314925,0.007421207281159317,0.0054448242028321825,0.0075550747184875006
2021-02-05,0.00871664340637444,0.0057955705615044956,0.007126160450037097,0.006218279339044383,0.0067196320380561725,0.00818899140444379,0.00909659067152857
2021-02-08,0.0025055071938544977,0.009542631047143688,-0.0004266177268787419,0.0018792526124302295,0.006369433066540656,0.003708636006649571,0.0038094556382133465
2021-02-09,-0.0009520550018679414,-0.001968684903274294,-0.003969575961857437,-0.0003088583070826531,-0.0012033127859220547,-0.0010803243928142123,-0.0005078221270886293
2021-02-10,0.003535059088295497,0.003607786789967593,0.0008390259611521372,0.0045450798082814214,0.003412952819555004,0.0026413888163419053,0.0027687946824457715
2021-02-11,0.01069640361597977,0.01585136190401583,0.009788835204631766,0.01257145385755866,0.013989562627992683,0.010661103023047278,0.009861964748234794
2021-02-12,0.001683250764071569,0.003861576403555299,-0.0019864204890020706,0.001213520387924126,0.0027577180440627944,0.002761224274064965,0.0026506917152077578
2021-02-17,-0.014391844942576393,-0.016638598186422562,-0.013674199272615234,-0.011092918008180408,-0.01501359542066752,-0.013110376242725874,-0.012984767729158159
2021-02-18,-0.006903794819715107,-0.006855212929253139,-0.008911512400797648,-0.006882434443478157,-0.007369668725083538,-0.007902834062891502,-0.007074596934812084
2021-02-19,0.00706640341645207,0.01113353179037524,0.0033541410234165375,0.008249556904963123,0.008884419003624439,0.007941401274376175,0.008135755267902889
2021-02-22,0.0024397547869802515,-0.005601011647739101,-5.5591428656243114e-05,0.004903700458966417,-0.0024346586195151676,0.0007187580609364641,0.00284311992963511
2021-02-23,-0.006060327890718793,-0.005745859078711134,-0.003989533299135463,-0.001706999903473956,-0.006503823465722612,-0.006413515780882943,-0.0056333833395620855
2021-02-24,0.01039274595178882,0.014568609352447928,0.01463956382466812,0.014329184887114502,0.013113581342687877,0.012160823297796483,0.010477256301525809
2021-02-25,-0.011331631556109936,-0.02117873543817727,-0.007211189229007993,-0.012212625585860941,-0.016884601011429072,-0.013153540869869952,-0.012637838950789647
2021-02-26,-0.015287925994892084,-0.008761035152878488,-0.011795115205009282,-0.014014427389558007,-0.0107983798520708,-0.012933674608848145,-0.014834149633166996
2021-03-01,0.013024828771852433,0.015819085865797472,0.0071220683624047265,0.011978094628581293,0.015157885732313303,0.01462112955766276,0.014478233747161617
2021-03-02,0.0020713645027505673,-0.003608839139485606,0.003638249612184105,0.0014797790789312787,-0.0020302281746929773,0.0005063177019105219,0.0010641884691552084
2021-03-03,-0.006433273302632531,-0.010295718184363062,-0.0026182259113794737,-0.007722913692196881,-0.009567668601223045,-0.007036082403283919,-0.00753994445196858
2021-03-04,-0.022748266531454054,-0.03131254828174922,-0.01847484242830756,-0.024084820305592627,-0.02597259190406992,-0.02385085098565079,-0.02231564073343628
2021-03-05,0.009242636532321824,0.014345016326553092,0.011345665060349078,0.00796533120466271,0.012096455704778589,0.00955664184425388,0.010755475756639613
2021-03-08,0.011259178188005672,0.0004676149958814241,0.009573733216921135,0.007600608375747844,0.0029841360613394735,0.009986551205173153,0.010600298665848759
2021-03-09,0.00933016839671372,0.019383557488375953,0.0083097755617157,0.008092439163151756,0.015569541846658798,0.009823976604451064,0.009214310758566165
2021-03-10,0.006047696438498133,0.002221278435544205,-5.504428668227923e-05,0.0035230129340288047,0.0027538752824467078,0.007003842049534595,0.007114661224719751
2021-03-11,0.0013284490983392348,0.007826387937400973,-0.00507503627561131,-0.0011473493749353456,0.006415743389370114,0.0033755467220649357,0.002374461483661182
2021-03-12,0.0024579465981202633,-4.229313406331481e-05,0.00010234959745313021,0.002291185962980835,0.0005896068308474667,0.002207942470757618,0.002249563379482511
2021-03-15,0.010807416000161552,0.013828761651760155,0.008432502591133581,0.009599558780317916,0.01215257010257649,0.010514739190682201,0.010147950717791468
2021-03-16,0.0007667321843905975,0.006471131921214658,-0.0009188238527881934,0.002185770222065654,0.002038174942859773,-0.0012576323123711167,-0.0004658559580627483
2021-03-17,-0.006430590094225617,-0.0029412936265600167,-0.006732268997884448,1.7129542468345693e-05,-0.004452512916101721,-0.004935456952829022,-0.004437109122904716
2021-03-18,-0.002098688947267327,-0.010138254643711736,-0.0022887995326016375,-0.0014212085796563023,-0.006842801444185462,-0.004428894323014451,-0.003014794505310281
2021-03-19,0.002417034331813014,0.005792050499085752,0.0013970605993252477,0.003011303862035339,0.003537768446334258,0.002407450195691427,0.0017466754857906053
2021-03-22,-0.000493584749825566,0.002550261958260462,-0.0007528946811906148,-0.003079417627765625,0.0025476112794759406,7.883964356155543e-05,-0.0009858812591910862
2021-03-23,-0.02188816740854094,-0.0237550447324787,-0.013653411475739265,-0.02268867195057469,-0.022281716916706072,-0.021826267054250052,-0.0217060596978322
2021-03-24,0.005513275678961965,0.0023712822261452993,-0.0003068030693919588,0.008241891846326913,0.002680588294851363,0.004022182831337248,0.004474541247871985
2021-03-25,0.007875486427866967,0.0065169080234408205,0.006829719992704611,0.004388473416700289,0.007349051371123558,0.008057582657974974,0.008176399220099509
2021-03-26,0.01825788414170824,0.02400938315289912,0.013879449618677028,0.013443511207540337,0.022244654348445622,0.017798232745540085,0.018100897818445275
2021-03-29,-0.006800744113498632,-0.0104597974145604,-0.007022565784409969,-0.006576306989154866,-0.007952596203469754,-0.0071920404496916765,-0.006632999588566772
2021-03-30,-0.002432586961260736,-0.004461814225603232,-0.005392159334536899,-0.0028575705780710323,-0.0026647453965584836,-0.001081216483384169,-0.0015996527518857065
2021-03-31,0.017739348840856862,0.01977957605537918,0.015491948732863775,0.013539029858363874,0.019112216254988643,0.01676537733813814,0.015365372034389604
2021-04-07,-0.006742875964535917,-0.005581353580414117,-0.008130727145008163,-0.0036311814454845492,-0.006185853126561114,-0.007250392681286522,-0.006705799779946314
2021-04-08,0.010435710913432912,0.011845270944605156,0.012808150149125418,0.010814037093000071,0.010924362869149627,0.009864158619102108,0.00981421683616037
2021-04-09,0.01241119847565229,0.010138575631588487,0.01512427321045677,0.009641674501138633,0.01056760146269907,0.011716908995207678,0.011241884609283895
2021-04-12,-0.0006597885013067365,-0.0013914635400254505,0.00015927817323459215,-0.0049541496665855556,-0.0020270543181014483,-0.0007334080022198541,-0.0007889272421603144
2021-04-13,-0.0022016687625989267,-0.002006440112956559,-0.004427730920706877,-0.00385438152470563,-0.002173383201660148,-0.001557081814748465,-0.0013187803325478004
2021-04-14,-0.0007005368834140301,-0.0024911309091664446,-0.0008924395852857453,-0.000569674121429109,-0.0018104651406993938,-0.0008396106791764557,0.0003433704602315568
2021-04-15,0.00832855187895012,0.0101998363872575,0.007497317971366942,0.010540784736358173,0.008891261240764427,0.00812470569276353,0.008027217970177393
2021-04-16,0.004056588024784582,0.0038771539452207085,0.00596629724170173,0.0014145222922078773,0.0030611597856967446,0.004775856985365763,0.004590136424433934
2021-04-19,-0.010049736149027703,-0.014250594076268046,-0.012545129141861601,-0.009274889711302116,-0.011888682830517867,-0.01007773230182054,-0.009206319391429012
2021-04-20,-0.0031247088611201825,-0.004936806193209117,-0.004130488344222208,-0.0009495658968189657,-0.004486027070079182,-0.004200907361912948,-0.004114735768703401
2021-04-21,0.02129654968340319,0.024296633060581996,0.016172104269034718,0.013382875370520575,0.021930595934389424,0.020204293352782177,0.0201980354102011
2021-04-22,-0.0011906131917755703,-0.005990689643997821,-0.0002940629724560162,0.0013191397311347053,-0.003806627509248456,-0.0008726463013935815,-0.0014967837759189279
2021-04-23,0.004861626409586452,0.008879833812983483,0.005113666637268276,0.0021184646547816807,0.007127477422186383,0.006196259994833746,0.005623913415129071
2021-04-26,-0.0017998134742204085,0.00116775020415677,-0.003907133029590476,-0.0004356012241604479,0.0005620164807070005,-0.0013392084856284348,-0.0009315154270530257
2021-04-27,0.0018348698247819973,0.0010238773564256315,-0.0032814149299100898,0.0027077649065133658,0.0008755994539114131,0.0022141890766096683,0.0017280800174276079
2021-04-28,0.004658779314638459,0.0006773370927564831,0.008211765502473184,0.006644053769146285,0.0020772650288808786,0.0025207972866873457,0.004987956535209087
2021-04-29,-0.0007387713237730117,0.0007600960656131972,-0.0059879521966174215,0.0008653736701349779,0.000508041719633312,-0.0013015927505415914,-0.0006599395949276748
2021-05-04,-0.01198009118622181,-0.01447307203491998,-0.010090244534725616,-0.010354534759027,-0.012033489746133379,-0.01285407093309985,-0.010631756324122603
2021-05-05,0.007278996542640804,0.00810517634269494,0.01284530037768477,0.006290653213643284,0.006922454964267126,0.007491450768496576,0.006993652924815123
2021-05-06,-0.00023750635302122988,0.0016502810107465252,0.0011365170526942761,0.0016446914813348992,0.0008205120388384904,0.00017722278424001786,0.0007378329608181203
2021-05-07,0.014880749158860871,0.016677993778438496,0.006760146348191123,0.015488990370506897,0.014784744559180676,0.014797847069617329,0.015125657641646514
2021-05-10,-0.007070581155035346,-0.015869394433354535,-0.004956490011627575,-0.004931710874259206,-0.011728636315229697,-0.007434370303342992,-0.007373462628396811
2021-05-11,-0.012336473615965585,-0.010004341766121,-0.005270537193612312,-0.011148263637695985,-0.01055279324893535,-0.012776737203643002,-0.011832751174991052
2021-05-12,-0.01791817577442957,-0.023697940409229457,-0.016007994721693092,-0.020531404479667212,-0.020833815040116055,-0.018484013709776495,-0.01781275643615507
2021-05-18,-0.00025639472312081037,-0.004064487141396428,-0.00544647553401377,0.0013221723917065803,-0.0009123499486628356,-0.0009207456867527664,-0.001012452469961636
2021-05-19,-0.011695081634060005,-0.008043014743415657,-0.01175375580095054,-0.00797793952103077,-0.007994332538540629,-0.011176493027133895,-0.012101668653490959
2021-05-20,0.004878398641203262,0.009556976693329368,0.0073040320286922936,0.004648232784348956,0.0073724558124256614,0.006716791101985149,0.004514233348413367
2021-05-21,0.0012474671301019788,0.0009585799650673604,0.0032956939186687545,-0.006205033226646825,0.00045969868618751797,0.0015434894633430812,0.0015001060903798297
2021-05-26,0.005806628254923681,0.004021215316865348,0.006258349264768953,0.004142059949172064,0.00520834404615475,0.005724958631119492,0.004945427100384717
2021-05-27,0.0013635735463104087,0.0024116326709373234,-0.0019324490094437055,-0.003641243206198984,0.0017945615369295773,0.0023912965585160192,0.0014641539585795657
2021-05-28,0.0015487323468098238,0.004805089916906327,0.0001691816147384173,0.003985919005651831,0.002755124262115563,0.0015207407229509556,0.0020042218475999213
2021-06-02,-0.0053707908253714754,-0.002778029395164583,-0.0036957712125353925,-0.0038663549300408384,-0.003965976167643409,-0.004877636046015932,-0.004900288173448952
2021-06-03,-0.0017438957785592046,-0.0061142266754692365,-0.003915746105300905,-0.0004924600392097883,-0.0036635162002870147,-0.0022396473398940825,-0.0021025560236017926
2021-06-04,0.005284894673791982,0.009231366703667539,0.0030164149616018557,0.0059295528998742145,0.007408830818997077,0.006128960826017778,0.005863762990204559
2021-06-07,0.004438226500776109,0.0029037942238949316,0.0034236832633675884,0.0058077252532769685,0.003247213039320143,0.003610673790679378,0.003816773011352026
2021-06-08,0.0023700270622375214,0.0007584946072977175,0.002957392631103957,0.00802519742127792,0.00104459630041049,0.0028666287509890934,0.002153851878629577
2021-06-09,0.0005566926061530812,0.0001322198613737946,0.00031801856321955757,0.0036766993662025044,9.922211625515431e-05,-0.0001649387694960952,0.00022031895996098283
2021-06-10,0.0031744482743350268,0.00410458027818647,0.004858532348594707,-0.00042192667644280757,0.0044098278412145475,0.002709396158827565,0.002523648980228846
2021-06-11,0.006747527717434602,0.007858015313334438,0.0060542571034221115,0.006924874336852821,0.006343018680410317,0.00621830473835272,0.005381708891684531
2021-06-14,-0.008034259584169834,-0.004436703823459419,-0.007231511318127513,-0.004291712949015973,-0.005339981430454464,-0.006948211806423431,-0.007568029777554795
2021-06-15,0.0006507798219431229,-0.0007061847663053095,0.0011784781498628827,0.0036811279555213072,-0.0005095211293922736,0.0009507800642104547,0.000285748671341457
2021-06-16,-0.007539855931641073,-0.007249700045547709,-0.0034206560089139124,-0.007420918881186296,-0.007651062605934879,-0.007357738696399087,-0.007639956170319227
2021-06-17,-0.014006824794792046,-0.010581161291347868,-0.011848739644404,-0.009879790094808466,-0.01084406342916791,-0.013540144553442449,-0.013771523965982552
2021-06-18,-0.020725935198395707,-0.023210375157024794,-0.01636374673105783,-0.015450031738056084,-0.021317193391571808,-0.019846737084614312,-0.020111632231737932
2021-06-21,0.012588644742814546,0.012569534327515453,0.01465902507419628,0.017942804906471627,0.011344106630929662,0.013226203735778042,0.013037283616034206
2021-06-22,0.00013634099538819677,0.0003211644706573105,-0.0021491947737150505,-0.0012996363421064541,0.000937219939930907,0.00038057241119100055,0.0008794235192695968
2021-06-23,0.0016825866013302495,0.003997925728676091,-0.0011342206308137398,0.0004286483106609035,0.0021042775228200944,0.0014585599032451713,0.0016370835551098167
2021-06-24,0.0045246974836499745,0.006750484248906001,0.0006148678924170828,0.003124582415293141,0.006000352956542297,0.0057347599623789255,0.004343223900181346
2021-06-25,0.007522031473972266,0.006522179333572117,0.006265548996493911,0.005406422528740268,0.006090725155759313,0.007070762076493611,0.006650154076761047
2021-06-28,-0.00419650758500207,0.001327481919109627,-0.004351442157297228,-0.005471435012505396,-0.0006399986696252885,-0.002887250782828657,-0.004123010806795252
2021-06-29,-0.007372404612750104,-0.004942825322698553,-0.006542264711785477,-0.012160871880297804,-0.005363078428235836,-0.0063567125473717526,-0.006395982352024439
2021-06-30,0.004709321953393194,0.005640076257369536,-0.00028706380986763536,0.002569609379555207,0.00425429152333337,0.003542942147679279,0.004010949686363716
2021-07-01,0.00687697241776589,0.002003755237213564,0.004204559540733746,0.006910117614064223,0.004172651653352441,0.0067056944147846215,0.007211349008093906
2021-07-02,0.003447687787145572,0.004455888679273608,0.0019912083857725957,0.0019059732900879797,0.0037085801937907573,0.0033791697806687185,0.0032614381045327837
2021-07-07,-0.0005705531554517443,-0.003987242421620969,-0.003395196547051442,0.0029483877281287277,-0.0022318585824527906,-0.0004723843877945319,-5.9729926802025435e-05
2021-07-08,-0.006202879560262854,-0.008151519778424918,-0.004386108829060098,-0.004651549013595685,-0.007101542912187897,-0.00682322777062444,-0.00698779649911245
2021-07-09,0.016419139881315537,0.017360024410201846,0.016149595687568963,0.016774163118420587,0.016498803178978505,0.01680970235715709,0.016515013425527136
2021-07-12,0.0019191718753068872,0.004886623306770428,0.0019478531295459636,0.002578203004616343,0.003318378019130243,0.002704318966148374,0.0018155216437695867
2021-07-13,-0.005217757269880631,-0.006563283907250687,-0.004612059758389471,-0.001018789482778136,-0.00483437894305714,-0.005450183141823876,-0.005191632535945241
2021-07-14,0.004709020566214266,0.004080191802379174,0.007121639678831698,0.004727230009514305,0.0038461524793698687,0.003029960450289637,0.00391520668075096
2021-07-15,-0.003980753967630122,-0.00958181631976919,-0.0018894326038975812,-0.0021047900509352097,-0.0069114504169714985,-0.00448930209559413,-0.00363386607467181
2021-07-16,-0.007701569920398276,-0.010550820349304935,-0.0027288023227426544,-0.00554727139537993,-0.00935656206206599,-0.008321101302206244,-0.008028387790108865
2021-07-19,-0.015047769354770195,-0.013213973766256576,-0.013529536028603129,-0.014282693470306349,-0.013192122245797758,-0.014837884715019109,-0.015190521143366956
2021-07-20,0.014325290739875252,0.014854666333940433,0.01670084363047135,0.014184408163614368,0.014064201945772,0.015144582471475307,0.014493029055736142
2021-07-21,0.007160364942047264,0.012065798862963932,0.012475276067182926,0.012259951266089968,0.009857905479568156,0.00844113385651623,0.007388946263949335
2021-07-22,0.005265208683709166,0.00214741614667259,0.0009683519089673104,0.004519197078087164,0.003853161718654685,0.004754072052155403,0.004538308231042773
2021-07-23,0.009780214107978136,0.010050896473906612,0.004391971362743247,0.00981075006764942,0.009467857909924632,0.00982598499727691,0.009341780872518662
2021-07-26,0.0007265035513225009,-0.0007130381771434935,-0.0026924708609270404,0.004082818841990701,0.0004947971845034732,0.0007150066749534861,0.000581022718364646
2021-07-27,-0.0020933024048339875,-0.004604693184216725,0.0015781742530079704,0.0012075018216931369,-0.004039627615891585,-0.0022807097872507356,-0.002064150450025122
2021-07-28,0.006202068334889811,0.009204483416325758,0.006763686707156734,0.005825665264763712,0.007659652969823981,0.006871670148845675,0.0062215194466737
2021-07-29,0.006893911573632917,0.008912390294927588,0.0015995363288340697,0.0001402757214355177,0.00837662985492689,0.007604634208877567,0.006903521321823855
2021-07-30,-0.00043267216854174284,0.0010391704266501309,0.004809419851843681,-6.141657075989931e-05,0.0002564281528769849,-0.0005338880461783838,-0.0013115165051149416
2021-08-02,0.003911899489272627,0.0050786273247112115,-0.0012092781700187918,-0.0018708107151144612,0.004306453743013618,0.0029694278427624607,0.002850760255589828
2021-08-03,0.011609082007610983,0.012238571487421482,0.0038834355701694717,0.013682605966507513,0.011290010314586527,0.01294093892397867,0.012087559244653448
2021-08-04,0.003758761168516756,0.006474552940437563,0.002059770319950645,0.004001025493258127,0.004653904908107694,0.0029453917622234357,0.0017390532082784196
2021-08-05,0.015539861397021189,0.013812371062624632,0.01897534516824388,0.016337367449493642,0.013458670230658804,0.013367772405450132,0.012969643404436237
2021-08-06,-0.009604050143548775,-0.009955394116773354,-0.010157451907033106,-0.010256253941744765,-0.009074793109436659,-0.008441882016530435,-0.007841235459188321
2021-08-09,-0.006039854889835652,-0.0052628692045045,-0.0021216465633750736,-0.009101862220531415,-0.005661842342299828,-0.0050675534897411945,-0.0050664054045651274
2021-08-10,0.005951233357344836,0.0023811135625353974,0.010106223982191173,0.005564848018256394,0.0036060568388166098,0.006521812851099387,0.006556692977544146
2021-08-11,0.01108361996687387,0.008070222026899831,0.005162789443960938,0.009451560772511788,0.009367157728058295,0.010342201515876573,0.010372390426271902
2021-08-12,0.0028245746061201305,0.002037295663967695,0.0012508486336890445,0.0017082654167841632,0.0011059342733382993,0.002546924652536628,0.0026860911093925105
2021-08-13,0.009995023520088471,0.009533633064754396,0.0022180524139626956,0.009032118116700724,0.009560621542353834,0.008507074661620317,0.009133940549403516
2021-08-16,-0.0033440265201754105,-0.004197734287538148,-0.0004846073454949154,0.00371220361572646,-0.003464230717896692,-0.0033663373802474902,-0.0034599391672500077
2021-08-17,-0.008985728990940736,-0.011125428230913191,-0.0055434081147048495,-0.005239097384752221,-0.010230304604549843,-0.009630036098635518,-0.009068942355694061
2021-08-18,-1.780640382182562e-06,-0.0011561708183136857,0.0010194368597776574,0.0026968706239819465,-0.0016154358419529155,-0.0003345164127766878,-0.0009761167768093867
2021-08-19,-0.0017390824915389789,0.0024855380692121315,-0.006826947877403136,0.0004741453269533763,-0.00042511839033106125,-0.0017399972255856683,-0.003363335567842407
2021-08-20,0.005072813259354016,0.004661474762626627,0.001418621888906818,0.00838947154174946,0.004977335326143639,0.004863216721569169,0.0046740711865496665
2021-08-23,0.007597252501447627,0.011812043162953138,0.012451090690557186,0.006599659035713808,0.010240889883917852,0.008544820949580915,0.0075735436383292595
2021-08-24,0.0015821382918120377,-4.3077324238957604e-05,0.0058040419519718445,-0.0034609651747935927,0.0014696736966999246,0.0017253417258994985,0.0021388596154151007
2021-08-25,-0.0019657867129398115,0.0014134708941790294,0.0025502727522703147,-0.002653416235569646,-0.00036079874480527546,-0.0018334380597263208,-0.0004655630622315901
2021-08-26,-0.00845683139143217,-0.009811234751022184,-0.010963552159237604,-0.005846503450344272,-0.007207641950765849,-0.008370278833469129,-0.008034236500110488
2021-08-27,0.010908719921153418,0.01363117538685589,0.008750333524524728,0.007475290832009068,0.011804612356292501,0.010561404689140089,0.010576397878906504
2021-08-30,-0.004306998044381837,-0.002875453373364298,-0.0029912387585860206,-0.004264975805480076,-0.0033734833039801154,-0.00334019583684049,-0.003459098501401206
2021-08-31,-0.008197780218551337,-0.009190351803566359,-0.005890900858615385,-0.009051799530565903,-0.008121194443751388,-0.007851200817517313,-0.007548961833410285
2021-09-01,0.03797421472786213,0.0322323631413341,0.03173206313451979,0.036926123258260404,0.033033608805572295,0.03375776073941854,0.03341596847398719
2021-09-02,0.0020402681040148636,0.002394155650107886,0.0077528360695558116,0.004084031803195352,0.002090300339937061,0.002552159517456208,0.0031566368439987433
2021-09-03,-0.008150411343157145,-0.005280326732829008,-0.0013663472824122086,-0.005152661771197289,-0.0061078737143654555,-0.007394020947135496,-0.007011909947553366
2021-09-08,-0.006676333173213264,-0.008907479224484392,-0.003066845800559846,-0.005548448696868151,-0.0074917720883989,-0.006839980408174497,-0.006284246188640409
2021-09-09,0.003069542435686039,0.0019330014221848046,0.003463830168205867,-0.0002548959905215864,0.003201385537300455,0.002813220546621864,0.001851617245522033
2021-09-10,-0.006079112783347868,-0.006226698822118688,-0.009813825127175317,-0.010886902270133718,-0.0043756045642085115,-0.006171701307968423,-0.0051295811139684885
2021-09-13,0.005791278360480783,0.00773401748281595,0.00490919608195621,0.004707052685636315,0.0060039032815622645,0.005682297847267384,0.0052161344133569015
2021-09-14,0.0009386073568464691,0.000911142242208722,0.0019232820274412352,0.0016398520376109324,0.0009033044377340302,0.0006045603427429283,-0.000151358269464906
2021-09-15,-0.000672633092932378,2.4692118840534405e-05,-0.001059546111674449,0.002823094321889673,-0.00015139436559414438,0.00026708969657428944,0.001222238067757779
2021-09-16,-0.0051735769435278245,-0.003405769149574314,-0.0017546587771008343,-0.0004410728924679058,-0.004345386213659583,-0.00531327561134548,-0.004728188876434378
2021-09-17,-0.00795914235047081,-0.010709050277210641,-0.008315865234616193,-0.0029975913416716155,-0.00916643640818865,-0.008342813134902344,-0.00825471035634251
2021-09-20,-0.009905996090470706,-0.013588267335343178,-0.0027029288517732356,-0.011606694284352716,-0.011712038510391883,-0.011584604349373993,-0.010569300590603618
2021-09-21,0.005516350865608937,0.006073816593448918,0.0030030505274608946,0.0038134475893430234,0.005091565529197269,0.005434666298566544,0.00540608069395674
2021-09-22,0.0030089147867925405,0.007693068898358975,-7.709676709270058e-05,0.003811795558215432,0.004887861840025855,0.0042372445900297,0.0038134783203875103
2021-09-23,0.007636594431642139,0.008168665932046126,0.004522524381755669,0.013335616119199839,0.008252984131518953,0.008639412281053027,0.00880364527542779
2021-09-24,-0.006726855608915663,-0.005528277610178517,-0.006435931817157445,-0.0016056621704508833,-0.006224660684412811,-0.007538976853808832,-0.006180199572784817
2021-09-27,-0.002908161165498619,-0.0024276424799216517,-0.006978981420609431,0.0004747429238369377,-0.002989791279421894,-0.002622609919468402,-0.0020754893874364994
2021-09-28,-0.024224539228949408,-0.028989342377647373,-0.020189877578185647,-0.02224370617741203,-0.026230179412511684,-0.023548292791688435,-0.022852447565884712
2021-09-29,-0.0055592853000061004,-0.008232220640596928,0.0006383559779435319,-0.007183007244664065,-0.006750241855090121,-0.005778160150846694,-0.004932028819813465
2021-09-30,-0.007958080113215383,-0.007932126917915283,-0.008172069607277468,-0.004913450600571703,-0.007104617736848312,-0.008417415766593217,-0.00841224178490231
2021-10-01,0.0028159087285848845,0.0025642300007989033,-0.0024956039221565862,0.00011349950492728356,0.0025712195275406774,0.003975634758039484,0.003875022460775354
2021-10-04,0.0035496422783329712,-0.0002194743435751656,-0.0005322688457683883,0.002182619002774902,-0.00014954014697921014,0.0013588821805045337,0.0021170008709847643
2021-10-05,0.00767493074387745,0.009879566769268155,-0.00033593595910602625,0.006776246678618675,0.008471902806427845,0.007554151708280776,0.007534886811840058
2021-10-06,-0.006837628973367038,-0.007815130315373425,-0.003743309052322688,-0.0017803356618352334,-0.005602980834878854,-0.006600947817569425,-0.006579855432243223
2021-10-07,0.010731529921726522,0.01193384028355688,0.011857650450931546,0.00916699745460215,0.010944663954435808,0.011266856388520298,0.01098496627307969
2021-10-08,-0.01004942461399152,-0.01169071171053953,-0.012199751890282502,-0.015024305514283805,-0.010008023217442812,-0.009405141899885401,-0.008550959458487599
2021-10-11,-0.005013334708433951,-0.004859498284015398,-0.006025447586922375,-0.0037717093499638477,-0.005132506793365313,-0.0052422089472455025,-0.004641916730404372
2021-10-12,0.005575883284643549,0.002075228852833233,-0.001733531372741584,0.0029718735272544344,0.003615236635820099,0.0061306621098783515,0.004232752619330121
2021-10-13,0.01634181036314551,0.014873938171580309,0.018465655947961068,0.01412138442704032,0.015366232800797297,0.016111429431504593,0.014488544670387127
2021-10-14,0.014911608558893872,0.01953998290136036,0.015019288329267272,0.013387620160726976,0.016800476605558112,0.015175647979570023,0.014817526842250156
2021-10-15,-0.0010797325994597272,0.0014579577284458897,-0.002111363747353802,-0.0012799003308692838,0.00010169039271711727,-0.0005572850907537633,-0.0006383750586417894
2021-10-18,-0.002055609701320999,-0.00020889788256481245,-0.004199791305031522,0.0002443369028675424,-0.0008132428733407526,-0.0014123646599334128,-0.0018518150767724006
2021-10-19,0.007596740779566703,0.009316026026152863,0.0029495057654430334,0.0033147087919072893,0.008078286446819766,0.007391616920377514,0.007710766582541745
2021-10-20,0.0013005187194069195,0.0008156706894329735,0.0017023298600220144,-0.00025314696575252926,0.0005869158652753587,0.0017759865993886986,0.0019948447199226865
2021-10-21,0.005027527915012755,0.006152848319716228,0.005857698300272371,0.0057693707374825015,0.005824996625752241,0.003446948918704215,0.0040717452686643285
2021-10-22,0.008631227607764398,0.005360407630686272,0.009160418057752771,0.006153799616555024,0.006448576356121109,0.007936127236401073,0.007552324156793848
2021-10-25,0.0013386288699071389,0.0031692938516368688,0.006235777518044751,-0.002540431958596788,0.001802967029083398,0.001821696764161114,0.0026284734787448485
2021-10-26,-0.0021266353296439107,-0.0017093693639322824,-0.002613354363602778,-0.00020407682160818869,-0.0011485612499948436,-0.001695851812331249,-0.002847003328757987
2021-10-27,-0.003720215512632812,-0.004171519174149679,0.002869399975172174,4.837605638753628e-05,-0.004310565029981367,-0.001912060107220906,-0.004589292777713083
2021-10-28,0.005098525628484133,0.007436396680204252,0.002590429042324899,0.005425713318108524,0.0068420332326970396,0.007181627402215715,0.005955132275752464
2021-10-29,-0.000856425316364008,-0.00013433804035257318,-0.0006218370078597893,-0.005143911251919965,-0.0003920324696732938,-0.0007616484982142721,-0.0007363108241036156
2021-11-01,0.009215446907927383,0.013174086274449007,0.013638425987764949,0.010130581146633996,0.009497880728007849,0.009450073388921246,0.008847305059866875
2021-11-02,0.002438659451045202,0.004347870396901737,0.005888552122510965,-0.0016191469921189167,0.0035112651149232232,0.002740619926944382,0.000783730171038971
2021-11-03,0.012211803920156496,0.014358467256799859,0.013495431119817339,0.011539568182305934,0.011922722663425436,0.0110597353659901,0.011932027450398022
2021-11-04,0.009866510563528719,0.014614969869884309,0.002849924827360864,0.006526237246564051,0.013808328508722656,0.009403822412920093,0.009243928816844715
2021-11-05,0.010464809337896062,0.012286066870233009,0.002556798781714803,0.006560748279625744,0.010133596717648463,0.009120804479448977,0.009311872369233254
2021-11-08,-0.0007652710725375511,0.0021876459998620493,-0.0061337723973508215,-0.001679586658335723,0.0015809045400008229,-0.0003583542664829728,-0.0006696121884703574
2021-11-09,0.0016740882711647753,0.0004113872870663976,0.0011338166912331221,0.0010921207065184152,0.0016304299906656217,0.0009394032036395966,0.0014519156983703319
2021-11-10,-0.0015717488559290737,-0.005687627178924605,-0.004279316369457921,-0.0028485273824577703,-0.005319520341367602,-0.00270632582107639,-0.002524792851946185
2021-11-11,0.0051522172137232446,0.008166682858375324,0.007139184203079352,0.005831010642236484,0.006758010830440225,0.005283906624477919,0.004677626685571257
2021-11-12,-0.0012299508413053145,-0.00021162111773108394,0.001003165970709416,-0.0017538896228868617,0.0001944702236741508,-0.00030527462368888647,-0.00028207404568715566
2021-11-15,0.0073557948551220545,0.00681721086538882,0.009670152950260982,0.009040196217627541,0.006270268803023796,0.006220825431379889,0.0060870314722789864
2021-11-16,0.0037010525975297616,0.0044237737644518965,0.0010627896053510139,0.004365455052217318,0.004859634186867148,0.00375412355883685,0.0035367786650569027
2021-11-17,0.00428230588099918,0.0014879750952873291,0.004851059457428773,0.002568245780601018,0.003004247170082984,0.0042247218489211355,0.0028540760468202322
2021-11-18,-0.0037229018146278737,0.0016207868558580016,-0.0062435716450571985,-0.005209787422332503,-0.00018199896831012224,-0.002888691572629533,-0.0027622237345925962
2021-11-19,-0.010701007377172413,-0.00821706913206511,-0.010451408108537195,-0.013121569312877994,-0.008573639588259498,-0.008746525673358797,-0.010622736732740064
2021-11-22,-0.004967590005437259,-0.007662605039817763,-0.0029517018433695003,-0.00374734390046004,-0.006232474437644048,-0.005290999390814163,-0.004267935170584172
2021-11-23,-0.013073226875263022,-0.012222838598945629,-0.009495548888928465,-0.012121384022947226,-0.012345595904742324,-0.01248579325974769,-0.01167499804384356
2021-11-24,-0.0028156993900177296,-0.00039396164289460384,-0.0007874462643987848,-0.008136166498547849,-0.0012025234172226354,-0.002991511530306655,-0.002595079124585696
2021-11-29,0.006920145725514486,0.012647264487637339,0.005341061482655271,0.01061886959424227,0.011073498614008637,0.00745599572305522,0.0064192130148212345
2021-11-30,-0.01742139475092737,-0.01881670199422341,-0.015609647874660688,-0.019254730049139752,-0.017860768265474357,-0.017370357485169623,-0.01816132952274325
2021-12-01,0.006438769017171807,0.005007583928425319,0.0072454149425090625,0.001964004039239728,0.005191143984962454,0.004125644547172333,0.004491296094086203
2021-12-02,-0.01793079489878104,-0.016112816119753876,-0.020039017518404686,-0.012653932064797715,-0.015364417522711851,-0.013336866359723934,-0.013730462259509815
2021-12-03,-0.0006427646739804208,8.357411253639979e-05,-0.007144513766087421,0.00321125018964738,-0.001982266272945843,-0.002625884533291503,-0.0011095747425940439
2021-12-06,0.01023503243695253,0.010322296564164182,0.005321777479355125,0.008082872498333199,0.00847831282214874,0.010279458218216006,0.010370800136592959
2021-12-07,0.019029966088127664,0.02576787754755465,0.01164638384008071,0.015398921661157805,0.022713722292912034,0.019481189602641794,0.019150937684141625
2021-12-08,0.0004996345805584612,-0.0008338351680415718,-0.00358860751333219,0.002092366202342974,-0.00010325701948937782,0.000860130447176824,0.0010232340114715716
2021-12-09,-0.006838766107271449,-0.010584378020006661,-0.003779026739840645,-0.011921522944322548,-0.009009265160713396,-0.007790452808787755,-0.006898677447939476
2021-12-10,-0.000827371211787894,0.0009314663774824192,-0.0018648814042669729,-0.005393758188254209,6.954889322604435e-05,9.257752164031074e-06,-0.0001229560937692567
2021-12-13,-0.0026975617142367086,-0.00888460657033735,-0.007076613447466795,-0.0033798141249883062,-0.005603735741271057,-0.004097658888139552,-0.003423645415311219
2021-12-14,-0.011776842536348966,-0.01053796847707053,-0.013415481199752083,-0.006417992071416592,-0.011026617764585273,-0.012300603265853999,-0.01077390039491348
2021-12-15,0.010446555640044233,0.016590984910914028,0.010301085986155437,0.008693348267032691,0.014311311483961295,0.011719872505955534,0.009961504799964757
2021-12-16,0.0029834946464826835,-0.004647593309713746,-0.0013383371203388311,0.002863663426708435,-0.0028221139568355286,0.0014329377907054547,0.0032789405320946263
2021-12-17,-0.00443455311043486,-0.004243563773341029,-0.003508094823296719,-0.001125670584223741,-0.004465879141025912,-0.006034990409739531,-0.004451974006907229
2021-12-20,-0.025272029465135445,-0.023037516113319258,-0.0227144579031636,-0.01666087419641455,-0.023052287972070935,-0.023725912009994916,-0.024617551335913763
2021-12-21,0.01859622040185797,0.021685634316676396,0.013625554448135048,0.01583261083906313,0.02078697155236737,0.018722652189358542,0.0189198248052184
2021-12-22,0.011286582186441844,0.012321964904953457,0.012446287641643454,0.010080186162846498,0.011361482796120613,0.010827284071175468,0.010834720521361411
2021-12-23,0.005314695247412864,0.007037836359381773,0.0014719859161812301,0.00965047951423157,0.005726028989193339,0.005729302497384077,0.005910250224302117
2021-12-28,0.004442285433291282,0.0032355933952242927,0.0008694251887397808,0.001554634979524211,0.0026550241577373568,0.003618844537081889,0.0039000825888445
2021-12-29,0.00024401822154653172,0.0011129848642421059,0.0019295986239480645,0.0011974609726787266,0.00019357838260572469,0.0010685820609319663,0.00016114551097838603
2021-12-30,0.007541627458612215,0.004583401747653135,0.006360429791698388,0.006467576064115715,0.005178951039876339,0.006052987136714483,0.006376189513072908
2022-01-04,-0.00010404811870069138,-0.0009003156569485846,0.0032464609166793987,0.0005270761202956983,-0.0007406125759769969,0.0006743211602879481,0.0002509237159381214
2022-01-05,-0.00829555527521716,-0.014666553516670983,-0.007046570673112887,-0.005045276176917204,-0.011546569848607732,-0.010156563422079573,-0.009016227958000084
2022-01-06,-0.010917021768351456,-0.00967445598848514,-0.0124255062549775,-0.009681298355016285,-0.008311416070190883,-0.009676053257570635,-0.009459258495189818
2022-01-07,-0.0025605645479870394,-0.00945908016998822,-0.0007983459321618189,-0.0019432909021287678,-0.006041110672919438,-0.0035149833672422706,-0.002346850514736369
2022-01-10,-0.02087063221725926,-0.015848995840653392,-0.018457462171785323,-0.01676356073609265,-0.018101828375103608,-0.01967443770817854,-0.01832831140533244
2022-01-11,0.005903940138279495,0.008160278337208081,0.008393209704586756,0.003331495640994671,0.007688911400946401,0.0061395528791899565,0.00682993457133179
2022-01-12,0.004543238532918595,0.0027658120568948355,0.005335295019840543,0.006132820627806436,0.005042856512543471,0.005920013642861745,0.0049606323471424255
2022-01-13,0.00540673087470194,0.0003897047315924579,0.0025057158434750593,0.006713966471910318,0.002556706858807503,0.0030877963771723527,0.00411825814785742
2022-01-14,-0.016213494005883913,-0.01023011295205592,-0.014797567307973838,-0.00663345872361451,-0.011537413509721539,-0.01548877154183656,-0.013964130555503329
2022-01-19,0.0036519650476268023,-0.0019774864748403898,0.004845735803676143,0.005066871565509418,-0.00025805483233318216,0.0016822849592146721,0.0021558871843394556
2022-01-20,-0.004764974697115938,-0.010987177811173539,-0.005141532672080541,-0.00197893310242115,-0.007997196037297948,-0.005059596164071124,-0.005974026802905395
2022-01-21,-0.008289406601036251,-0.008484438044266136,-0.0009106953750273525,-0.008858908311333867,-0.009333937665205273,-0.009151983959343198,-0.008411135454054704
2022-01-24,-0.014830428174492061,-0.010384067017532597,-0.01197354848067321,-0.013870020164067853,-0.011375896094821938,-0.013431843402139099,-0.013234838157032913
2022-01-25,-0.0065159973808549855,-0.012930758273331025,-0.011786022886297237,-0.0045471863010089625,-0.010651903707269414,-0.008147208342824758,-0.006790936757503363
2022-01-26,-0.00888496334270948,-0.005033702257266362,-0.003664925951910883,-0.009680471162616514,-0.005972612003870184,-0.007842886895086817,-0.008021619828153692
2022-01-27,0.004384643221695168,-0.0043518412199943235,0.010165301574326421,0.0022207021635626545,-0.0015011394708000364,0.0016286753116583896,0.003932917318465498
2022-01-28,-0.0031601164972499137,-9.010819670669801e-05,-0.003947128150182916,-0.001999660383736071,-0.00033026893716263384,-0.002611520727190994,-0.0014034152852262366
2022-01-31,0.021234519985822802,0.0291322531166595,0.02146773776302925,0.021726351676258568,0.025128983073448588,0.02237273948410186,0.020389828944601687
2022-02-01,0.006748058358570976,0.007427673381244761,0.0013168470666861457,0.004796211919194805,0.006440143554742324,0.007041276057772029,0.007232341624091511
2022-02-02,0.00782330731068118,0.011775578578082632,0.008703584160776531,0.0022015751245753196,0.010036160888988857,0.00750247828157595,0.0074823926277491765
2022-02-03,-0.011994944971397484,-0.021298972913345572,-0.010630019519288596,-0.01582737325122526,-0.0160395712150092,-0.014350944184843735,-0.01209323927540975
2022-02-04,-0.00939418282097878,-0.006566141062177358,-0.008689388830371098,-0.011721158260458511,-0.007542030117301299,-0.00874294908643554,-0.007858768832010574
2022-02-07,0.008215853789666152,0.008839051240773714,0.0072130939547757275,0.003281836441833115,0.007386105330245467,0.006414764789320702,0.007882339775784696
2022-02-08,0.002509571471812934,0.006557106132536669,0.00708638923008427,0.0017738156047408526,0.004755767859248014,0.003294674325808225,0.003853705479084271
2022-02-09,0.024010968271156768,0.026645241669768283,0.02735086953007629,0.01827083332376199,0.025362507395058687,0.02489775279475312,0.02297295000507127
2022-02-10,-0.009998599394241787,-0.015004174541626995,-0.007716230673071901,-0.010935133569685472,-0.012491201702035513,-0.011115588674436148,-0.008851874519486429
2022-02-11,-0.012887506224338168,-0.020842275152701754,-0.00846337425346106,-0.013907133603658271,-0.017700439889096746,-0.014874843131799119,-0.011534514377540196
2022-02-14,-0.007334294364362623,-0.005910895327540473,-0.00524428043196077,-0.007659248730324815,-0.006502355175144685,-0.006740316111928983,-0.008175150570640492
2022-02-15,0.01325426687090115,0.02061990742402566,0.0072299634055569065,0.014950395581693941,0.018397574297942053,0.015663792338600845,0.01343263561348123
2022-02-16,0.005634428537780162,0.004557961715542402,0.00501528061339418,0.0066553068329257,0.004903288088095578,0.0061429071433646565,0.005317673403669593
2022-02-17,-0.0007970654899542615,-0.008721843058017077,-0.0037860989789666386,-0.0007378069117031302,-0.005707616274636847,-0.003248141719360921,-0.001920905080336703
2022-02-18,-0.0013790911111585492,-0.0050707850852529865,-0.0026239958114738296,-0.0022144917424952656,-0.002595430320862603,-0.002253771329406941,-0.002975503326904848
2022-02-23,-0.006546905798103425,-0.010201586541914463,-0.004573219418196196,-0.004454524852708565,-0.008347834896939486,-0.008182268299251776,-0.0075201877844044765
2022-02-24,-0.003304329025728818,0.004030631449414297,0.004336579617771237,-0.004731820263996302,0.0013979857644546637,-0.0006343818946708199,-0.0018196432659064107
2022-02-25,0.026963569095383794,0.025682402764107423,0.022844682660178736,0.023883882700888162,0.02533626508847596,0.02720273472735245,0.027278283927359384
2022-02-28,0.0034608437051584463,0.0007688649099016967,-0.0013052467606375837,-0.0009641674630688143,0.001951434024935049,0.003124908861631158,0.0037337173377518726
2022-03-01,-0.01735023493729649,-0.023159186041325518,-0.018649245239093316,-0.014347212911729613,-0.01912513090158726,-0.017444894604009047,-0.016155797271596696
2022-03-02,0.012039634649252236,0.01656052499047672,0.012495134846407074,0.012908837472079188,0.014626104972477877,0.01192625738564404,0.013506826065799032
2022-03-03,-0.006189199395975913,-0.009907060667531144,-0.001618983171633441,-0.006022271239232359,-0.008109541323710896,-0.007055924306412838,-0.004776093567766086
2022-03-04,-0.025413434993936827,-0.025919130471807897,-0.021432902728494338,-0.017911862509218793,-0.02559980742307677,-0.02630764687248767,-0.021651459064243386
2022-03-07,-0.025550579473475273,-0.03000304142225732,-0.018981801146649255,-0.024132569263527234,-0.028578606742157522,-0.02550175710831694,-0.02414245854805805
2022-03-08,0.005302187319448973,0.007032735110476411,0.011171870571368973,0.0050636391576844506,0.0065249229484435,0.008134449910174028,0.002532310595892963
2022-03-09,0.02218895657303288,0.027268102451717985,0.024173918542697292,0.019411378546275948,0.02484570390706667,0.024006786538114278,0.02175458019213966
2022-03-10,-0.0041215054771175045,-0.008737433501413233,-0.001513350987739498,-0.004421798017202855,-0.006310597377069738,-0.0055964989075489024,-0.0013998229245718585
2022-03-11,-0.010209928816970573,-0.01247584960416729,-0.008219251839568086,-0.009268315571274284,-0.011742512647694332,-0.010315121827941816,-0.009916949367282275
2022-03-14,-0.005635869621037982,-0.010725250434399813,-0.006841918764660476,-0.00497871669008676,-0.008542184493051011,-0.004945778096591524,-0.006049502516479732
2022-03-15,0.005203900775083148,0.01474774022493712,0.0019581922439150107,0.006687701089815187,0.009790324692269578,0.007117072914201897,0.005591867513783336
2022-03-16,0.031579824359976,0.03888217579300519,0.02534142323146251,0.03155957082430614,0.034252024399776405,0.0315416604969705,0.02863683200584239
2022-03-17,0.011661033835676625,0.010577617369504272,0.006335732799254187,0.010849078326339578,0.010986290222614936,0.011175083846795553,0.012599979045704146
2022-03-18,0.008047358720163036,0.009567217946564309,0.004861708446104014,0.009771025673939025,0.009740667458264178,0.007924097252987254,0.008637966257240635
2022-03-21,-0.0012285925518270965,-0.00035869741869955923,0.0008607552966454282,-0.0020407677577854097,-0.0013675732105435726,-0.001695321853904093,0.0012101550352072235
2022-03-22,0.001572323102320599,0.0022789846192490665,-0.0016239792389860508,0.0031726084829063333,0.0022368670161602017,0.0028529442377230457,0.002155822533698268
2022-03-23,-0.0014233061244449115,-0.005422712621757149,-0.0014326855477580155,-0.0031624190858229526,-0.004370273909322299,-0.002946375264041852,-0.001424273990895543
2022-03-24,0.004973305381666324,0.013730837341576624,0.008612227984510529,0.007426418219233066,0.010434526712914394,0.006334048452762975,0.005259331080922747
2022-03-25,0.007757871511231607,0.008268672217778605,0.007717957395887626,0.013065139001123771,0.006268187736454156,0.006452185755013176,0.00842445647294443
2022-03-28,0.00045860241639044405,0.000625182352438039,0.0032803881459057688,0.0006446386059566628,0.0013092801882121502,0.0014883597181952063,-0.0006520808044800375
2022-03-29,0.017490173926116542,0.019415636405235373,0.01466019913532686,0.010184816465359361,0.018129945195500582,0.017579063274766785,0.013852040213021943
2022-03-30,-0.009541428834962102,-0.015551084069334517,-0.010357471974256391,-0.009782407229403822,-0.01197621593043073,-0.010060559664418933,-0.007871055210471989
2022-03-31,-0.019961914226189113,-0.021677174892692073,-0.01579812049198586,-0.014749174266507785,-0.019999605588302695,-0.017850861392276825,-0.01809720210708584
2022-04-01,0.004045807111619139,-0.00016183667058375373,-0.0019814056411855407,0.0050778704601597835,0.0015153644934117888,0.004470340294940395,0.004652083872077828
2022-04-04,0.006121573638042404,0.010190768720378073,0.0029835402684956006,0.00643960255911271,0.007419129545007945,0.005976346164264061,0.005415651018350558
2022-04-05,-0.013511271111135887,-0.021181979599836344,-0.007248816081361499,-0.00942326410267675,-0.01721524930276725,-0.014276952702487557,-0.012770066255640013
2022-04-06,-0.007175185623075167,-0.01047645878003612,-0.0035042130044682165,-0.0053452234806561985,-0.00886387909125496,-0.008125945266215996,-0.0066363774808668105
2022-04-07,0.0057521781573026355,0.0045781539254177855,0.012285408540920667,0.008054834466919375,0.005052924177298523,0.004829288211683061,0.006912586561346662
2022-04-08,0.007305881313110924,0.0016552661595768264,0.014757525861772952,0.008911830014321886,0.0034216311586263704,0.005439774790175933,0.008043746368681243
2022-04-11,0.0007724403594583847,-0.0018061415990115043,-0.003088070831699069,0.004666787784680937,-0.0021345280050713844,-0.0010523946231448672,-0.00013889747371191585
2022-04-12,0.004144293846598915,0.0023133045724197665,0.003786042197062245,0.00503644863872818,0.0029528235162005617,0.002749985147187217,0.0033450488050631166
2022-04-13,0.016747581109423513,0.018219968815093836,0.01864112285124301,0.017688588800223344,0.01762288419380973,0.0160128195043188,0.01623940059164248
2022-04-20,0.01006323469028655,0.006798035837778785,0.011340550234256883,0.010573389236125705,0.008578009412641557,0.008887812496831168,0.009478194647514551
2022-04-21,-0.013894902491062582,-0.017364996180225557,-0.010005221984593797,-0.011879415515258694,-0.015584000641187472,-0.0145621549898542,-0.015192759840158047
2022-04-22,-0.01863642665411355,-0.01966791244271597,-0.015603885373662016,-0.018129787534929998,-0.019173809098964004,-0.018870170016921275,-0.020067517931950205
2022-04-25,-0.007741437274356872,-0.003927982511032872,-0.006958718456536651,-0.006861585066815383,-0.0046117089766399486,-0.006888139662903921,-0.008980645535432048
2022-04-26,-0.018068034883610792,-0.025014814569406525,-0.016062383380757543,-0.012493687138764135,-0.021138474456726057,-0.019674187197339828,-0.01813054484461587
2022-04-27,0.000371757660388407,4.458302024189231e-05,-0.0011191532779527141,0.001989969171294889,-0.00027617591687027765,0.0010342421930103346,0.0014382116540956474
2022-04-28,0.01234057700670694,0.021502656379776636,0.010759052518406462,0.0073014213997101285,0.01793505289667635,0.012927589279352336,0.011587701036521625
2022-04-29,-0.004755250999611001,-0.012203109142419025,-0.005662593781060737,-0.0056228000290519525,-0.009696180574333677,-0.006283660926159368,-0.0063656204880267325
2022-05-02,-0.005921667446775271,0.001666728940533331,-0.0061278704805576775,-0.0006339294645467328,-0.0015432210298031643,-0.004344104828664035,-0.005270218927649638
2022-05-03,-0.002677942235080523,-0.002957032849428373,-0.0008174486763823791,-0.0029815468698337066,-0.0013179952762159136,-0.0012049631747457074,-0.0003763971184990028
2022-05-04,0.002323746227072812,0.008905048117730463,0.002543671215883725,-0.0018508398866587256,0.006320848704715998,0.004448239790834502,0.00373224018270063
2022-05-05,-0.017553675452283816,-0.025358982727435357,-0.015574169461202457,-0.011685077927519778,-0.021227869010997664,-0.019246648158134892,-0.019340412111252626
2022-05-06,-0.0008277355256592736,-0.0016186526859763711,0.005464039075835064,0.0005417330638700091,-0.0020057456460916,-0.003023063709244919,-0.0023664961766197284
2022-05-09,-0.02296828178018484,-0.029314886823371647,-0.021672271883609595,-0.02124251843533176,-0.026425957202339395,-0.025139031830011302,-0.025605505224830197
2022-05-10,-0.006742888016200749,0.0007707655945930827,-0.004963695097567632,-0.006806529145863778,-0.0026687823223051008,-0.005527005334220257,-0.005481685181351829
2022-05-11,0.0038207487513571593,-0.0005214713049606842,0.005399101584730635,0.005741344676225384,-0.0004906865843145661,0.0009566114405340706,0.0026437585722350262
2022-05-12,-0.009689047295277316,-0.007679743176598232,-0.007086320302689887,-0.009551186328708335,-0.007886074577793285,-0.008383097120884371,-0.008275031089810238
2022-05-17,0.014756487568172907,0.023694595592802847,0.015063340410556764,0.013778897960888492,0.018890879890663764,0.016616100892580143,0.015867136358922618
2022-05-18,-0.018414220121042657,-0.026898957224823425,-0.01251914240288815,-0.01682923153956936,-0.02208470372673693,-0.019020480357767253,-0.020430214127941576
2022-05-19,-0.005181318656359505,-0.004402671519150837,-0.0008936443711025713,-0.004941060887801656,-0.004500764858218799,-0.0031217254781992568,-0.003759854487088439
2022-05-20,0.007434527488279901,0.007722278946659014,0.008217850880095731,0.008702543282785455,0.006565502132263604,0.006049966863534081,0.004458807631830028
2022-05-23,0.005726520866995187,0.0063896517846760495,0.006883254426674569,0.003270140818927257,0.006013256143828284,0.006990700432545828,0.007859737164386933
2022-05-24,-0.004197581505279198,-0.008638674777410142,-0.0018220496522499338,-0.008465680380212899,-0.0069718117599037385,-0.004977321454177987,-0.004191118407899715
2022-05-25,0.007838670351402992,0.00977331534507319,0.013500150223545553,0.008360968937032053,0.009460105515336818,0.007919457011052643,0.0077174928856869815
2022-06-01,0.0010231513689302751,-0.0016135272100450126,-0.003375914952412906,0.0021068504007885624,-0.00115930038766289,-0.0005383635315090174,-0.0011708593177328919
2022-06-02,0.010436244699289244,0.01925091495918528,0.012120846073416916,0.009137827944382351,0.013548508570683501,0.013306661885493884,0.0117962081607947
2022-06-03,-0.006297177277486449,-0.009319031552079443,-0.010945672438528481,-0.0071939282708686075,-0.009193876332424314,-0.007281980969360918,-0.007190753576136799
2022-06-08,-0.0029083378173757534,-0.007655953646685275,-0.003556238032948099,-0.006300090370392898,-0.0051488663681346705,-0.004440644691825445,-0.004572362722702901
2022-06-09,-0.021498189178478087,-0.023417336669456584,-0.020061562865356902,-0.018049128213049145,-0.022135236080505827,-0.020649786240159812,-0.02129701048835171
2022-06-10,-0.012925855778199664,-0.0199052504407769,-0.009779947805127462,-0.01593128512184186,-0.015935373114080692,-0.014838679148998418,-0.01481921869353768
2022-06-13,-0.04130727191314384,-0.04672418291698867,-0.038923390786872,-0.03770393029402007,-0.0430914028828696,-0.041290272334150224,-0.03978135095831477
2022-06-14,-0.009126978006017852,-0.006633000419925039,-0.014930126320993484,-0.009978577607080652,-0.007069530580227745,-0.009425747015629662,-0.007011192577749015
2022-06-15,0.01531642632910124,0.016176412282199487,0.011346777232022348,0.00808643762857493,0.01569136973951621,0.01533321833229101,0.014244894204574865
2022-06-16,-0.029321526502066448,-0.03790905820133979,-0.023171792612145248,-0.025232426963502225,-0.03306421061927595,-0.030691891909776656,-0.029252870890916036
2022-06-17,0.006481522203759947,0.006002533100872932,0.007433901181446635,0.004771788640488585,0.0066947207925154364,0.006922154482337413,0.005105997118760523
2022-06-22,-0.0005372570207051495,-0.0007202263375500825,0.0041209252773916,0.002911174100862078,-0.002231495016061187,-0.0016278228297660138,-0.0025204358430281834
2022-06-23,0.00842428673238441,0.004260133856303,0.010273257301163005,0.011063586687336271,0.006723760534684875,0.00794749127206644,0.002790994235559438
2022-06-24,0.02160586341604487,0.027739683304048204,0.020535168336924106,0.01900361262814755,0.024172224860649336,0.02265254206889246,0.022364272797488025
2022-06-27,-0.0019049422561038967,-0.0009437108289216609,-0.003658908320919453,-0.0022703276041897355,-0.0020831820777642077,-0.0010446164000903133,0.0001235896668062078
2022-06-28,-0.012362643578447787,-0.015296848094927984,-0.012141066199955447,-0.008216171159696722,-0.013967847938529981,-0.012783019038247787,-0.011311549020229586
2022-06-29,-0.008490446454767858,-0.01206184136474698,-0.0025516201954370807,-0.0030222990840674466,-0.009631406143870515,-0.00958349754703667,-0.00843573400509811
2022-06-30,-0.00766398512638974,-0.00894368635849728,-0.00952296351813979,-0.003994632230257866,-0.008269178733599072,-0.007618014060605013,-0.008106619764479142
2022-07-01,-0.0035396283510095963,-0.010895503570118759,0.0003712963439049255,-0.005603641097169876,-0.007846099985876126,-0.0022590274347223938,-0.0027936257651588747
2022-07-06,-0.0009184226474171977,-0.0004330076013600581,-0.00020398619811251573,-0.005623403186067133,4.65640252829691e-05,-0.0012547407759563034,-0.001321761540626687
2022-07-07,0.016157896360271064,0.02160894626787832,0.012859095700911136,0.014879208632738644,0.019910488363987122,0.01709739974462232,0.0172301134021923
2022-07-08,-0.0013719655250650378,0.001158326483093844,0.0023062375598957158,0.004648775543940123,-0.0005258382072896722,-0.0010425093496548993,-0.0013890653733278635
2022-07-11,-0.007557637531498041,-0.010092149940685358,-0.005398080380657866,-0.005153190709392352,-0.009608528927694593,-0.00913722376196395,-0.008603273628966249
2022-07-12,-0.000767850984462177,0.0019409051478560119,-0.00041344723843390885,0.0026019104427114775,-0.000720973666911609,-0.0016862891134205166,-0.0015133762479413726
2022-07-13,0.003169131619835238,0.004144412157555351,-0.0035756273844725975,0.003110650829561308,0.0037616336627592298,0.0029515493304749854,0.002668935284652542
2022-07-14,-0.011557512882831196,-0.005467623157138057,-0.01181148564043688,-0.010773550932826434,-0.007474755102275327,-0.0112962084268967,-0.012478044982445438
2022-07-15,0.01925865551437944,0.021035082683625583,0.01974804177436093,0.017871887754780963,0.020007634262595247,0.018946139670575124,0.01882244155622126
2022-07-18,0.0027943536145717536,-0.00016561586512275212,0.005155929987907211,0.0006005041677641168,0.0015197399110188844,0.003040587609303348,0.0027436172616198476
2022-07-19,0.021039063807300154,0.027203131825738067,0.01475737371018962,0.015799501642478758,0.02411979491974632,0.023134966904651874,0.022802210127102082
2022-07-20,0.0029979240168533363,0.008090238456674122,0.005942135841010339,0.005448551372523043,0.005566788526281126,0.002823805272781567,0.0027958093785002483
2022-07-21,0.01088713646142254,0.014730048308516791,0.00893974566092863,0.012937541559232435,0.011624287330588179,0.012022888987944763,0.01007214519970867
2022-07-22,0.00046318211500652646,-0.004289852360719229,-0.00016475380228310466,-0.002023492932483273,-0.002423140868584847,-0.000244462196543796,-0.0004958314937124758
2022-07-25,0.002270699625954442,0.0003380850495370083,0.002676194297684155,0.004282357941735017,0.0012151554142079066,0.0025943913305824864,0.004479363522393649
2022-07-26,-0.011648177356724798,-0.012978209215707338,-0.010619738664660643,-0.010406003627975037,-0.012077944848660142,-0.011053697544258508,-0.010517042015798374
2022-07-27,0.012253734180738416,0.01888399980185325,0.00814404158569823,0.011852280059233847,0.01657302759689007,0.015607574616807798,0.012832253384195372
2022-07-28,0.02107572119409963,0.02265667318193193,0.021270443362299468,0.019904762500059153,0.01996906476206825,0.022498528063581102,0.019151563643815483
2022-07-29,0.0076724782182691865,0.009026583626869714,0.005800461578104127,0.00962895934809678,0.007755088086646114,0.008458428883201682,0.008998493166761004
2022-08-01,0.004238946911438001,0.004422812309286858,0.0025756720181769055,0.0038872125579409306,0.003962060909779783,0.004002916169673534,0.0028386468328184117
2022-08-02,-0.008096185872800055,-0.009129142844066095,-0.00856768475178845,-0.0035758646158674315,-0.00734189179820826,-0.0077960741357793115,-0.007933290312319548
2022-08-03,-0.0003613375834557213,0.004920562466419559,-0.003304739461595138,0.0006210770649041075,0.002672443708064326,-0.0004004116412255898,0.00022160769135856628
2022-08-04,0.010779364613129703,0.012335960896788137,0.009873885898477028,0.011160008529338392,0.010703447011950404,0.009347668315198704,0.008717974347729043
2022-08-05,-0.01020506675639647,-0.009879000595601782,-0.009898374070430836,-0.010958628661317617,-0.009780462513042078,-0.009533915652074391,-0.008528963205965474
2022-08-08,0.00850055417166389,0.004605682405761147,0.004075698829740543,0.012465974115487347,0.005277869352022693,0.007254333342361655,0.00721774102482442
2022-08-09,-0.010702193648383087,-0.01758532942507162,-0.011774892261430005,-0.007666435031968642,-0.014596043814908456,-0.010312223596098354,-0.009612623806076491
2022-08-10,0.014179694161498604,0.020198596834668153,0.013035035245033189,0.01467942244814302,0.01746957207550598,0.016469824419939466,0.014659352891631616
2022-08-11,0.012369241552174582,0.009126362511446336,0.01726516474706457,0.007240390184096494,0.01079691208781277,0.010919734085290726,0.01166456176011351
2022-08-12,0.0048288931408755655,0.009557295012276451,0.008622500121606702,0.002075855076551711,0.007755852565928034,0.006239425534448562,0.006530610025274802
2022-08-15,-0.000366536293410856,-0.00014327742298098772,0.0018754340615368056,0.0028790029498310873,0.0002447457469273648,-0.0003207192567344988,-0.0012208584944886566
2022-08-16,0.005978798225538135,0.0029239599107572928,0.00563899488748025,0.006272351976415583,0.003821601689634052,0.004715511210675566,0.005578131071615908
2022-08-17,-0.006879490136444828,-0.011868102880027251,-0.002204567655343617,-0.010994793912178058,-0.00870215699519318,-0.007110177696503461,-0.006697674323131231
2022-08-18,-2.424220787030802e-05,0.0049762848438447554,0.00411632945871622,0.0018759726923223835,0.001724292017931131,0.0005976992027824229,-0.00018165673013989525
2022-08-19,-0.01086540302327548,-0.012399567762336305,-0.0066648476583341665,-0.01075195208894339,-0.0130277003063161,-0.012326397622446028,-0.010845841736439682
2022-08-22,-0.01513583703094547,-0.019168375707647747,-0.00768222579691491,-0.010175348186945848,-0.01760042311203118,-0.017164114045315565,-0.014109849263073182
2022-08-23,0.004256533671209626,0.005840777419466384,0.001337738658448634,0.003704241424726515,0.004534652299165984,0.004071372446295893,0.005291400079135353
2022-08-24,0.008529307748218029,0.0036247519836525854,0.007538996216104155,0.008015740684918032,0.007381006266173579,0.008587463967403786,0.008499321945792476
2022-08-25,0.009009625675753126,0.015933953298076203,0.007485528940908703,0.01079255247360053,0.012080761354491737,0.009740580476666011,0.010832925663384646
2022-08-26,-0.021701147461029482,-0.028819316152245464,-0.015666039638752738,-0.021031374460857635,-0.025938827303648035,-0.023507104387422262,-0.021257225218837814
2022-08-29,-0.00974505929088879,-0.012921427350251091,-0.006153759846610818,-0.011305139227325733,-0.010845378934527194,-0.00911109151469107,-0.009350232589006913
2022-08-30,-0.011914964014588745,-0.013657713838970943,-0.01095253940726839,-0.011643832445615253,-0.01185554036118807,-0.011702160664041332,-0.013192683191283854
2022-08-31,-0.028152905030881192,-0.029159935097481937,-0.026662536686992866,-0.022778816527289317,-0.025484329000079048,-0.02555291830501609,-0.025864103496902935
2022-09-01,-0.009538414643193787,-0.01246905383292727,-0.007422329118253405,-0.01198740673881079,-0.011078323670777039,-0.009242163817280082,-0.009505826639238178
2022-09-02,0.0007341980643611312,-0.0028718587918368788,-0.0014482585783583413,-0.0042376607927226,-0.0005844642601724459,-0.00045566081993454743,0.0008235851323570159
2022-09-07,0.01755566546776992,0.018840350746929607,0.010336842349886646,0.013955929434237027,0.01735634657524837,0.01981194067970593,0.016586164497290307
2022-09-08,0.00661558836166805,0.00934489450712974,0.006924368368430682,0.0011565704796076617,0.007483017491151926,0.006346024909970986,0.006513691242484181
2022-09-09,0.02087175442501099,0.022974354912019573,0.01659165636610037,0.016375939808784767,0.02136400558091192,0.020350970536480717,0.021146218273321582
2022-09-12,0.00755376018123028,0.008088993447013706,0.006148660372401776,0.006381524413271875,0.006920791366793813,0.008232583140103875,0.006135288009309792
2022-09-13,-0.0313335998065079,-0.03953101647246127,-0.027490558583805433,-0.025947003897411544,-0.03485708692343922,-0.03151462160104482,-0.03034127628514026
2022-09-14,-0.00739370548581034,-0.002457521590123926,-0.01034330538882898,-0.008474654588059113,-0.005112267225212366,-0.005487283379072352,-0.005605983889634417
2022-09-15,-0.020907814281278518,-0.020356197303233174,-0.01750112235172708,-0.01461401870435456,-0.02051999473548103,-0.019908837766946914,-0.02047979542591232
2022-09-16,-0.0042826205893413995,-0.00021785258718892697,-0.010240663242144857,-0.005625194215826898,-0.0031869421430771316,-0.005412393047775202,-0.005408522430611448
2022-09-19,0.005466260189377316,0.006382684530510219,0.0008056457705739872,0.002701177445116651,0.00560440540150578,0.005455007010939039,0.006923146577517386
2022-09-20,-0.011662668361764479,-0.012746337385428498,-0.017709919307778176,-0.006760259624644473,-0.011934431209312042,-0.012715213644962593,-0.011902171059701101
2022-09-21,-0.0009622981978424138,-0.0009098331689822645,0.00222584358960818,-0.00040268264867559384,-0.00188569319809314,-0.0017515483907221477,-0.0025342897920264604
2022-09-22,-0.017447667125790985,-0.020584711258994505,-0.011416837037942447,-0.01680080836600433,-0.018729234032958585,-0.018045852092423854,-0.016045143969363566
2022-09-23,-0.018038428079190316,-0.018306124321091702,-0.014222853220791615,-0.017165123712322705,-0.017570632035127376,-0.019182480877482186,-0.020773778598526596
2022-09-26,-0.019060322332977744,-0.017968674356253635,-0.012336920548512119,-0.013892279133129452,-0.018133295850527163,-0.01819196645373134,-0.018838415314938246
2022-09-27,0.00014783285947405405,0.002171599569707923,0.007017748239422951,0.0035825515192293503,0.0010760626051759883,-0.0010609538063317756,0.0006828656108590139
2022-09-28,0.020031738014684653,0.019169333531738372,0.02164251836996646,0.01567064940391988,0.01911987793522739,0.02088610541322243,0.019686094611010188
2022-09-29,-0.0220117556253485,-0.025670419416539816,-0.012638294801920288,-0.019700542780329983,-0.023196935743839922,-0.022883468316451938,-0.021863518468802204
2022-09-30,-0.011785810067780185,-0.013888113949802244,-0.014086612920285457,-0.010124507274571704,-0.012161966612306785,-0.011088549713134221,-0.011326841392474724
2022-10-03,0.02757047801033274,0.03116689936525721,0.028615002244295168,0.021719646364862802,0.02860774523243778,0.026798908659630666,0.027439742632903247
2022-10-04,0.03336539813756318,0.036147331198557495,0.024283684837020217,0.029466520717556274,0.03453994040203724,0.034692457916756195,0.03360188055685946
2022-10-05,-0.002193751003671925,0.00026504420709062143,-0.010092610082864183,-0.0020050796030508175,-0.0006817766936199551,-0.0037424314544569418,-0.00340658848601149
2022-10-06,-0.007184885519493588,-0.00816115861543154,-0.009451373879276664,-0.0037392406717611792,-0.007140984364851416,-0.008642581415383682,-0.0069802264707266165
2022-10-07,-0.025706630278112756,-0.034545646021738416,-0.017221222624305282,-0.01962898155701226,-0.029947435121439756,-0.02613519289297224,-0.02443693074113369
2022-10-10,-0.013017812123183639,-0.018822775001444518,-0.007487533345729734,-0.012362078437206568,-0.015566093068390068,-0.01182209066859976,-0.01053152640584492
2022-10-11,4.4708193485637125e-05,-0.0020949757409288797,0.00010483164437972287,-0.0007831318438151699,-0.0039035540891490597,-0.0010601524675389398,-0.0008739468884163479
2022-10-12,-0.002552642225090694,-0.004704386649408518,-0.0013242182025179766,-0.000980613607019884,-0.002984062524327244,-0.003208200929104038,-0.002851789768448215
2022-10-13,0.0018118890605714397,0.006088084504269328,0.007594597129264899,0.00036181090929539306,0.005410421738106672,0.005057206041629028,0.005328292034366758
2022-10-14,-0.010982585007318038,-0.018724797589508076,-0.005526267406531983,-0.008656517789548741,-0.014938490992818902,-0.01313600805071325,-0.015171197201908009
2022-10-17,0.010580643151080824,0.01323772000834729,0.015085389676296676,0.0092910921656615,0.01221794363651836,0.013463158265725153,0.01253779526383915
2022-10-18,0.0083697691607622,0.007304565756551376,0.011207955644393114,0.004898813598637114,0.007351744457408355,0.009439711493664404,0.00894400760870806
2022-10-19,-0.004280032322181048,-0.0031954135919052204,-0.0059126543501076476,-0.006546262726636977,-0.0027368026892483285,-0.005761419631831945,-0.004307877321410185
2022-10-20,-0.0059746483791828855,-0.002064415319599236,-0.00015431947434273174,-0.002117692854653061,-0.004234628072508864,-0.006391894347822169,-0.005361734644870483
2022-10-21,0.017137845570799035,0.020848035486754943,0.019576402257612355,0.015040262535068724,0.019304772819313185,0.01866963823678873,0.017795889069495488
2022-10-24,0.009358223564765107,0.012823417810871332,0.01201608541351605,0.012322220139142678,0.008584191059786625,0.00971579072392749,0.007707671906817454
2022-10-25,0.025349682276341854,0.026297663511211225,0.02472543668906131,0.02146111406242561,0.02416022178660153,0.026374066204186766,0.024769603441520335
2022-10-26,0.000722632765780527,-0.0024235477379473194,-0.0015876599892965734,0.0012765107670423617,-0.0005920264399659689,0.002199818938130267,0.0019075215327293907
2022-10-27,-0.005141019841644533,-0.00918208663395556,-0.010250075624321411,0.0014466618679734172,-0.0060605442726197195,-0.004149309149374905,-0.00414380619205186
2022-10-28,0.008140648067569598,0.013711535237264469,0.006546979560085375,0.0051020043250487035,0.011895788607323002,0.009030096143251357,0.007504954204985467
2022-10-31,-0.007935006386105297,-0.01038327584157938,-0.008736160495921873,-0.011734065058646652,-0.009251448752959739,-0.008016506387344045,-0.006661120810479405
2022-11-01,0.005817448096366369,0.006356981005235449,0.007417471932477368,0.008058719392194283,0.0059556564213764235,0.005932318054511651,0.0058499651481217635
2022-11-02,-0.006875598464916263,-0.009970338826177809,-0.006939885099133868,-0.007833567681852859,-0.009598259395896779,-0.009063100497412942,-0.00826753063742678
2022-11-03,-0.0009836614255754725,-0.0034438180221375986,0.0035145432544269606,-0.0010138350665946788,-0.0023263706450459,0.00022625562332859173,-0.0030394257880129866
2022-11-04,0.01956380054595384,0.026027626501534146,0.020023388013679005,0.016062042864614462,0.022927500473213097,0.020244856581363047,0.01913281068249864
2022-11-07,-0.0001398186332085386,0.0022805669676461693,-0.0008971799486964249,0.0007381735820504998,0.002346307034689632,-3.886492789928475e-06,0.0007904875954072021
2022-11-08,0.014536190276903449,0.016628599191726323,0.00976727502514442,0.010544335916149894,0.015415412245226107,0.015012057096251086,0.014758132596891571
2022-11-09,-0.014710654548703248,-0.020126098408091896,-0.011377880292819172,-0.013458905602115094,-0.016269685137129612,-0.013946783045897908,-0.016772850552473094
2022-11-10,0.056313363903448065,0.0671303620319525,0.045393725299677556,0.05107919484148357,0.062046781132816864,0.056908110912267496,0.05413498822238133
2022-11-11,0.016167088870172253,0.019406495801697378,0.012400789946841594,0.012529398366544549,0.018244847093818163,0.014767608333015915,0.014339988373761832
2022-11-14,-0.0025545224263500057,-0.004474897924588557,-0.008349688147679037,-0.004109144649792985,-0.0034183934230043664,-0.0029084963091643226,-0.002221389239144174
2022-11-15,0.013612999896438303,0.016050809820953527,0.013079675964769139,0.011238961468603842,0.0158492368967989,0.012284374304139617,0.0128511340894647
2022-11-16,-0.011954789721382721,-0.01992908250018592,-0.010986008466398967,-0.013856590944014535,-0.014959559721683946,-0.010639502234079265,-0.011886981772006838
2022-11-17,-0.003469857725942826,-0.0010632417362668525,0.002016386969114263,-0.0042432861750884635,-0.0020935165762513766,-0.003049912481916238,-0.003660487654268567
2022-11-18,0.006823727286078416,0.007115404576432546,0.008355857575831613,0.00608895010992043,0.0061989633525491444,0.007019233535991362,0.006054420446296907
2022-11-21,-0.006715349421347112,-0.00990442067776292,-0.008911321344494232,-0.007006808775333544,-0.008062536830322146,-0.006628390943270661,-0.005583278332503626
2022-11-22,0.015158555364014224,0.01895928914302246,0.015139487525883219,0.012809361746019973,0.016897602771131073,0.014598781685713977,0.0151406075629575
2022-11-23,0.01088914965663628,0.011155174683366575,0.007824895799552381,0.009800269761697566,0.010614964156643147,0.01049491110611081,0.010705945958410235
2022-11-28,-0.007711831943733356,-0.01185800015312509,-0.006034628799006431,-0.0029448014576313464,-0.009696992242066868,-0.009234405171463511,-0.008555535267171163
2022-11-29,0.01032618312399304,0.0091462570305956,0.00784342779186592,0.008356584946880227,0.008694017479948385,0.008802274994098108,0.00978825656353663
2022-11-30,0.01759608756604295,0.025562929589664732,0.01964566816908188,0.017259387724379724,0.022527326669188955,0.01854286812735982,0.01739667451414341
2022-12-01,0.032057553697293545,0.029053177414832078,0.023721231749142806,0.02785293743830889,0.02764966867621501,0.02772871406447714,0.026724571731134107
2022-12-02,-0.00486394107240236,-0.006524203728644894,-0.007168264217588795,-0.003117895074620493,-0.005974001712595316,-0.0035169361107020083,-0.003416751042190365
2022-12-05,-0.011278890382123477,-0.01233950255477164,-0.016372075145270622,-0.00576576277447282,-0.011359787930638139,-0.011044509900214682,-0.01274629540405172
2022-12-06,0.001465682211971472,-0.0033749520566282026,0.0013906405377828723,0.0026902658498289544,-0.0014581435132833137,-0.0010098564278335498,0.0004017021610290966
2022-12-07,0.003489863685671581,0.004013183453360394,0.008796729074565787,-0.001152833868391323,0.003024747243241463,0.0035206806911759064,0.002859596973891876
2022-12-08,0.013081362096422047,0.017934303620847053,0.012101003137155536,0.012466584880136411,0.01463028309862932,0.012253601497989625,0.011696049962668181
2022-12-09,-0.0012363377312434943,-0.004132400182043902,-0.005547460589703693,0.001998950068250349,-0.002084873195836487,-0.0010002201456203175,-0.0014697027756170739
2022-12-12,-0.0017142635340304001,0.0014731416013201715,-5.022154889458563e-05,-0.0017630009328605117,0.0007269027204916123,-0.0014456217100029256,-0.0012359396840146697
2022-12-13,0.015022497331581943,0.01671004389162442,0.01648269494776619,0.015929008483822088,0.015226530204501987,0.015236382488640121,0.013948990266387407
2022-12-14,-0.004837301362440213,-0.007847515855540242,-0.007314749993950952,-0.005595048736498624,-0.006384685043062478,-0.0042727062020775156,-0.005238488770683329
2022-12-15,-0.02139358715568386,-0.026550242274566843,-0.02462988866707823,-0.022624799844881333,-0.023478743823899445,-0.02280854908366943,-0.02137245212755233
2022-12-16,-0.006837139776165156,-0.005658812415104707,-0.006015472872556792,-0.005838955931646676,-0.006952303871882427,-0.007875176586293199,-0.006819801458627907
2022-12-19,-0.007156099755958869,-0.009098777217439687,-0.006857640680396258,-0.01052181245951967,-0.0077407908234351855,-0.006850763609292161,-0.006995737913866672
2022-12-20,0.0006298816720219293,-0.0004120164034559573,0.0011813892598293643,-0.00019734805450229848,-5.98294953589526e-05,0.0005370594699721995,0.001446730590919161
2022-12-21,0.009579617401372014,0.013262380155122364,0.008086498823633048,0.01175672767821588,0.011175193869607788,0.009749461431583742,0.009635810273084203
2022-12-22,-0.00820689859433823,-0.015955009309944833,-0.01439951283241215,-0.011772004995928974,-0.012362388799377823,-0.009091249231979882,-0.008479968553430868
2022-12-23,0.004617890178316692,0.004627157187519201,0.0005924366595899122,0.0007521734573362193,0.0040283697873006175,0.004215353742393305,0.005032364848215051
2022-12-27,0.005079871182372329,0.001097821395928525,0.002510067762463347,0.004034988266586312,0.002208796420974185,0.003636411524032282,0.0045172433384491895
2022-12-28,-0.012428790255812665,-0.015359743394317747,-0.013463017289893735,-0.01188151440157114,-0.012463962997997964,-0.012673951777863547,-0.012509270663130838
2022-12-29,0.014584353533128178,0.01689591373928727,0.006667424840094971,0.016423567274403597,0.01684139738845787,0.015093295289392808,0.014094667896158056
2022-12-30,-0.005563846354993534,-0.006861782373685038,-0.007056415374918926,-0.0019273821492772902,-0.005359189420481553,-0.005821050493537247,-0.00541927854698987
2023-01-04,0.019914002994956364,0.022037030375038846,0.01892296488286971,0.01857835992728693,0.020602823188668767,0.019704239612081786,0.017762383594114334
2023-01-05,-0.0033263284743686766,-0.005313863897336471,-0.007863535707883132,-0.004736922099727564,-0.005150233768867418,-0.005050640023759115,-0.00349614792887927
2023-01-06,0.023127367492100186,0.02926463501804176,0.011895648692006919,0.022700414225030927,0.02570364352629574,0.023602801143141575,0.023649023840235192
2023-01-09,0.007889309577515482,0.010713169202597725,0.0007028552689444384,0.004815387791241549,0.009625551431735671,0.007670371182893196,0.007475864988078715
2023-01-10,-0.0017353228048553806,0.0001569798611026768,0.0012486953674414464,0.000516642324260394,0.0001056471471680559,-0.0008667944645122244,-0.0005634330876959498
2023-01-11,0.005285892935619651,0.006938587703683219,0.007306600474512398,0.0079236846241236,0.006091452241068579,0.006666428018261256,0.005488006017905056
2023-01-12,0.008723101139591951,0.009062540721985653,0.010133938678060374,0.008728282566454755,0.009504944700832386,0.009261176416361462,0.009234187201158157
2023-01-13,0.013949110656401609,0.01308636444482774,0.011492291256215058,0.012247374254266523,0.012655500546992708,0.012526990767315165,0.01271868064377981
2023-01-18,-0.006373180668736845,-0.0068179544563025316,-0.00786624874911477,-0.005297713206769604,-0.006358026530439757,-0.007045572580750455,-0.006929680269304135
2023-01-19,-0.008342373613430765,-0.012399447801521794,-0.009173316045118597,-0.007377529439079995,-0.010356597113059189,-0.0096103872688909,-0.007816040789159436
2023-01-20,0.009661281266339155,0.014206311220092416,0.005776797678080606,0.008867905383817626,0.012518295124927525,0.010284776799470735,0.009897332812317222
2023-01-23,0.015527496373543956,0.022941627274976173,0.012773285708165119,0.015652079922536755,0.01948055131882226,0.015472689964763725,0.013960683492910797
2023-01-24,5.261357206260646e-05,0.0018077637015201792,0.0018684176231249655,0.00019417089033156587,-0.0008413034947825221,0.0004336876854513366,0.0005157571651883824
2023-01-25,-0.0042990066231023095,-0.004125496174963023,-0.003437543923063724,-0.0062318611300837545,-0.0036347257472791605,-0.0038948989377935728,-0.0036652917875548974
2023-01-26,-0.002428511707249638,0.0011499325220654527,-0.0004847208791998875,-0.002129612068603251,0.00011493100058514172,-0.0010977004873578416,-0.0009559556625752114
2023-01-27,-0.0016965396806025632,-0.002058670748878534,-0.007025953853927035,-0.001086973846374538,-0.002304447161340449,-0.0010478462148686349,-0.001784220465139423
2023-01-30,-0.0051765942620245154,-0.00806646390397349,-0.007946983759004642,-0.004223568923181514,-0.0075228712942643355,-0.005571186732762787,-0.0056221874447916625
2023-01-31,0.006202671823390436,0.010018495006643216,0.004346124211344421,0.006302676791293468,0.007327357494334011,0.007129288047784274,0.0070945523049947695
2023-02-01,0.012622031204924998,0.02107475700238201,0.015328927826840644,0.013842835100377288,0.016938417874294398,0.0128545292652118,0.012145661751762571
2023-02-02,-0.006179431898603324,-0.0001630435814364839,-0.005539446629957881,-0.007159481361320191,-0.002733613873540347,-0.0057819922340799496,-0.007037903237141402
2023-02-03,-0.005689757142349301,-0.0060889000123257875,-0.008625731238779452,-0.004642210935398114,-0.007275560509186096,-0.006158746109418439,-0.006521745269700938
2023-02-06,-0.0034668912720928597,-0.007571530091970785,-0.0038152113201300186,0.0001463513279842954,-0.005112423919713657,-0.003452515687708005,-0.0037525654060144714
2023-02-07,-0.0014104035940002819,0.00486401299742948,-0.000665404928273737,-0.004907347768453273,0.0025191212069437877,-0.0006560782672687324,-0.0010671984940678267
2023-02-08,-0.023390150976029072,-0.026157674265938798,-0.021145940631539316,-0.020286986080345466,-0.022915424058166385,-0.020963299359196323,-0.020744162452451052
2023-02-09,-0.0014409645657602924,-0.001968867215196693,-0.005756741483734326,-0.0025655155160294735,-0.0007652986087108571,-0.0016547068470280785,-0.0018454784560737597
2023-02-10,-0.0012353880089585995,-0.0020790933212117696,0.0007868525602430926,-0.0019098618250380645,-0.0031812537761201493,-0.0014365573635205103,-0.00014395169206883607
2023-02-13,0.008641407607014831,0.011537814158197657,0.0063951992589539874,0.005584825082386793,0.00944127946681006,0.00943675713766065,0.007713924286093549
2023-02-14,-0.0006609598730801723,0.003148075259716304,-0.005141974366696417,-0.0008216537929114087,0.0021116263193154405,7.228272057507867e-05,-0.0003287893132386255
2023-02-15,0.0051678837679187675,0.0052993315716819145,0.007113346088600286,0.009249717736484309,0.004516961960991064,0.005764667071274571,0.004591090671182491
2023-02-16,-0.009123488437584695,-0.010021893941978215,-0.006956054867219265,-0.010669908176996583,-0.011377322375729713,-0.009636567445414627,-0.008273467330491203
2023-02-17,0.003933277604890373,-9.618845250410069e-05,0.0029994844545179616,0.0004658523702073536,0.0017352089975565116,0.0035195637246053513,0.0029842003488839974
2023-02-22,0.0002037795835624988,-0.00039446249723619486,-0.0018346657469355543,-0.000540956550202254,-0.00043237402882445597,-0.00024707419706672396,0.0006570218619807305
2023-02-23,0.0008088291075120657,0.006773771948229791,-0.0023132592606427207,0.0008795189771798953,0.005136926169330348,0.0023484155874304927,0.0018859161633034763
2023-02-24,-0.009116218953539406,-0.011594528742837534,-0.006390605508228467,-0.008861745428449239,-0.010208267486193703,-0.009701483004725842,-0.009435672449635918
2023-02-27,0.004759798431916682,0.00439429493142772,0.004948342417089566,0.0020152708934134678,0.004726298631689732,0.005846971112231633,0.004839667279565349
2023-02-28,-0.004380640676287025,-0.002326077056815118,-0.003953802778734014,-0.004435168073370896,-0.0037703690103506327,-0.004465328940169877,-0.00489583611557777
2023-03-01,-0.0040551460934752604,-0.0037052259772163768,-0.00492080072543475,0.0028511963212090943,-0.0034647248016155194,-0.0030716251038456696,-0.003082823969553554
2023-03-02,0.011278019221468745,0.01171514215081261,0.005002106058822564,0.013777352103524945,0.010974469865139017,0.009907840133201659,0.01123123933706853
2023-03-03,0.012651044741751652,0.01314377585057376,0.002915941651475129,0.009583187566364476,0.012766126827397736,0.013350770349155563,0.012084346462138365
2023-03-06,-0.007513652851682801,-0.008437287743107022,-0.0076789328121971145,-0.004766841793267487,-0.007686870703719484,-0.006198913053781549,-0.007401732108179446
2023-03-07,-0.012978659191752022,-0.012173589468776197,-0.008656910216866584,-0.01333628367866184,-0.012751620886446283,-0.01309923697688653,-0.013549298702766527
2023-03-08,-0.002133997697055935,0.003320288602926151,0.0011504760278392354,-0.006286255745600759,0.001402627020681134,-0.00130426876044646,-0.0007794337261640208
2023-03-09,-0.0022323819055373806,-0.005811296553403289,-0.0010274681035039451,0.00018137749927919777,-0.004348298985526272,-0.003621721941251946,-0.004516348943513368
2023-03-10,-0.004736619734856959,-0.00685706884894869,-0.00799161754175274,-0.001126256301782251,-0.006167263702708474,-0.006073315713813678,-0.007161588786263724
2023-03-13,-0.0020969488387079147,-0.0017035190030952815,-0.0070916167002719535,0.001614960034805997,-0.0019189648343959018,-0.0017543263851641719,-0.0030949533465404674
2023-03-14,0.008321346548852098,0.012960917701399802,0.009095056335352444,0.006851253206465818,0.011022330537774835,0.00964118935811932,0.009205405654488089
2023-03-15,-0.003888008572039755,-0.006791069712041166,-0.006521088831429427,-0.004043828139516974,-0.004806949802438072,-0.007837147929039022,-0.00700259311686071
2023-03-16,0.009473630391185395,0.015428573129751086,0.011102053583528379,0.0107081176471049,0.013291075435696145,0.010254284510199177,0.008949847917790368
2023-03-17,0.007890126976982508,0.007521916733669427,0.000588479805006363,0.008094150743610619,0.006267938922180076,0.003988741490535887,0.005425722675603407
2023-03-20,0.0038293746501287173,0.00408741158562731,0.001288352351565783,0.0028098189470981277,0.004609085367899002,0.0056752299317086585,0.0051638341497901585
2023-03-21,-0.0027589689023580417,-0.004216864672237287,0.0011617872239535684,-0.006261717795106696,-0.0020185966008651815,-0.00017257604642465646,-0.00013541002632670024
2023-03-22,0.001307402130422472,-0.0006483827332205774,-0.0017362513157472212,0.0010354401827870827,0.0003406742397370696,-0.00015603038102848105,-0.000508840790884986
2023-03-23,0.008427247278936257,0.013654305665298558,-0.0003960184214844703,0.010349431372021281,0.010697125889058398,0.007990473628215103,0.006469642766562242
2023-03-24,-0.0009064529565436165,-0.0035469074260786465,-0.003900121742092061,-0.003143738108544833,-0.0027692991249026466,-0.0020347442572778013,-0.0009573715045783499
2023-03-27,0.004151275258428605,0.002685274639165805,0.00868216497094354,0.00540124701257394,0.0021743067161797275,0.004778534547807217,0.004977892422613206
2023-03-28,0.041350921016553764,0.037552299492208854,0.03387099770634082,0.03729251997293341,0.0353127909514586,0.03652948203289359,0.036744116142383085
2023-03-29,0.00029557808776977057,0.006347708657355754,-0.002591077641402255,0.002527833179960297,0.004150190693879556,0.002497186516962367,0.0015102468873969196
2023-03-30,0.010456122316933903,0.012281355547589773,0.008643326252946157,0.011895493522648598,0.010939133980136045,0.010536673400780211,0.00960106931665522
2023-03-31,0.00856988918101382,0.00946061754455843,0.005918915735451891,0.006393188067713357,0.008369054970755185,0.008935728007948118,0.008675273306652409
2023-04-03,-0.0014492553588027718,-0.003429898992198352,-0.006266157403450379,-0.005049410224801432,-0.0019805110941726184,-0.0016264795301577234,-0.0007644066247480819
2023-04-04,0.0033311629645623488,-0.0011655957318232393,0.0006966326083887656,0.0014632831763000329,0.0009945708268318185,0.0007839481571618248,0.0011661141280724999
2023-04-05,-0.002394675150838679,-0.006726039582030198,-0.009097794982066969,0.0003139851918036937,-0.004283233548999003,-0.003806060173843058,-0.0038397338113072763
2023-04-12,0.0007435525883231565,-0.003229115751538121,-0.0026385336499342646,0.0032213147995546684,-0.00157119338009485,0.0014228297789505504,0.0007810524103851399
2023-04-13,0.0052537247640693065,0.0066179192808829765,0.009553824943766158,0.00727091973021559,0.00560567378934284,0.006158065932827049,0.005769973359502405
2023-04-14,-0.001948960135879109,-0.0021472703124766693,-0.0031608834825362295,0.0011401416545048296,-0.001839077032887347,-0.0024890981959662037,-0.0016910013730985704
2023-04-17,-0.007793063617879982,-0.006109483094182716,-0.006655464914314374,-0.004804021214740495,-0.006908196882768031,-0.005784560162874763,-0.005929552488662837
2023-04-18,0.001054542770805752,0.001917329891860671,0.0016076132321055162,0.0007478483722719378,0.0014834724015096792,0.0014228336142441747,0.0009654679530350443
2023-04-19,-0.009163838051668665,-0.008128699838768155,-0.0035513455414729334,-0.008267691058652299,-0.009203993795287982,-0.008452615157952814,-0.008929636975192987
2023-04-20,0.001821758862858807,0.002270553014181935,0.0040960068263119695,0.000488877482115839,0.0017336846409515203,0.0012864313579077288,0.0009342616078671859
2023-04-21,0.006774883665879037,0.0024367742455035646,0.005341816240932495,0.012818962719301247,0.004647680496231765,0.006030798514207125,0.004976346292463268
2023-04-24,0.0011135230332280758,-0.0005173301734620189,-0.004276026339668795,0.003182955905207646,0.00030489341854225693,0.0013979781176636508,0.0014247593371479739
2023-04-25,-0.012121840155921564,-0.017658323179447072,-0.012249725212197693,-0.011595292044076,-0.01456900540882318,-0.011502201060986095,-0.013299442642485837
2023-04-26,-0.014289736747015074,-0.011006952571104234,-0.012737119136893627,-0.011029695035269821,-0.011630740796371775,-0.0154803290457831,-0.012592300119608948
2023-04-27,0.006394578045261271,0.0023380367507843808,0.007258377234124244,0.00363802959453359,0.0068045029001063545,0.008248643708370126,0.006276369245649935
2023-04-28,0.009325954103727836,0.011580277838582655,0.012074035799868106,0.011934602163031723,0.010252284499552018,0.008250712440027543,0.008926006440945829
2023-05-03,-0.002283062500310446,-0.0038972179414584543,-0.004130695283085663,0.0008306084074183664,-0.0032882661259155746,-0.0021145461011969832,-0.0023376664222068064
2023-05-04,-0.006084890441437419,-0.006954441254923421,-0.012592094580648944,-0.0038402115494956257,-0.005743623207684734,-0.005883254632880364,-0.007221602372591451
2023-05-09,-0.004359544272701529,-0.00906412000642319,-0.0042988745294899045,-0.003920207915319246,-0.005743519785936221,-0.004121737692599853,-0.004619520374005426
2023-05-10,0.004641045250416016,0.005186612579603102,-0.00039942392724704595,0.003106192843224574,0.005076023968439876,0.004189209242414067,0.004345958472278179
2023-05-11,0.000606403943930356,-0.0012987064525899691,-0.004208043695073153,-0.0003044957005741908,-0.0005770141862458875,3.074102441175813e-05,-0.000981185018357665
2023-05-12,0.0060590668227331924,0.006358892125669563,0.0037566025597778607,0.008790437119068156,0.0051594479486096745,0.005494710143577053,0.0046956046457987954
2023-05-15,0.00216485961347544,0.007260125296697562,0.0008818272266526289,0.0022417314855044945,0.005169270036994245,0.0029478106340427856,0.002944812034307104
2023-05-16,-0.015490927300911766,-0.013777704241374165,-0.015313969141290636,-0.015197833507361418,-0.013584292811224842,-0.015427479758766675,-0.01574384007584275
2023-05-17,0.005163855214519183,0.008441642727285245,-0.0025695876938024442,0.003541524529233106,0.007898894384518032,0.006186950686796713,0.004595208793693642
2023-05-23,-0.012288662897724192,-0.012149803331376517,-0.010648642887738403,-0.01113823605611234,-0.01255451666340484,-0.012236455897311364,-0.011457491196970072
2023-05-24,-0.004663229457361188,-0.008107504315772111,-0.010710303206467577,-0.0027650923047728357,-0.0059181471685961565,-0.005659010426565726,-0.006237884100337689
2023-05-25,0.005029676810660267,0.01680326310058012,-0.00026134763460097105,0.00301174779699432,0.015147846797926225,0.006337820486603564,0.003820734129710103
2023-05-26,0.014791563035863787,0.023825648164635824,0.007039830232919583,0.012727024375712354,0.01908314940258736,0.01481153415515589,0.012848098710705733
2023-05-31,-0.007170769712592806,-0.01027756471980696,-0.008669240869142981,-0.008038958022877206,-0.009431706233991984,-0.008188467698949466,-0.00788969292019407
2023-06-01,-0.0207945843159293,-0.013118797119860387,-0.017912993206816497,-0.019931140442865897,-0.01631589721358684,-0.016581778368030847,-0.0171097245093961
2023-06-02,-0.005318633401807739,-0.0034840516913676525,0.0017263726567480972,-0.004261935680377089,-0.004960962315221508,-0.0025591768630346193,-0.0013288265498952803
2023-06-07,0.0027098080700990964,0.0007823392474063662,-0.0019815371682864596,0.0027499274408390173,0.0016571816823671426,0.0027418770639321965,0.0030705992110366676
2023-06-08,0.002180605254888438,0.0054106137150415345,-0.003986891070089621,-0.0011227643368794948,0.0033526614753249806,0.0028938140200651385,0.0015215587556146742
2023-06-09,-0.007691985819196001,-0.004810540901734321,-0.011924211885157888,-0.008148830491203428,-0.006157519991296288,-0.0067182578422347525,-0.007505813528069304
2023-06-12,-0.0021112284878639282,0.004369283164133188,-0.00015598830103113331,-0.002492608522293542,0.0018471800798618224,-0.0005759414630813961,-0.0008799000611195915
2023-06-13,0.007372405977399306,0.009993169691467373,0.008389409573310962,0.005745178857932569,0.00817892333888142,0.007987776422607722,0.008448235645581913
2023-06-14,0.00033614738012095144,0.004168114998512884,-0.004545561523025793,-0.0007679381465937329,0.0021943644558743425,1.920856823822703e-05,-0.0004983579522006704
2023-06-15,0.00415690818730364,0.0011567994979337151,0.008637542653219317,0.003917755015844716,0.00273755507434479,0.005206815014929901,0.0056311719517066
2023-06-16,-0.001925905775547473,-0.0020912342791852417,0.005200936620122026,-0.0022162523989758265,-0.002575248200517452,-0.0022886424118917503,-0.0014285232951627425
2023-06-21,-0.0012910289430634642,-0.007597725250427498,-0.0005318567028320675,0.0009578449151385615,-0.00399212736130726,-0.0013576938350709639,0.00018854732352682757
2023-06-22,-0.0034075496214212653,-0.0022013267024581784,-0.004786531410741313,-0.0005042762549439805,-0.0023622072402241234,-0.004015858291286076,-0.0038765129091576367
2023-06-23,-0.00833046589801797,-0.011982199347362207,-0.0013915367179369725,-0.011218577397458074,-0.009413044092492245,-0.008707985410607813,-0.009259954699374781
2023-06-26,0.003382887253618841,0.0029132730947211694,0.0002429973974670957,0.0033343464310265497,0.002383888024235406,0.0035488003327745904,0.003705107610832467
2023-06-27,0.0015307721588708428,0.0076480530307080075,0.005571502260962979,0.0032343399356938585,0.005306045836885626,0.003402020543360279,0.0015708710406703297
2023-06-28,-0.00022973144097954176,-0.002690914859983247,0.0019914938802388857,-0.0024783040079790833,-0.001331304172555843,-0.000745192172055216,-0.0008940936402421287
2023-06-29,0.003140158247214031,0.002375775772820346,0.0026705854683790053,0.0027467988907362434,0.002564476528805107,0.0030512725288219383,0.003351641043720169
2023-06-30,0.010932540719578878,0.011670863029179593,0.0060959132772212266,0.009476321051765477,0.011508670013052849,0.011928595074627166,0.010537019161439495
2023-07-03,0.0064626339389112376,0.0065096946962964475,0.003010996612745606,0.010669539717443471,0.006763206454508119,0.005797481666339865,0.006633638817863302
2023-07-06,-0.0098094254410268,-0.009131729905112608,-0.003548950330780752,-0.002610926938172352,-0.010067973481955587,-0.009980192195017494,-0.010307500799028639
2023-07-07,-0.0012592885834148096,-0.0012985539532067297,-0.0022508572695455614,-0.0031634560143135315,-0.0009843524277374227,-0.0004320468719089532,0.0010023579708954566
2023-07-10,0.007178278791711305,0.009986756129498814,0.005751985600660703,0.008537310490737499,0.008050528779265459,0.007419679522252587,0.005352813388025457
2023-07-11,0.0010680501837554903,0.0013307842905256745,0.00738720393912122,0.003992257075632513,0.0010668700003339665,0.0016067721901986826,0.0028507832114853665
2023-07-12,0.0176868711932545,0.019158282229459936,0.012780788343665653,0.013323659642261232,0.018102895927657722,0.01762521958584222,0.016004465811968613
2023-07-13,0.007552167898537394,0.009945749113464353,0.005315049822459714,0.008109810330744566,0.009609752753076878,0.007735007210953465,0.007810923437871098
2023-07-14,-0.004047552908048042,-0.004315485160040218,-0.004637176908146794,-0.00342758130736006,-0.00457664186368912,-0.004204706079241068,-0.003988354441218485
2023-07-17,-0.00716788336546876,-0.0014810169145380858,-0.009079534166787043,-0.004875531270136485,-0.003945547302524388,-0.005429822830481795,-0.006137389802449406
2023-07-18,0.0029229977618087655,0.0033816519321824903,0.008482841987983665,0.00356315605247063,0.002901747214774965,0.0028596466544438606,0.0042744451402524156
2023-07-19,-0.002247963173734467,-0.00479772870304572,0.006158454813111475,0.001439634500629755,-0.00327732751714567,-0.0024073431937663287,-0.000965559380489811
2023-07-20,0.0005961731509767329,-0.0066993557969261056,0.004833376840226493,0.0009416639755172804,-0.0039004076595113082,-0.0004552851708233205,0.0011352702710767867
2023-07-21,0.00018656394558212535,0.0020712157771220485,-0.00271943515325182,-0.0003431176307097661,0.0008332985805203919,0.000643849928676582,0.0004976151373047577
2023-07-24,-0.004286997158144226,-0.0027660651823312177,-0.00498435296753777,-0.0006794530163281021,-0.0036454729202402836,-0.003435836672037007,-0.0031421544496487708
2023-07-25,0.0020385558477281946,0.005494739898027498,0.0020953883818990576,0.0038319012562106486,0.0037896723667284055,0.0016905347697991624,0.0030968024529279686
2023-07-26,-0.0012043530751997737,-0.0033785264071382604,0.002809911104564952,0.0010386647143428157,-0.0024206021978821907,-0.0021028602202038393,-0.0008824428300020365
2023-07-27,-0.005730335534342925,-0.0027640608348218076,0.0026262063840609973,-0.006613108324522596,-0.00276744584911201,-0.006024938576934438,-0.006112045350493034
2023-07-28,0.009862973602364966,0.012500380860788841,0.005460296991300025,0.00579554386428472,0.011043396945323976,0.008381246131258173,0.009162388440357778
2023-07-31,0.008925214377963104,0.008075321332593949,0.004027581479647477,0.0062266358608652345,0.007903025770748057,0.008355761291687636,0.008053077402788433
2023-08-01,-0.008896974856766089,-0.009336704435947016,-0.006035743101828195,-0.009406384438780044,-0.007854895009950888,-0.008186812336366228,-0.008614087218177482
2023-08-02,-0.011080345621074787,-0.017312794137114507,-0.011090068291601723,-0.008339219906569856,-0.014281669917491413,-0.012660471509591265,-0.010774750818006662
2023-08-03,-0.007342378996817238,-0.005872283620820054,-0.001081657524933069,-0.004007688086943975,-0.006788334452223349,-0.0076759284306696235,-0.006976262396096583
2023-08-04,-0.003906299325864646,-0.002388848970815996,0.00013191517037465517,-0.003837825574541029,-0.003369374163267727,-0.003822964704898596,-0.0031701100698839774
2023-08-07,0.00545684640105549,0.008692233760924671,0.002825262786703149,0.008658843427210176,0.006119961812460155,0.00504557691566062,0.005662492270364104
2023-08-08,0.015302556232676545,0.010469019784615091,0.009832136190251375,0.01688472166215796,0.011329248018466562,0.012566654307847216,0.013187435905124875
2023-08-09,-0.002278246346299901,-0.004807651110616623,0.0011070555229905354,-0.0011794656653785207,-0.00447160236188926,-0.002426289285111169,-0.0020079442006599446
2023-08-10,0.0019866469932085756,0.001014809967527966,-0.0016849779147115607,-0.00021414643656651744,0.0014638657221849455,0.000832422488887305,0.001144803651847423
2023-08-11,-0.008316662217166362,-0.011152176992058893,-0.0095735001070434,-0.0036249787893934127,-0.010411043263417755,-0.0077770816355489936,-0.007597069477129431
2023-08-14,-0.0047390037490766136,0.000818805668346502,-0.006333861997947797,-0.004280523223090825,-0.0003421749571370855,-0.003770127977068931,-0.005109062145754829
2023-08-15,-0.0069941544652851895,-0.008814480570268013,0.00033636698065818427,-0.00626650521540649,-0.007621623501450375,-0.007608864344656532,-0.008309513709366792
2023-08-16,0.00042210302966558635,-0.003614803731620035,0.0061619308568527445,-0.000765037600277664,-0.0016041160077615926,-0.0008589957394355488,-0.0008571841786070913
2023-08-17,-0.0034897135794548706,-0.005568912408187535,0.0019913173652395533,-0.005764582965014878,-0.003898220417285783,-0.0041533814274955505,-0.003234772472702027
2023-08-18,0.0033095163935622663,0.002187656816188932,0.005718217610947152,-0.0010094132630872055,0.003428464025546002,0.0032571092518339784,0.0022302229532597667
2023-08-21,-0.0034436795648237523,0.0019033597815978492,-0.0003819201744922479,-0.0017884957890536707,0.0011867861386158224,-0.00230562960411064,-0.0031196742777952063
2023-08-22,0.005684842697496583,0.003774122806034466,0.012581282077557751,0.0027888913097932483,0.00372458885475227,0.004974237360309511,0.003832614338714513
2023-08-23,0.009815216876947277,0.01168941039114095,0.013833194931491863,0.01644903990815201,0.011296797931939204,0.01046886025492251,0.009294958407461903
2023-08-24,-0.010982500931349375,-0.016044438019214992,-0.004686573348828917,-0.011788621919784283,-0.01284168238213531,-0.011386730702575516,-0.010465135860679091
2023-08-25,-0.0056874421970628765,-0.004163908274312018,-0.0033746916510041594,-0.008292567066586272,-0.004749724899932507,-0.003506221843145703,-0.004484318203713984
2023-08-28,0.006299075985119981,0.009064712330600314,0.0011880441004660097,0.0064557876159814925,0.007054375293079354,0.006598423560166364,0.0068139433625391405
2023-08-29,0.012022060953980934,0.015087423420561422,0.009809319868110497,0.014586940828805225,0.013724435481265715,0.012373389463629217,0.012551076306162992
2023-08-30,0.0025432106650747194,0.003465162295363901,0.0066307484163582245,0.0028124269901971047,0.002863239029634791,0.002509218860327851,0.002404353828822349
2023-08-31,-0.0015395813021609034,-0.0004327497632372612,-0.0015867108927945794,9.701510920068213e-05,-0.0008410015028680329,-0.0020491712937110163,-0.001809007830326087
2023-09-01,0.0027404073374704086,0.004419565689818626,0.007468772380159826,-0.001936843499554551,0.0023898616541604897,0.0024845661833630614,0.0034446484186836032
2023-09-06,-0.0026223947970345214,-0.0029568325077518193,0.0031338179234392527,-0.0075235838004295424,-0.0037475445563911747,-0.0027330484872428173,-0.0035530013316963927
2023-09-07,-0.00016163096418540568,-0.003932656183881278,0.0038592261354930685,-0.000622907528074812,-0.0029118256590773828,-0.0005060124231704849,-0.001336954474366367
2023-09-08,0.0008042626851604604,0.0003112819581362891,-0.004131431635018695,-0.004834764339513062,-8.097941175561063e-05,0.0006406639320179208,0.00013841629405429712
2023-09-11,-0.0024272777334476098,-0.0012735377339152948,-0.0052453261898041115,-0.005527352547625153,-0.0020324332154882246,-0.0013795835909734128,-0.0012183022279240868
2023-09-12,0.00020749887893424727,-8.396499993060247e-05,0.006877701954267665,-0.0015988042129790325,-0.0007570413650153651,-0.0010097572132268667,0.0006844379999525335
2023-09-13,-0.0017536296532699486,-0.0020631095631884686,0.0068751417176902765,-0.0037809358336630752,-0.0005217744825226286,-0.0029144443514894577,-0.0024450579538940406
2023-09-14,0.009571287995936047,0.00947033398429109,0.009144144265093024,0.00939256366235447,0.00905561247015818,0.009834325827166396,0.010285959891803892
2023-09-15,-0.008550108141431067,-0.014142513668988076,-0.00016902409240664856,-0.006892991939197506,-0.011262961540255169,-0.008202652364390182,-0.00824932956611512
2023-09-18,-0.008826437535873992,-0.005794571557059994,-0.00855352857598482,-0.005613530682305343,-0.0073059243588534245,-0.007977675570780177,-0.008692831199442058
2023-09-19,-0.00137408970901824,-0.0023666067952802586,-0.001616232494888202,0.0008587004484459301,-0.0022800547802413543,-0.001763495162030955,-0.0014161088244974349
2023-09-20,0.0031380631685442506,0.0003376490229273707,0.00014356785447521697,0.005399844388425605,0.0006914368424542558,0.0027970376955359574,0.002149255018445824
2023-09-21,-0.014274826906067697,-0.014217075149083248,-0.018533088234714605,-0.012773973522665828,-0.014988224005961844,-0.015474292657759993,-0.014227235375826534
2023-09-22,6.208654417444443e-05,0.001437326466006368,-0.0017669268575538286,0.0004086535478472278,0.0011199880044852131,-0.000498920188956288,-0.0009743505094713181
2023-09-25,-0.0005372478708046136,-0.00040214039895663384,-0.00530942430434226,0.0008726583666958734,0.0004104281349278163,-0.0002720854623001409,-0.000721534810693085
2023-09-26,-0.01586425935006104,-0.01718538635183952,-0.012287779337838915,-0.013850855347487138,-0.01585730903505351,-0.016240237989169036,-0.015109498267078199
2023-09-27,-0.007225205534584753,-0.004262104217489321,-0.0071205488149161805,-0.007526749722022386,-0.0051759934903276295,-0.005919084038187833,-0.0066242158742990526
2023-09-28,0.0002562723716871353,0.002835778788673547,0.007361045607158688,-0.0007370982794955086,0.002249017521424361,0.0010008319861844403,0.0009735046735726768
2023-09-29,0.0017346320354670558,0.002563264969250925,0.005365462523632028,-0.0010555470723012383,0.0021155609751365295,0.001451253038479275,0.0012325530072496427
2023-10-02,-0.018841107407392435,-0.01466352189340396,-0.009890911426979607,-0.015271510434238064,-0.015408225855239613,-0.018695992870103262,-0.018852548630357097
2023-10-03,-0.013850311263629154,-0.016268764415259082,-0.00718761903371716,-0.012558118616377886,-0.014897195890319168,-0.013867387988748259,-0.014256046941733186
2023-10-04,0.007957527167188241,0.009912325225416518,0.009704693625852828,0.005342733362204685,0.008912423418177273,0.007705101643168288,0.007061652094728033
2023-10-05,-0.0068327602972005986,-0.006670376855767719,-0.008288693826304365,-0.007491790465329211,-0.005978665260050524,-0.006306607640941091,-0.0061267787668947485
2023-10-06,0.016290185726181097,0.018121198347483394,0.01737788276903894,0.011620408106817526,0.016956897329085743,0.016185635262930362,0.014913027539032606
2023-10-09,0.006868915230042658,0.005473668065826207,0.006322654592429963,0.008367642924230909,0.0056900963040872055,0.005875358193540403,0.007124916351372759
2023-10-10,0.006172764977330269,0.00839715280824884,0.010045092485942674,0.0059249770742816,0.006947102565267586,0.007211018588950062,0.007042037617405426
2023-10-11,0.013347597723555631,0.01371387005759589,0.014144068308872909,0.009833644624250376,0.013030942355716169,0.012864054146086296,0.010989596295258738
2023-10-12,-0.0007313083554125185,-0.0008416199978508385,-0.0033433084158933438,0.0015336539575279348,-4.2216276455800394e-06,-0.0020114827003936894,-0.002429730071308679
2023-10-13,0.005421143162963936,0.0007816270990935875,0.0037814894109035185,0.0034603086540561795,0.001614168688631637,0.0025565899420338656,0.004399937282217908
2023-10-16,0.0061775438608962585,0.007913346956255118,0.008215843969786474,0.0021462015377215343,0.006845914845526518,0.006735435257593764,0.006471630451481664
2023-10-17,0.013129004878650754,0.010340887385954588,0.016504272781661992,0.013685234020547936,0.010013774451488454,0.011635591529582538,0.012496342666475112
2023-10-18,-0.0077688597094937506,-0.011107704520592052,-0.0019909772783745783,-0.008046233550160806,-0.00930077974845131,-0.01100956020152688,-0.009185779509379224
2023-10-19,-0.004648801237131103,-0.007295690795374107,-0.008395168798904423,-0.00522359831624454,-0.004919105324206419,-0.005927795389857882,-0.005219172302244432
2023-10-20,-0.009789973687893758,-0.012663575801756435,-0.008858625958963764,-0.008807661239496278,-0.01052315838802867,-0.011511224135022508,-0.01062491668350829
2023-10-23,0.0016986694368199629,0.0001366022847250556,0.0031370452037155286,0.004638399056090543,0.0019261893049930048,0.0016017756633527128,-0.00038741343168500336
2023-10-24,0.01566313415555298,0.01767121901396683,0.01606865574890877,0.014237045205175616,0.015169122364789442,0.014498208843605129,0.013773798230903564
2023-10-25,0.0006871400752998602,-0.008544286418121216,0.0016017611838539808,-0.002425771753147593,-0.004242130810535191,-0.0012325327236577116,-0.00010099690021053709
2023-10-26,-0.0009565054631510853,-0.001904842503281337,-0.0036149220469206267,1.9705706116049382e-05,-0.0019365720834996214,-0.0007788030047772981,-0.0007680369067456089
2023-10-27,-0.011952082831860729,-0.008631852992241312,-0.014837005220553853,-0.0112761980370355,-0.009685127390003517,-0.011460861410648782,-0.011232762742288849
2023-10-30,0.00723787430366139,0.0037971409251318644,0.004787854348465903,0.011070175141137936,0.006016837621445004,0.007314713180665247,0.007701634361724705
2023-10-31,0.00410218016933937,0.005884795664074766,-0.0018382910049571238,0.0039980042937722005,0.00448639046072169,0.0044034643446980715,0.0026469690722298045
2023-11-01,0.0017091544528451727,0.004892007721767233,0.0011713910173738878,-0.003725487160579369,0.0046081507066456084,0.0023331857853164106,0.0012192702302187552
2023-11-02,0.020244731840514486,0.02186164237006709,0.020114038496991712,0.018836261882315616,0.020953029797806347,0.020439955739926505,0.02089797856028265
2023-11-03,0.005209796097766902,0.008310020291204478,0.004965760940494834,0.010080902895177851,0.00747608644598563,0.005766021027639762,0.006347154270723215
2023-11-06,-0.00470230775816044,-0.006482124147887826,-0.0008075070979864166,0.0005322624331134604,-0.003746664759487796,-0.00415623310080903,-0.005794709241413128
2023-11-07,0.002806378116421735,0.00470203007550464,0.0045067209968465555,0.007282353365817909,0.003239182908687757,0.0016765941215508562,0.0008873954970481102
2023-11-08,-0.0005049110727752747,0.0006386729415089401,-0.0006524681429895055,-0.0024902378128722966,5.541651972286454e-06,-0.0008897098065226497,-6.611489022977785e-05
2023-11-09,-0.00873593662290648,-0.008916179120879449,-0.005102002483618202,-0.005357258441913183,-0.007866809987938185,-0.006758918898775064,-0.008512228362905501
2023-11-10,-0.00018638618454225347,0.00687431472493745,0.005585745359835373,-0.0016056597145438223,0.004897790275363925,0.001245810652720905,-0.0004716946994758331
2023-11-13,-0.00027275043666897495,-0.0021675361675823276,0.00036036540790593957,0.0004561712770746254,-0.0010016329953925554,-7.315634632822782e-05,-0.00010116336861109437
2023-11-14,0.025406213686621815,0.03007622395237193,0.025153125692679038,0.019828801481253475,0.026044716318147323,0.026969260145107074,0.02574987181859799
2023-11-15,0.003063922688328692,0.00503612344453732,0.011164786364222933,0.001511741596835571,0.0027740652329375434,0.0025880267959493483,0.004033446743170903
2023-11-16,0.003953883628015686,0.0036888981591306283,0.012682549592941635,0.0019984126978828468,0.003924869944935357,0.003712016876036818,0.002171169937356797
2023-11-17,0.009780702832218578,0.010863024401575994,0.015820598248465045,0.010941295274233015,0.009145228373256598,0.009777621858482521,0.009559579236324195
2023-11-20,0.005084617967764151,0.008271087346981447,0.004850180885667708,0.006876908811151099,0.006240571069862248,0.004882249177312385,0.003091236413538055
2023-11-21,0.00030538686905163485,-0.0024675837241463217,0.0003854804542584439,0.0011889471552040537,-0.0015748127181968163,-7.506902725898379e-06,-0.00038564646355242205
2023-11-22,0.0030556490558702387,0.0044535572461137235,0.006863504168034343,0.00022076405952405065,0.0024044141896357313,0.003067016552164778,0.0021688627115544618
2023-11-27,0.004425912053256915,0.003956755473074808,0.0016250545143136064,0.005291471458420349,0.0037954036941229563,0.0035730524837230687,0.0025443233842989132
2023-11-28,0.0010576819944099678,-0.001495652395275715,0.0017113743494681782,0.004208342500115134,0.00020635650680209117,0.0009254717451087219,0.0007894972316528776
2023-11-29,0.004625349213582406,0.0048128817483976405,0.005058069444883295,0.006733693102997262,0.005198203709609522,0.004895928844455971,0.003996152304955453
2023-11-30,0.014298639087593053,0.01048389038539578,0.013919187468862088,0.01115795735501797,0.011178144765523354,0.012952268656643895,0.012562358298144366
2023-12-01,0.015446879563350098,0.0148071605539625,0.013293008607256351,0.006509811140620103,0.01402231856180905,0.01509274581595188,0.015557660035961152
2023-12-04,0.00024368483512765546,-0.0021665783922353923,0.004374796646536262,-0.004634001361349567,-0.0016098311456652428,-0.0006035937065036814,-0.0009083664498182389
2023-12-05,-0.001498398699644394,-0.0024833125074696094,0.0006975432743163285,0.002041913571328033,-0.0013110988621888447,-0.0014138575993968006,-0.002746905499804164
2023-12-06,0.00430329468729827,0.002160980703245524,0.005578471919462022,0.002932126314727959,0.002757687452796004,0.004035374144028395,0.004295119071782663
2023-12-07,0.0009889901670325774,0.005101884263246953,0.0055408466534397904,-0.00032398405479949766,0.003722522300102754,0.0019815297381258756,0.0014949516983788214
2023-12-08,0.0007890972967483091,0.004353541685133529,0.0023506333029657336,0.00487875453754031,0.0017612056141027635,0.001339004974116438,0.0009613496200927898
2023-12-11,0.004883785244448689,0.01174690287901621,0.005583192747204244,0.007872886253632597,0.007273689239182327,0.00526006233121791,0.004695666906112714
2023-12-12,-0.00035608902862009433,0.0003025042757641358,0.00010716658224334957,0.00020931980404061828,0.0010106931264744143,-0.0008262123517860306,-0.0015912038893518762
2023-12-13,0.021296146786146743,0.021610479928750786,0.017816913435157178,0.018158746788695973,0.020106100949805028,0.02052464387704342,0.02217249385621517
2023-12-14,0.007670956642644991,0.011250555221105532,0.014188988241883846,0.0066575624652759485,0.009019296216699155,0.00975390730894736,0.009044683441557552
2023-12-15,-0.0009483888286267921,-0.0009267918193016714,0.005723218779951363,-1.6424063403040756e-05,-0.00023824218704226324,-0.001654055211225379,-0.0020803383953849827
2023-12-18,0.0004961443794979489,-0.0005795750465527189,0.0036232564043220533,0.0046535731180322865,0.0006530050599181797,0.00037314250369213653,0.00032597086319226254
2023-12-19,0.010593980462441373,0.009588921345475593,0.01279337333979999,0.010816147391305514,0.009687999784604523,0.01091766376305553,0.011587051966952588
2023-12-20,-0.007041151038059404,-0.010763275224794089,0.0005490367033947341,-0.004460305212957538,-0.009639617947793208,-0.007956167022957164,-0.008236855367366
2023-12-21,0.007595099252811908,0.012297680944611325,0.005051959554785643,0.010004182801985437,0.009735957170896634,0.008430350729572753,0.008452641228093707
2023-12-22,-0.0001662252705001975,0.0004176024225672828,0.0015220473547908134,-0.002614681566754311,-0.00013100560020847668,0.00029595837591426394,0.00027072851690385785
2023-12-28,0.001689304691386411,0.00016009071228607896,0.0008642293281209135,-0.003765612564691115,0.00144971838489924,0.0015734100697693404,0.0014453619565199943
2023-12-29,-0.0036295192076779633,-0.004149630136983239,-0.0013182852857149471,-0.006007924909558281,-0.0038512337930339327,-0.003604122738142791,-0.003241432317180444
2024-01-02,-0.0019194812113477336,-0.008035029223479921,-0.004709218925624127,-0.0013933743495875076,-0.005896963754774796,-0.0031001569152398004,-0.001581103137509761
2024-01-03,-0.011701239574414093,-0.012308695394078,-0.011875451652484131,-0.00969979376490994,-0.012457910474275594,-0.013426362094738298,-0.011402666425255142
2024-01-04,0.004288449423530452,0.0022426268372589334,0.0060864237181850675,0.008963507087289206,0.0030143026677581577,0.0038267483743453165,0.003619988592994554
2024-01-05,-0.0007054628117838603,-0.00031328424572537455,-0.00017875964842730546,-0.00334348031982825,0.00020853443462210547,-0.0007287560094706227,-0.0005675621730438715
2024-01-08,0.007112567753570212,0.012981412062973,0.013789938244947494,0.006279671613339019,0.010649072327545209,0.00761171751564739,0.006604372129314626
2024-01-09,-0.0005520317681548656,-0.00016027797635252694,0.0024858652212581683,0.0006880202262533469,-0.0001486525660790855,-0.0009366019064149939,-0.0018698780313521068
2024-01-10,0.004644371672231369,0.0025588739035605906,0.009319281446741379,0.0025348952333996283,0.004179819841448523,0.0043345094344220125,0.0034460690147192496
2024-01-11,-0.00594268189347997,-0.004163852691159278,-0.008333072804271896,-0.004898900744477033,-0.004490025703072845,-0.005248959108218848,-0.005988424335311271
2024-01-12,-0.0019696916756407295,-0.0021423580760077804,-0.006850967121408924,-0.0054501458319770185,-0.0021628195440865916,-0.0020673737598590897,-0.0021118429520590037
2024-01-17,-0.010800847043840163,-0.008934804760246273,-0.00832208069238255,-0.004456674179496717,-0.01020487749416335,-0.010827548127298275,-0.010690918365032206
2024-01-18,0.00806909861405561,0.014226384691878799,0.004383006439356282,0.007903665734852641,0.011118822601235714,0.007908389106242267,0.007095257819009923
2024-01-19,0.008003755268204673,0.013522625174982802,0.0073389612092598505,0.010274658790002014,0.011765904207314173,0.0077449443614239916,0.007542453882011066
2024-01-22,-0.0008742543027636502,-0.001101120545082837,-0.0014186480593345319,-0.00030398673640372187,-0.00018397728977923022,-0.00034010492168362605,-0.0027392088642647916
2024-01-23,-0.0005908303835074505,0.0023496022934201763,-0.0016840221410124243,-0.00016058933933741498,0.00012115522757107783,-0.000629066284998793,-2.4299064614659305e-05
2024-01-24,0.006527985835119795,0.007891559095571564,0.004556460494776322,0.004674019118575075,0.007934089670420329,0.0056122834217132225,0.005624349813899511
2024-01-25,0.014724491378133793,0.011230375054886818,0.007886550998170552,0.013203212533137026,0.012883929955867068,0.013520150058884656,0.013006694765715754
2024-01-26,0.00660683793178978,0.0006983767305385608,0.005966531516486601,0.0065187372347232375,0.0031168575632978396,0.006265058935151502,0.0066220418811236414
2024-01-29,0.012055611062488774,0.01251627585775096,0.009897755103034894,0.008808013802085027,0.012015955220051402,0.011352304882676453,0.011123014149660757
2024-01-30,-0.0033540298469103636,-0.005198191858361824,-0.008361311169518514,-0.0031844784698895554,-0.004175064288580103,-0.002983912775264365,-0.003263954663880346
2024-01-31,-0.002517604749070701,-0.004698848501456521,0.001309549525704029,-0.003942343942241966,-0.004005758739222737,-0.004243026021620758,-0.004061574644301805
2024-02-01,0.017059632073327186,0.013790072921404939,0.02062833294673737,0.021132808864000666,0.01607045530119884,0.018188068902711282,0.017766089461307075
2024-02-02,-0.009602511440029833,-0.0065623117543665566,-0.008185263028781142,-0.0075933780000612405,-0.005969763427224439,-0.00837785171192279,-0.008953922624633612
2024-02-05,-7.599023215248216e-05,0.0020766260643889645,-0.004898277438615747,0.0037152575792026854,0.002371792422746516,-0.0012960709870584869,-0.0012441085738987695
2024-02-06,0.0038560967912991363,0.00261945262962357,0.009384978075031844,0.003073427465437331,0.0019570563786334844,0.004247021160428924,0.004265697359697687
2024-02-07,0.0027186510058763076,0.0049188553364199125,-0.0016257587720730979,0.0034511914408758768,0.004901650268791823,0.0036364051862690858,0.0021531447216887947
2024-02-08,0.010621093811024676,0.014126259099305226,0.002519974404211457,0.006345905553313165,0.01107343641955593,0.009414340941692405,0.008041389003005307
2024-02-09,0.007579612136771655,0.009908756193310109,0.012231095087490124,0.005656114421842398,0.009402562787206498,0.007972591214043978,0.006825368847048152
2024-02-12,0.004866786612530736,0.003114596530184449,-2.6587482950687913e-05,0.004560318035269878,0.0037740143286001115,0.004473520124627317,0.005872034104394769
2024-02-13,-0.015394952748607311,-0.017552898821350457,-0.009041775475162661,-0.009494334926432951,-0.01578517028184319,-0.016178137169082812,-0.016725898436390496
2024-02-14,0.0060220295397701885,0.007984162214926538,0.000684627552351047,0.006259805335777635,0.00777805964729264,0.007939248864236303,0.006638227694574006
2024-02-15,0.006285883768564917,0.004910739012427584,0.0016777160295361748,0.009292591688019228,0.005082039473156844,0.006884771836632705,0.006537709022214663
2024-02-16,0.009485675044821429,0.006203320979958023,0.0038309807699135542,0.009987021770712083,0.007763243304154101,0.008217323730635127,0.008317407626336558
2024-02-21,0.0034877955587265803,0.0037927883327695394,-0.001866224935616681,0.009296719335907075,0.0022491655858953297,0.003573544745719401,0.0033494415768579727
2024-02-22,0.015313410965521102,0.024473882869791318,0.01916594942221602,0.013099419649732692,0.021935694688061384,0.0151232150357331,0.015110836283165861
2024-02-23,0.0025582576791968337,0.001542258805150895,0.0027201774714764315,0.0003918314498236597,0.0014584552932049855,0.0024597586979457353,0.0026347607233627446
2024-02-26,-0.004776928966214257,-0.0018639688960019885,-0.010044824063878202,-0.006949832011334298,-0.0031432377653335952,-0.003900751984736356,-0.004506155832291553
2024-02-27,0.005319745622312283,0.0049083978791309435,-0.0013500044591402555,0.010875283387817625,0.004292287218827365,0.004967996686223275,0.004809765573990071
2024-02-28,-0.0006803929820275205,-0.003003197201267155,-0.006052856623420519,0.00203730931846495,-0.001983963265937874,-0.0008383669831590335,-0.0008533236580403891
2024-02-29,-0.0011675277359003977,0.00453326039358639,-0.003785715463994234,-0.0015050592912138963,0.0017145333935911986,0.0001378709654087859,-0.000935411015072142
2024-03-01,0.015220383220478742,0.02254051949297191,0.019821903348105865,0.016523439582519547,0.018383883417589827,0.014386211616091424,0.01376559874800927
2024-03-04,0.015404802492223757,0.015624410363761387,0.01482131079924498,0.01579094338872228,0.015491311574866357,0.014014563751248488,0.012020546167572352
2024-03-05,-0.004017730560121264,-0.00657175258709413,-0.0019883126511254026,0.0013210659591980298,-0.005428804923762388,-0.004604340274416509,-0.004314235970896051
2024-03-06,0.001378113759493736,0.006519126763070232,0.005785136000205582,-0.0017741685651700284,0.004429136346459306,0.0027847815741074977,0.0026213288486461317
2024-03-07,0.020833345570812206,0.024552291897287956,0.021460495905437957,0.01767035226969252,0.022547707369254474,0.020601950958905976,0.019110436839576264
2024-03-08,-0.005047154416935046,-0.012992511353214047,0.0007593027054273657,-0.006105559762588954,-0.009316539812380821,-0.005214616105795149,-0.0046564784550757535
2024-03-11,-0.011994916366012838,-0.014466039552783867,-0.009308445509330014,-0.01537680248625748,-0.012723444493284865,-0.011153997190268335,-0.009807880284586921
2024-03-12,0.002175019813369444,0.005855093017371568,-0.0024881564879566387,0.004616190943514162,0.005857133409863033,0.003170879222825815,0.001800551825383398
2024-03-13,-0.0007421558089341163,-0.0053229793702600295,0.0018959541914061254,-0.0012968931031377903,-0.0031223049525505794,-0.00021622555217209322,-0.00010181517927853462
2024-03-14,-0.000733711549891071,-0.004329940007124916,-0.003530656867672108,0.0010343481381789033,-0.0028795286918381346,-0.0016270543354617306,-0.0015108855023716478
2024-03-15,-0.008141853198233708,-0.008585658079573531,-0.008265077655492302,-0.0008610084024106082,-0.008046850016243785,-0.00723567554911967,-0.006609436634153955
2024-03-18,0.0017853661231952973,0.0022728573442735087,0.0031218027790795785,0.0015003885360052385,0.001814678265179441,0.0019306750306306783,0.0019039162286850417
2024-03-19,0.004771315854646995,0.003486120441127616,0.007615680171487643,0.003006934905707012,0.003900027898605579,0.004486609227534438,0.004515690605358613
2024-03-20,0.013249834772434273,0.014178571821936645,0.01740269116437544,0.012179904775096381,0.01359658954177169,0.013736908416452795,0.013038011428542287
2024-03-21,0.006914555714010999,0.011411801642262888,0.012143132029564997,0.008864023367236053,0.008885881824761972,0.0065660184561831605,0.006201406345139528
2024-03-22,-0.010290857891710525,-0.009466292639730818,-0.0018045490818441798,-0.010128235904607548,-0.008269898014236936,-0.00926568349840353,-0.009994417604120238
2024-03-25,0.0048524922573013165,0.005714670650873527,0.006096201007153246,0.003091774795949756,0.003938435022683193,0.003886066176196426,0.004093710616803553
2024-03-26,-0.0009460047109699102,-0.0036604889057045217,0.0010053352080624592,0.0014731778753092964,-0.0019892413701122005,-0.001254315260164264,-0.001098670213293386
2024-03-27,0.009867445834802273,0.01174179420209552,0.01113482876027437,0.009701802512432786,0.00858956946280609,0.009687560406642523,0.010857045911489269
2024-04-03,-0.00041463779811307127,0.0009662185509472163,-0.0011722323027845913,-0.0023435025335728846,0.00013717843219967357,0.0008641911832657986,0.0003604128722000319
2024-04-04,-0.003780784946761936,-0.008825946485516177,-0.0035418319381171556,-0.00425816874361707,-0.006639164127873777,-0.003975934696814516,-0.00294030163239168
2024-04-05,0.011931354815707887,0.014402130994700932,0.005709522730005537,0.010670371865260028,0.012003206957117166,0.010395912991490397,0.010673360921750044
2024-04-08,0.006451952462486135,0.005053066585606197,0.0038260594639105416,0.007374925145566064,0.005881268064856032,0.0063830860144234725,0.005279336445107544
2024-04-09,0.0005493921272172422,0.0013847555995902816,-0.002836032908990066,-0.002685523688817276,0.0010635278776308377,0.00042601062651222155,0.001565645494412099
2024-04-10,-0.004262104654131451,-0.006278960913834945,-0.0022187508762652533,-0.0061013325782572,-0.004817028873564118,-0.005656480500538942,-0.005119339484351455
2024-04-11,0.002335084135797955,0.006211222282664464,0.008827894857691643,0.0023571190318922297,0.004946640426073762,0.003055215294006569,0.0012901877115693988
2024-04-12,-0.009415116365244471,-0.0146626438018152,-0.006243017339678553,-0.008677563204385008,-0.011884133107119985,-0.00966132588439822,-0.012076607528986441
2024-04-15,0.005286204785118859,0.0027695675667959024,0.002673468957324357,0.005969510726890032,0.002744882214782682,0.0035653613061747413,0.003722269942372347
2024-04-16,-0.001430180258575339,0.0013168984417488497,-0.005034230264654847,-0.004782204812649439,-0.00021624942477559833,-0.0022867882417945615,-0.002441056581830227
2024-04-17,-0.01023214429161079,-0.016214066846994404,-0.011027743069554674,-0.008649282703429614,-0.01280876291832421,-0.009384353775657009,-0.008882471144630186
2024-04-18,-0.00012347423032537416,-0.0033351301686665308,-0.0004232281387510639,0.002649543984996436,-0.002326726876702101,0.0007118591373712485,0.000739313856742238
2024-04-19,0.0024326246495982263,-0.006202383637676584,0.0025327128044039804,0.003416376369229923,-0.0035154213472238377,0.0012687366956609242,0.002531807493185989
2024-04-22,0.000649700604988749,0.0038193542516870016,-0.0022045868094145715,0.0011175601502431964,0.002959178933528067,0.0011722336477543727,0.0008656233000240432
2024-04-23,0.012625618888948831,0.014475833493150042,0.004177600153809399,0.01089974071856345,0.013990482722828324,0.012747949527862124,0.011535627021122152
2024-04-24,-0.0007357842679137639,0.0011786671519523478,0.0014214778455211158,-0.002523716805977058,-0.0004994570131923032,-0.00012930845971172167,-0.0011474916072932023
2024-04-25,-0.0037901062190438856,0.00044158301803480515,-0.0021179796801887446,-0.0039430969153211315,-0.0008168214427393822,-0.00337204659655245,-0.0034558450728668505
2024-04-26,0.006926690703303445,0.008856214160091733,0.01053746058466927,0.009279342838059049,0.009265381830672895,0.007632126760061073,0.006375088375672508
2024-04-29,0.0038059525609460843,0.005002724953256543,0.001735070271546249,0.003003289055963629,0.0037552322629847146,0.004672868160471938,0.0048800938853570675
2024-04-30,-0.014249957340712398,-0.016121961509998346,-0.009014183070094071,-0.01539717859230818,-0.014924298445448424,-0.014962164879731087,-0.014532848756112764
2024-05-03,0.007264634843260896,0.011695764827205232,0.006704688700854375,0.006103256938201296,0.009716918045043946,0.00845756885607822,0.007204646871550438
2024-05-06,0.008600733827985207,0.012967360542353451,0.007596494759916694,0.008750558137311432,0.010361728586814778,0.00951582281112015,0.0076287969993976135
2024-05-07,0.005800916242275696,0.0035825909339907425,0.006603385949011026,0.006764317182931884,0.003986747667444779,0.00515073642259023,0.006742000291777128
2024-05-08,0.0006656715331356494,0.0006342042431551898,0.004466716403147747,0.00323605015624448,0.0009618787821234487,0.0013099469821245824,9.087215782078994e-05
2024-05-14,0.00615323481619542,0.008812763173231153,0.005125332729050858,0.0028534201803616654,0.007522845193130179,0.006766857555853656,0.005972661886685771
2024-05-15,0.010239037694635966,0.013677868098590867,0.015138793385120197,0.008955862682958199,0.012713341973950298,0.010838389115191471,0.009193489883707079
2024-05-16,-0.0015130569616299706,-0.0014559943952697219,0.006208369714613679,-0.0023500809835110964,-0.0022324285180007203,-0.002537626508933813,-0.0019587610752344053
2024-05-17,-0.0018599683000366126,-0.004571710875705327,-0.006590411199352379,-0.004583312008488473,-0.002677216970895728,-0.0022610340616237914,-0.0017786221583751746
2024-05-22,-0.01372867690347126,-0.01005811303843409,-0.007904935769812625,-0.013456837668470854,-0.010989881887597718,-0.01215682106768353,-0.012383754650145719
2024-05-23,-0.001656168825888712,-0.0019114764906863271,-0.003633455362560163,-0.001999606265793076,0.0002573953030518758,-0.002975690168608984,-0.003192097262891304
2024-05-24,0.007847266721815651,0.00986490692173983,0.012479756351033572,0.009835946222819109,0.009180592227924417,0.00893385216079512,0.006591797304721023
2024-05-29,-0.006522487706236487,-0.009454222124456652,-0.010888005130697417,-0.004863779526111389,-0.007798601463143887,-0.007962862790135444,-0.008283429892806157
2024-05-30,0.0027160839582940277,-0.00016526118103039195,-0.005292482567330718,0.0012300654495709176,0.000656655570578292,0.0028695656168381475,0.003463835106663142
2024-05-31,0.011404645312298439,0.008240826422427183,0.0018549962103835693,0.00972246094752692,0.009055504434451439,0.010188027884412712,0.011265570678182776
2024-06-03,0.005580008478113716,0.006284685313587751,0.0026212196737304544,0.005374563494892404,0.006441894581607738,0.004819923070127519,0.0046243855815036455
2024-06-04,-0.0076365533584015835,-0.009388013999877667,-0.0039370423053042,-0.005417640268131768,-0.007133765951024301,-0.007287269272393523,-0.0075441753516626575
2024-06-07,-0.013169302119775246,-0.012762920726738056,-0.018585587745143697,-0.00965032517105216,-0.011622177828875063,-0.012589735232941879,-0.012682634643957608
2024-06-10,0.007829563503638741,0.009120198807078081,0.011420555733325968,0.006997676799805688,0.008659867706887661,0.008137572991635325,0.006658725664637655
2024-06-11,-0.0069727424400646346,-0.007306924321809426,-0.008893039957765754,-0.009679044041397529,-0.006286798944210088,-0.007364288923211636,-0.0072907984906333614
2024-06-12,0.0008689960799161641,0.005558897872512514,-0.0013016584601744374,0.002712965808136736,0.004483754827191794,0.0037870257556468223,0.000954658844352918
2024-06-13,-0.010918836295516836,-0.006334555778507847,-0.013891212864101124,-0.005967575794828747,-0.0075964840504643,-0.011046977602342356,-0.010506288464011776
2024-06-14,0.0029111849522909235,0.0013710646895406797,-0.0012028598712814503,0.0008114191256999997,0.0028654160167460863,0.00046308750674571575,0.0017476007885417894
2024-06-17,-0.0007597782009460581,0.002671757805684065,-0.0035330411913728557,-0.0007957552323287972,0.00147691752596079,0.00016181917188234224,-0.0004144137889246016
2024-06-18,0.001457512558501049,0.005266002898140637,0.0014764372929499114,-0.0029612470326635387,0.0032387694691895785,0.002370227656263213,0.0013288747744560903
2024-06-21,-0.0054310720953115255,-0.00829194146011182,-0.0048161612403932325,-0.006232685359891382,-0.00662541446114169,-0.005885586104585297,-0.004520279411570849
2024-06-24,0.001267818893058175,-0.00372572464879338,-0.004916172209849065,-0.0018119975006376798,-0.003189622032362921,0.0014482350685845885,0.0028187608352953503
2024-06-25,-0.0005262776337766218,0.001198445216492379,0.004131308782581118,-2.9560149459532947e-05,0.0024668268099523397,-0.0012526298940143746,-0.0017955113662064467
2024-06-26,-0.012861903894713318,-0.011896000538583688,-0.008710866198633767,-0.012547552133076754,-0.011664830278222856,-0.012986725829220204,-0.010970088863997952
2024-06-27,0.00011555222954897004,-0.0017668678045063974,-0.0046529123513449205,-0.0013741921122760875,-0.0008810528598880291,0.0006625301817667628,-0.00028863711340715303
2024-06-28,-0.0034396326812646894,-0.0003348573591175977,-0.01076960652440185,-0.001427462368928413,-0.0021211504650345617,-0.003301002516122191,-0.003400628555661124
2024-07-01,-0.0038203282393238624,-0.0034046740163669043,-0.009866078104439985,-0.006129979899884147,-0.003194132488194598,-0.0038186525442467645,-0.004661965754360231
2024-07-02,-0.002761934150812019,0.000830799127068349,0.002264647981096629,-0.004929797851806264,-0.0011619541281824852,-0.0015481786037893353,-0.0020023006699578794
2024-07-03,0.006832661264735473,0.010402839682721446,0.0007030393905608084,0.006276644226544434,0.008818732558826634,0.008458300043326691,0.006660944018511597
2024-07-08,0.004820894029709864,0.008958060185288136,0.0005120683623674183,0.0029126854796581586,0.00629914797312639,0.004768027255818014,0.0038233459139852544
2024-07-09,-0.004167658966477401,-0.0035900699805021946,-0.0008295080325367993,-0.0013464565062066974,-0.003373193157877055,-0.0036046106115222715,-0.004853304932802782
2024-07-10,0.007806679930847905,0.010988922230519463,0.005865709349345785,0.005272322568114954,0.009769246233465964,0.008987822079718252,0.007576417548076045
2024-07-11,0.010384653475975026,0.0014733481103852974,0.010098417838197343,0.013357567168962609,0.004531335411614837,0.009903706743491864,0.011219610458638646
2024-07-12,0.002334658837441685,0.004639099966688799,0.004940391348347652,-0.00032869249171899734,0.003624824740339712,0.0032143162972068165,0.003215857368000709
2024-07-15,-0.014195236631650066,-0.012752519678152975,-0.013773519212924044,-0.009081781789131403,-0.012703232208378705,-0.013815596954076657,-0.012825811415529693
2024-07-16,0.010589401128255824,0.010192124228334251,0.0038799556648919376,0.00762330576700973,0.009210956807174903,0.011046875672207676,0.01138556437953768
2024-07-17,-0.027633644678886054,-0.037087847779949265,-0.03188375580280453,-0.019565405460965843,-0.03308027791566451,-0.027620646557438122,-0.02270291727947575
2024-07-18,-0.01920336358801998,-0.016696630127481196,-0.012613035564630545,-0.014961853929954819,-0.016153903821725865,-0.0181912482861082,-0.017987539601969818
2024-07-19,-0.005217125804503453,-0.009643677716092154,-0.001624603108886992,-0.007390112376022419,-0.008184772845965187,-0.0055255477847344706,-0.005570250651659135
2024-07-22,0.008779154545103853,0.013828451131459113,0.00801144296621642,0.0064941431769103275,0.012507668606097089,0.01014964122157025,0.008380664118746162
2024-07-23,0.0016159900945263267,-0.0013915727570758749,-0.0025133622382354018,0.0029847469485734593,2.6827281925149993e-05,0.001174058516809913,-0.0001498094465658198
2024-07-24,-0.013113963983163786,-0.022238475251406674,-0.010867286899672306,-0.009370790860241167,-0.018282373399201114,-0.01431754062246638,-0.011967396006222687
2024-07-25,-0.016768025347951267,-0.019868653409914824,-0.008389618987827405,-0.015021109458658533,-0.016964748761423315,-0.016361769374110602,-0.012870162402299754
2024-07-26,0.014049112782352198,0.014037995249268465,0.010965039436694121,0.012319876916146194,0.014274495898117912,0.014829830283612316,0.013215938827848522
2024-07-29,0.00030261530032668236,0.001678140341147688,0.0021186417600788654,0.0021866392147932845,-0.0006246800752970905,-0.0003833770934615621,-0.0004958235072590189
2024-07-30,0.008009087837733875,0.0002185611759701056,0.00950807691212921,0.007316594517872643,0.0022248385829898715,0.005875766436466756,0.007077525554053082
2024-07-31,0.02009275252985557,0.028357727667266908,0.02240360761527485,0.014680105844149388,0.027124896085261613,0.02107344483080495,0.017633295655660047
2024-08-01,-0.00610616052413144,-0.017658672437791262,-0.006011134145714289,-0.008279317545057951,-0.013430271153505535,-0.008719298138423162,-0.0076886056748219495
2024-08-02,-0.032369760070957855,-0.03788764851453628,-0.0274108113087091,-0.028361613862001943,-0.035130598216498866,-0.031416465819439805,-0.030218283534734665
2024-08-05,-0.0165550055769279,-0.017207731427308116,-0.012816575373857185,-0.011779968571181375,-0.01741563527901472,-0.01786700225899885,-0.016427488125947902
2024-08-06,0.017790165161744902,0.018725981982937637,0.009970827607205399,0.019849912932200967,0.017998307090740503,0.016463621617748767,0.015913387624859762
2024-08-07,-0.008856545623506809,-0.012963458900453376,-0.012885027083969824,-0.005998399337454788,-0.011192638607625538,-0.007941183709331903,-0.00722128451499536
2024-08-08,0.019120897408996487,0.02678901225668924,0.01597113730366098,0.017567287262986023,0.024675174174041012,0.01971237340089131,0.018635179002834637
2024-08-09,0.00728138927526494,0.005559906072960502,0.0026763431989566266,0.008503606927238894,0.006337866084260943,0.007010991887743068,0.005996064082078478
2024-08-12,-0.0006335039263944009,0.00023012290833984705,0.001935384554231645,-0.002082524128072069,0.000618690616503409,-0.0009384268755932568,-0.001235243001171893
2024-08-13,0.008943030409972113,0.015621732868897065,0.00428601685402584,0.007300423209256446,0.012908646376068922,0.010500183508853705,0.010077243114339302
2024-08-14,-0.005342304637177013,-0.0058953867672146415,-0.008386839939700616,-0.006901333824796893,-0.004568668629132258,-0.004189506967113746,-0.005170054058761794
2024-08-15,0.018489593286855087,0.02698093061824631,0.01121032490991692,0.013123092079972483,0.02145568739581461,0.0178854156090651,0.018221755305169653
2024-08-16,0.007015239377975229,0.005433693426851613,0.009663489718073334,0.0065383130705044396,0.006310846220787328,0.006297212559573648,0.0072747010473279
2024-08-19,0.0022914658129006443,0.00498291785466437,-0.0008831755335302199,0.0029074005638592693,0.004350898913620532,0.0036340405516607777,0.0025421082146042107
2024-08-20,-0.0005478748824297123,-0.0010174683336622234,-0.002993030255646227,0.0013302108434256957,-0.0021106492520279116,-0.0009805954601411551,-0.0016697089181063815
2024-08-21,0.00679083925672538,0.007442270219096561,0.008121833623829969,0.007663711320646374,0.0072370326854831885,0.007262961152453132,0.007108911262710529
2024-08-22,-0.003986445383020866,-0.010213657873271532,0.00033582482074955705,-0.0029371299673415577,-0.007582823499938711,-0.004660444936028733,-0.004696043322040953
2024-08-23,0.007963608387866155,0.014031844602956312,0.010539547020747941,0.008677902216391115,0.010046498959928929,0.009512978612789574,0.009355262012896631
2024-08-26,-0.006873730473717644,-0.010380291762925278,-0.010796202813840958,-0.006058329572196458,-0.008943371884151091,-0.006886911967717818,-0.005809346964361917
2024-08-27,0.0003113318604860813,0.0018998941318882842,-0.004012705644565649,0.0013104668002171735,0.0015297733307890402,0.0004481196193685186,0.00016999297634936322
2024-08-28,-0.01512139946279947,-0.014916639645941733,-0.019724040269014385,-0.015303742590010334,-0.015333171672405173,-0.014067246330567863,-0.013367885909706022
2024-08-29,0.008128844732082348,0.005959141767252034,0.009487191325695747,0.00789706085321764,0.005566385237138351,0.00755954376183695,0.007574495121263951
2024-08-30,0.004111750380286359,0.009220689079006777,-0.0016149640038426588,0.005423976630327648,0.006513804026584441,0.004912699136200072,0.0039215306648967
2024-09-04,-0.010055541762322895,-0.00924306283658212,-0.013215544593888046,-0.010480218341025499,-0.009098346033861018,-0.008904228633370384,-0.0077435143768506964
2024-09-05,-0.003921929633711264,-0.005367882344435207,-0.005276938210575691,-0.004723659164576441,-0.0036486898876595536,-0.0033153984284740173,-0.004117742027675633
2024-09-06,-0.016629686642726942,-0.021919265866049566,-0.015822415669931318,-0.018149415405008883,-0.01971239264076218,-0.01747661342685527,-0.015378791859287762
2024-09-09,0.004089891719965052,0.006717320456443382,0.002078874106045042,0.006548601993311531,0.006404228632334197,0.00527661862108475,0.004030039691458626
2024-09-10,-0.005658833835520428,-0.002372574717475859,-0.008558339270581236,-0.0018433615186069091,-0.0037689035638177187,-0.004578033058363448,-0.006594852902445353
2024-09-11,0.008362449052732028,0.016394414505121524,0.006557640971832104,0.009410172066423361,0.01377158941825235,0.00958309388465084,0.00729962707610303
2024-09-12,0.01578462437538578,0.01421736225597102,0.009247462763235653,0.018488585191371518,0.014079325226912284,0.015002719300103204,0.01414462079915195
2024-09-13,0.011039852060908786,0.011131159217598732,0.013754443717482176,0.009572388862028089,0.011268466382501272,0.01068455521719823,0.011076170322747311
2024-09-16,0.0020755981728070817,-0.00028118420064032756,0.004582480177926951,0.009795030463331938,0.0001752311436444831,0.0026784956128181048,0.002248369898097291
2024-09-17,-0.0028259163175524044,-0.000293715332142494,-0.0006592345161901686,-0.00250051040174451,-0.0025154520450870604,-0.0016366282190427711,-0.001645659400366914
2024-09-18,-0.009033739169957682,-0.009474638518565275,-0.008252375970407115,-0.007526671206063866,-0.00932717116706979,-0.007975413572761249,-0.007510841165282299
2024-09-19,0.01512999923921573,0.021095766523455017,0.013706365936458964,0.012807063085402165,0.01866483327524912,0.015822858850975563,0.015439818814200063
2024-09-20,-0.005258780157171167,-0.007221722871749478,-0.004162673000976308,-0.003932112434882784,-0.006255381712358468,-0.005048211599249647,-0.006177570651111283
2024-09-23,-0.0003782400871912361,0.0006719597730321311,-0.00196907190881742,0.0017026237873076985,0.00022074523815409502,0.0005657953628165277,-2.5292800441924224e-05
2024-09-24,0.003211061745290011,0.004347540635264803,0.0076173370272634225,0.0029618622084577675,0.005137574577638311,0.0037990107778175866,0.0036566805374255787
2024-09-25,0.00151052399050809,0.003311889412672936,0.002739587510691033,0.005481818229265717,0.0024207219842752037,0.0007131485500201651,-0.0006301089259847931
2024-09-26,0.008381008165577684,0.014470452025010273,0.008323359763041056,0.008290533349173297,0.010937678981016115,0.009370259370872831,0.010068256820790274
2024-09-27,-0.0007488004489588954,-0.002988417170906296,0.001530864762299744,6.63150791614664e-05,-0.0030698886009483117,-0.0014525921057609859,0.0008334888844547805
2024-09-30,-0.004419656749741953,-0.004433529052483065,-0.0065834784762159315,-0.00588812372182726,-0.005022647010996764,-0.004327197562694909,-0.004049026001841191
2024-10-01,-0.0007159066465888974,-0.0063045198176205144,-0.005595150401699021,3.383033212046166e-05,-0.003972307014733591,-0.0015203268251298765,-0.0008250912634503102
2024-10-02,-0.005257693838992828,0.0012506057424086017,-0.012494606740859442,-0.004397930263040854,-0.00280042171451491,-0.005144647538225862,-0.004567306069088083
2024-10-03,-0.0010877493816173517,0.0015850683874919572,0.0014225048102948015,-0.0023234769728726276,0.00019855722709167384,-0.0023529323988242187,-0.0022778671550372706
2024-10-04,0.005504784153185258,0.007413729433255967,0.011333657190145924,0.003201485814596644,0.006488129325620373,0.005650823213246059,0.005285789614087655
2024-10-07,-0.004647493127476992,-0.005015031219771739,-0.007211543435224559,0.0026272355684946944,-0.0038648031111340256,-0.004246250726910629,-0.0048176434515124975
2024-10-08,-0.0025893613355518525,-0.0008116677013447274,0.0013033979192818776,-0.0020380554122356523,-0.00010027344957264789,-0.0017158319784710899,-0.0038441581920827736
2024-10-09,-0.0014888858189332263,-0.000492451723780464,0.005058680366327749,-0.0044775594520528525,-8.966825518277877e-07,-0.0002576175204792655,-0.001625907512117962
2024-10-10,1.1972912943953675e-05,-0.0015473480958643065,-0.005074370754849553,-0.001675649845162816,-0.00023448359653248374,-0.0011247094372077299,0.00016394225571246535
2024-10-11,0.012447312024349264,0.013312929038205343,0.009158687964492818,0.010869445193784563,0.011892775382127949,0.011738120916786401,0.011606652994125069
2024-10-14,0.006862266930121579,0.008729111226733172,0.0013430567156251239,0.007596298380610683,0.008239685811642306,0.006954397176341359,0.005682751882438594
2024-10-15,-0.02358447925384227,-0.0294207198051527,-0.024593512667381752,-0.01904155230066764,-0.027391636881784927,-0.022590624773852548,-0.02194363092115261
2024-10-16,0.001305084766017634,0.0018684904841734101,0.0031208042249308426,0.003284914216921661,0.0012228675785711934,0.0013215297729610581,0.002034076161014739
2024-10-17,0.005276903071365048,0.005337804958631509,0.01085893332632104,0.003347337273555198,0.006770369429003303,0.005533772488499872,0.003987004016286863
2024-10-18,0.011463145006355988,0.009267614472435862,0.013835175707554423,0.010852504465078058,0.0099954648878718,0.010218131058658417,0.010132982914934266
2024-10-21,-0.009475306295630837,-0.008694178078042236,-0.014695819773045626,-0.01008590062461455,-0.007629878410332705,-0.008843845687062243,-0.009676553962534834
2024-10-22,0.00023344642158932113,-9.86842287283296e-05,-0.003995366012982296,-0.0014707214447316763,-0.00036427512556913566,-0.0008768364900483827,1.3984558968935246e-05
2024-10-23,-0.011548739669770372,-0.013607391528762322,-0.015250807605834166,-0.012582022541280102,-0.011436156927603261,-0.011305718274088356,-0.010157124982771104
2024-10-24,0.0007461239817131031,0.0031086003880894456,-0.0007257042217831619,-0.0025501045348938975,0.0011799562711421532,0.001865072338041264,0.0005488737077849679
2024-10-25,-0.0026987113375291838,-0.0004189498413233947,-0.003118770232117214,0.00021179747554590095,-0.00091171896796962,-0.002681514900033842,-0.002205258382034163
2024-10-28,0.0027220991176966393,0.002844096382828065,0.005553187027859341,0.004383306043148821,0.0015170735148420794,0.003976672566232159,0.0033347065172654733
2024-10-29,0.005776717095430467,0.009974374143908449,0.0012224748515246991,0.008186333451955297,0.007895878540445156,0.004044415373420485,0.0035243554624124623
2024-10-30,-0.0031694568127986125,-0.01078770806430654,-0.00308551592190294,-0.0022130342976955653,-0.005809252709923357,-0.003961460588972787,-0.0023554836807928026
2024-10-31,-0.007404104984918248,-0.010390709895231776,-0.006744072572277562,-0.0046294631524453345,-0.010966379416477295,-0.008827398457462193,-0.00731134835888346
2024-11-01,-0.003502738551414031,-0.0008281842487070784,-0.004765982669737462,-0.0069139665839681175,-0.0014770477458364156,-0.002695043366768554,-0.0032220932197271623
2024-11-04,-0.0030205856070654098,-0.0044589286436405515,0.0014804747068081145,-0.0007488382588382927,-0.0028881579881564826,-0.002940074236693603,-0.0016986994171382733
2024-11-05,0.0030263639007506726,0.005827405037701731,0.005610475364140381,0.0037329468451006084,0.004715449202450865,0.004711905512258245,0.0027869260113783864
2024-11-06,-0.008376021656223904,-0.0020421990235646517,-0.0011542053781056008,-0.005038987153756343,-0.004056905085069569,-0.0057330747222169645,-0.008317225449916955
2024-11-07,0.011222586222619417,0.013817747065123107,0.00824938633008937,0.011488152903272028,0.012866151715423144,0.010797185569313736,0.01046635037818501
2024-11-08,0.0020973832108109485,-4.9649646759179766e-05,-4.222981573647616e-05,-0.0001090659353862114,0.0010306788404799774,0.0021024081389627927,9.667801110677804e-05
2024-11-11,-0.0031786231842442065,-0.00734149982999828,-0.009395274337411053,-0.006513435793863945,-0.005581672554775069,-0.0015962790448386666,-0.0023934189993218835
2024-11-12,-0.008142002988761641,-0.009383433272468884,-0.005469831908593785,-0.00901338023585107,-0.007947625189983092,-0.009951365081647866,-0.0098836755102985
2024-11-13,-0.002789599630985335,-0.003402885584975923,-0.0024109821376833707,-0.0011050968804572903,-0.004540281025814483,-0.002550996341038461,-0.0030160265095642985
2024-11-14,0.01029302735295144,0.008790390627552228,0.0018179049810082837,0.010983443220792671,0.009284019774525504,0.008285121792109579,0.009439745155494866
2024-11-15,-0.016395394476527148,-0.01844064962183383,-0.021916443673063148,-0.017763565465372437,-0.018491142886582358,-0.015293084302621225,-0.013968133116062785
2024-11-18,0.002496160866725811,0.004990869399909899,-0.0053713196095290724,-0.000204235357525763,0.00301244133206139,0.0023871885678972762,0.002794074852552321
2024-11-19,0.0019856098584518085,0.0035063134683137945,-0.0005278933636984964,0.00012729363254532916,0.003103639841570062,0.002548314060576158,0.0015767606886044824
2024-11-20,-0.0023347785028137325,-0.004623513630930942,-0.009482133798330863,-0.002577292918497315,-0.0028824770033347574,-0.0026774114253861475,-0.0017390689091859313
2024-11-21,0.013072476719694692,0.013306514772444614,0.010046937339305811,0.008341203728962215,0.0132731729622627,0.0125215136572399,0.013310753916296117
2024-11-22,0.02019076493971983,0.01995363884118255,0.017952266235174583,0.014459961268006388,0.01691519037535069,0.018570102338631808,0.018316931622280028
2024-11-25,0.0010354337949889708,0.0030636977798227105,-0.005646785337315552,-0.0009505814851775984,0.00041545284109408,0.0015336926860519962,0.002269274587435449
2024-11-26,0.003608079243719047,0.0020850164258518836,0.0022175375131036137,0.00383066755090828,0.0020079231987920818,0.0028100900816976568,0.0019295368051407066
2024-11-27,-0.006269461510423537,-0.009018783207776167,-0.012642684719214002,-0.008220002952242796,-0.0071271107714412155,-0.006002716810041893,-0.004857208822391899
2024-12-02,0.0031624739853534246,0.006907558486502735,0.004055247148855801,0.00013692581756309663,0.005730441108069223,0.0028068258902166077,0.0028365409631534444
2024-12-03,0.003701699170470847,0.0032664169606616347,0.001013829837024631,0.002757104245637597,0.003516354326213285,0.002971280284486018,0.003048283453137797
2024-12-04,0.004039022546479586,0.00676096946832451,0.0010248175207132754,0.006411496910417355,0.005652540590119534,0.004686774717300959,0.0025270638583769905
2024-12-05,-0.011589439213692907,-0.0139845331858676,-0.011773995179221487,-0.010634284269252413,-0.012283225497068319,-0.010377059261802594,-0.010543370895534025
2024-12-06,-0.003506665667605443,-3.3047395062338336e-05,-0.0018085239575501982,-0.004270369087871817,-0.002912277208955552,-0.0029697003871703292,-0.003999063374748535
2024-12-09,0.0007944632007517398,0.0013028585863503958,0.006607108530910948,0.0035147116678840504,-0.000581939008163744,-0.0005566102130178038,0.0018451936119052922
2024-12-10,0.0036302840950386034,-0.0017247588930680777,0.006652175766868947,0.0027332738642426233,3.2067934682793175e-05,0.001971793967087458,0.0025628761944768083
2024-12-11,0.00546975213053242,0.010927582697856666,0.010009137166016688,0.007963837529827558,0.007844848115777112,0.006344268110861098,0.005314587800803419
2024-12-12,-0.009351929979627114,-0.009716250155433329,-0.0029245871165791,-0.006795066889560705,-0.009393520798761795,-0.009453883507554245,-0.008989955939614783
2024-12-13,-0.005251444330179941,0.002173460671435784,-0.00638322628524346,-0.005118740935158128,-0.001451642653597346,-0.004722702159130773,-0.005089431214602078
2024-12-16,0.006852042431318363,0.009221174212828684,0.010919000253086467,0.007474135420934072,0.00787937224060005,0.006367893099370955,0.003939084039672622
2024-12-17,-0.0009462814671760372,-0.0049058071884122215,-0.0068813923005848,0.0002476680206619439,-0.0024518770926350505,-0.0018413998574953114,-0.0016390981232674226
2024-12-18,-0.014755374271811957,-0.01989074904125044,-0.015556226778824643,-0.010616991351799714,-0.016896589788782702,-0.017007818777266558,-0.01672082323678612
2024-12-19,-0.014046350381313093,-0.015453889257300735,-0.01133643075371056,-0.013694083822178044,-0.013902196598642502,-0.012468358266377516,-0.013301035568947697
2024-12-20,-0.01629685731388581,-0.011519705303580735,-0.015225995773317125,-0.014106288708870207,-0.012250293595779005,-0.013044822625388086,-0.013014658529208578
2024-12-23,0.006983243611480434,0.01087482191975974,0.0014946463731129664,0.006400281334780232,0.010031991773404435,0.0064007595824108685,0.006170213820421815
2024-12-30,-0.010642347706172721,-0.012812672977085035,-0.010217180482437832,-0.012423367073786065,-0.011194096767092154,-0.010276461430778497,-0.010525084132239418
2025-01-03,0.000591107488470926,0.007509284332404054,0.006071100044114097,0.004579389570762787,0.00413767774149415,0.002447560770707735,0.001253195804499202
2025-01-06,0.010044048949416087,0.013553329644782737,0.010919838527561988,0.009626724042515557,0.012932379937244394,0.010193618581456322,0.009520219180026886
2025-01-07,-0.009510606246171385,-0.011983126082834257,-0.009278458817118522,-0.012478612563956971,-0.011295122808901707,-0.009251479165009464,-0.009010906663438463
2025-01-08,-5.875289760175819e-05,-0.00041540506141683753,-0.0050663598340534854,-0.004962470608133165,-0.0009420150538019395,-0.000638124629105008,-0.0007443552036854456
2025-01-13,-0.017243362577640056,-0.015071033932521453,-0.008310662251963107,-0.017556849412334145,-0.016372430666717057,-0.015414330942508318,-0.011908165186752105
2025-01-14,0.001988582536220965,0.0023103402916798826,0.006739036050907324,0.0013570868582431922,0.00214878012854218,0.0025739167316192885,0.002023627562296279
2025-01-15,0.00912776913306444,0.010780872617857692,0.013160408523423747,0.009965689318683649,0.010925399988617454,0.009758875715593238,0.009175296297854116
2025-01-16,-0.001575222175796785,0.0006787173275152325,-0.007585141620395003,-0.004791741704416472,-0.0008409305503506437,-0.0007269471101425395,-0.0008550729544523072
2025-01-17,-0.007273075825251067,0.0026867858328322586,-0.015144064862820203,-0.007192892726853917,-0.003410989938203865,-0.00499597003827186,-0.005489296047460915
2025-01-22,0.0016019160793750513,0.006143338583577657,0.0014275017750882135,0.0037245747695799636,0.003678833251763075,0.00264402645298753,0.001017005307488536
2025-01-23,-0.005557773911664296,-0.006511497394277269,-0.00876349595560666,-0.005783137906206159,-0.005012780541898201,-0.004105303125006857,-0.003080752500298975
2025-01-24,-0.002173894372302833,-0.004803563339673508,-0.0038983996985444275,-0.0006363706180258499,-0.004394194129095086,-0.0023618930063945276,-0.002391273236746469
2025-01-27,-0.01772981653663582,-0.03367884025325446,-0.01630115939480241,-0.012923445597086983,-0.027806639102294875,-0.0225431089649612,-0.014040435653408387
2025-01-28,-0.0008245055903899342,0.0012624533996857812,-0.006847717263363792,0.0018224819200149678,0.0017381668049182841,-0.002073829624265555,-0.0012427384573996392
2025-01-29,0.006417022636660488,0.006404743055508685,0.002439441575434423,0.008146305704175419,0.005136625634456701,0.006130212016281181,0.006012020340238608
2025-01-30,0.01576887019526407,0.016812664246013742,0.018710455925149,0.011151179912127468,0.016741029436026733,0.016112378762140583,0.01498530872551071
2025-01-31,-0.00441920634864582,-0.0049947754781562576,-0.002434865575125414,-0.0012178773310347751,-0.0046570758455158345,-0.004710001682732043,-0.005417481290250839
2025-02-03,-0.0166565108817953,-0.01969172228855212,-0.014863785775167088,-0.016535722566106137,-0.017057820256209097,-0.016821013563299278,-0.016595827149689324
2025-02-04,-0.002345965806046322,-0.0007371335093666886,-0.009342371806746061,-0.001180229801861471,-0.000644520028303841,-0.0012725845479970022,-0.0008786681427204457
2025-02-05,0.0009423871083235376,0.00382537687786115,-0.006960162506355519,0.0016425986132586473,0.0037597321570154857,0.0021865866264023787,-0.0006111466178154168
2025-02-06,0.003973326787358613,0.005156301710120333,-0.003342299765164182,0.004997355666547083,0.004088665490314759,0.0043679551996469515,0.0019323181358901834
2025-02-07,-0.004650073213238839,-0.006203901430601184,-0.0032342629956256183,-0.003294743942433391,-0.005754945707568952,-0.004830300663143709,-0.004627264574921831
2025-02-10,0.003324009832679854,0.005375515892483057,0.0010745567210969365,0.0012626982324561442,0.0052656505146943255,0.003933513115977227,0.004086532178919966
2025-02-11,0.0010121944938422983,-0.0001804106277814993,2.1245731976871074e-05,-0.0024437133297987162,0.0010108591113912463,0.0006494642232627856,0.0014228511583104647
2025-02-12,-0.006957190691913765,-0.006040663444284812,-0.008251802947262653,-0.004119107728675082,-0.006767891931419891,-0.006848911039040194,-0.007304893121502169
2025-02-13,0.0019082518149889686,0.004134937540363003,-0.005399666426814824,0.002374408154063,0.003384938874498332,0.003087936809282092,0.002004990359948243
2025-02-14,-0.00780756130147388,-0.006109532421426492,-0.015634435977697828,-0.0036619305726487555,-0.0065041280924071215,-0.006012758712789348,-0.0062185986432090196
2025-02-19,0.002515952846908293,0.007038711541415485,0.0028020046271009097,0.0037831553428311487,0.002747866896534265,0.0021008050733170858,0.002183167865614566
2025-02-20,-0.003406166567001061,-0.0006676563625957685,-0.0022885608822466527,-0.003771842317810116,-0.0027569637256081234,-0.0024264010941818723,-0.0029803957461259287
2025-02-21,0.008266182613360791,0.0029659866239168664,0.006645836403827668,0.007581730173774254,0.003446070245076052,0.004745948764226293,0.006848759492014328
2025-02-24,0.0028179881458284058,-0.0020964186519317612,0.007817904823441996,0.0013179473854427332,-0.0008193999941059071,0.0003784788951379653,0.0028877740239196537
2025-02-25,-0.008699325910779161,-0.01185975356744804,-0.012827702646380772,-0.004730675737939248,-0.010266785692012899,-0.008225819214952045,-0.0064597393126203315
2025-02-26,0.005785652259613059,0.008051244620222622,0.0030248223175507183,0.0038473815395778377,0.00798480269594333,0.005951265041265266,0.0039932825347343825
2025-02-27,-0.021768264998806724,-0.03150644347622703,-0.020277558813532416,-0.020118126370553095,-0.02675272175299858,-0.022338616231822962,-0.019668652684437814
2025-02-28,-0.0022247552840237083,0.0007494378622846243,-0.005441012739885787,-0.0019624644944668257,0.00022782919068409235,-0.0017973827720478008,-0.0019834128776036464
2025-03-03,-0.004949568177518863,-0.01286555540395349,-0.004564199209957577,-0.007319919351318767,-0.009572095315356348,-0.0066847289553564684,-0.005727313135771815
2025-03-04,-0.015774091311750733,-0.01353746213252853,-0.014875396644555477,-0.013392837134570887,-0.012557996394783097,-0.01422567726102214,-0.015121638453353098
2025-03-05,0.00896542943132488,0.012210897716957478,0.0004019561902533775,0.011996120974857041,0.010159048328347006,0.010524243991650792,0.010248593800158981
2025-03-06,-0.007339932395557421,-0.017254529792990657,-0.011199355476237204,-0.007655171594547434,-0.011664370975996506,-0.008640498592068231,-0.005132642952962237
2025-03-07,0.0005062248479124703,0.00791691345729148,-0.0038820807724768702,0.001479925489338313,0.003463014960606803,0.0027987700346114586,0.002029623731482383
2025-03-10,-0.025069762026964218,-0.03204661195783026,-0.019293553198388116,-0.02892017224054158,-0.027800367540267115,-0.025356457031863275,-0.022440305280500047
2025-03-11,-0.013205279000072265,-0.014595812189786651,-0.010871559955492612,-0.012215174999374447,-0.01173524529722033,-0.010864427117462334,-0.012874594338081309
2025-03-12,-0.006129115485712496,-0.0002760195749316116,-0.00566707443420638,-0.006202680394692912,-0.0016868403891005176,-0.003990197252164089,-0.007044246197320712
2025-03-13,0.00234449840696786,-0.0008707998300039807,-0.00023220636493818253,-0.00043150035548792515,0.0015015970329131725,0.00044569497553186704,0.000995554685531412
2025-03-14,0.008100109740457828,0.013484464975926591,0.0043117257196831765,0.009894250105445368,0.011084410813293977,0.009947857990419029,0.00929204693318128
2025-03-17,0.01294377245715044,0.01133526936260694,0.01623784719709452,0.010756479746735409,0.012644376366620816,0.013140178409295086,0.013547137164960324
2025-03-18,0.002092082358307553,0.00028490019401941624,0.0065148727019936625,0.0010112759700673657,-0.00010208156171184757,0.0011783134415178226,0.0017223329990069952
2025-03-19,0.004271225903722625,0.005692729743007052,0.005444233862975489,0.0027735831340580386,0.004840817535828518,0.005376510434630111,0.0041344914387443366
2025-03-20,-0.0016246922312658943,-0.0032490101112971,-0.0006683956193054494,-0.006011463984932734,-0.0016194880649276835,-0.002016593667230983,-0.002357380856301085
2025-03-21,-0.009195881387505187,-0.00933809719986528,-0.01453561430355807,-0.011379985086006211,-0.009301621445754263,-0.00930500263110251,-0.008626610103861329
2025-03-24,0.01339658715066486,0.018314104451285215,0.012995491003916462,0.014083488457886387,0.014980894653953233,0.013268888898932615,0.01119372859564581
2025-03-25,-0.01248698383997489,-0.012862741398829904,-0.014924088056229572,-0.015995589614126303,-0.011457264189922649,-0.010810976148487896,-0.011365156114478962
2025-03-26,-0.005520092987891151,-0.011234893217503553,-0.0030117222152578477,-0.007304003682191973,-0.008988584188083015,-0.007684541216397001,-0.004481278750197978
2025-03-27,-0.0060288142579815115,-0.008297382470645702,-0.008304485441011734,-0.006406146158960478,-0.00767375010350007,-0.0061333350248813714,-0.004268316009298313
2025-03-28,-0.005768215045016043,-0.011584794142951715,-0.005669051415592291,-0.0014340400475612025,-0.00825040697239382,-0.006913338454957049,-0.007117517716632049
2025-03-31,0.0005723979265207506,0.00023956906623109897,0.005342353849292256,0.0028272721386919802,8.84421076662728e-05,-0.0006161109445844137,0.0008701784890866732
2025-04-01,0.0450901202305598,0.045996850454637084,0.04041734685897516,0.03889385752951936,0.040056783362523773,0.040315707609985596,0.03965638845525565
2025-04-02,0.0010323296269658033,0.003602173788129631,-0.0008614872287372316,0.004418769296619968,0.001844506130892043,0.0021323348932898722,0.0004437301813033784
2025-04-03,-0.04841976808479986,-0.0622977981828497,-0.04280038105962967,-0.0449765498539425,-0.05318049932942399,-0.046464065042996945,-0.04489496914221972
2025-04-04,-0.02308672218913868,-0.03604426080320999,-0.02181355676030551,-0.018779235963203356,-0.029641243627710187,-0.027717054611540726,-0.027865085433205927
2025-04-07,-0.017815226326939698,-0.010007888260270874,-0.02310339780834448,-0.018535192993326684,-0.01275370032458372,-0.01727378872003183,-0.017534243898083023
2025-04-08,-0.01093639278149525,-0.017547432487946206,-0.01845057119744619,-0.00805541510938309,-0.012915748051748853,-0.011350557136897955,-0.011872079581397195
2025-04-09,0.04037848456428163,0.06772800705980726,0.038584847035930056,0.035668162218198754,0.05678158691426159,0.04746362321320309,0.043656200364146955
2025-04-10,0.008657910743919988,-0.009138312515596811,0.013133984633672754,0.004463786301448128,-0.0010924468634520845,0.004415935184678768,0.005765490471586254
2025-04-11,0.010906844830294218,0.012493613415562654,0.01611093928382415,0.008902595156571075,0.01279255084880171,0.012543762202584796,0.013236808636501618
2025-04-14,0.015030852166642935,0.014029327164432337,0.00864010235273835,0.013387650820679386,0.013338277287840372,0.014207227623052793,0.01462912690670548
2025-04-15,-0.0035734625124048203,-0.0029201934640547683,-0.008514060182602479,-0.004121849529779384,-0.002314566600725723,-0.00251452675721249,-0.0038093283099215752
2025-04-16,-0.003928267385946387,-0.008882749481808484,-0.0006413867493684153,-0.0023712692393875953,-0.008716404766080009,-0.0050767233631217115,-0.0038375615282351186
2025-04-23,0.006946763409023083,0.013136637848505148,0.0004502454874402706,0.005416429834515332,0.01064460531104365,0.007178604720923951,0.0066203518054568505
2025-04-24,0.015452607469693631,0.02409879894563223,0.012241840782309943,0.01404033735166059,0.01984298526859203,0.0167928293145269,0.015214241633868045
2025-04-25,-0.011109181143007517,-0.006557795415509576,-0.006052722775932079,-0.008245243724745749,-0.007926018808875862,-0.007895563314717996,-0.009885755791071621
2025-04-28,0.002764362930249762,0.001007081548642541,0.004164376656277821,0.0073480447150486156,0.0016403981237012172,0.002080233409429616,0.003301183761592122
2025-04-29,-0.0012704237974027358,-0.003422412816094969,-0.0011816534544195761,0.0016983232385328617,-0.0013252473621191418,-0.0006235959272574143,-0.0005457772248206871
2025-04-30,-0.0029398196827393353,0.00013879166891733047,-0.004228521666138775,1.677827091200318e-05,-0.001983863521722952,-0.002213014695796413,-0.0023542733378048367
2025-05-05,0.012624830535886073,0.00971598727897812,0.007372852749544016,0.012499256719738457,0.010236330658124161,0.011016037293862545,0.010474549295892706
2025-05-06,0.00151045583268442,-0.0009373282264909244,-0.003673604453050358,0.003509087572580505,0.00016131679880072858,0.0009123481428494201,0.0006211180337818978
2025-05-07,0.000191029257508151,0.00448481449436669,-0.007956877092601941,-0.0020702710814970854,0.002735684294734836,0.0004032671139528876,9.491047805121333e-05
2025-05-08,0.00598247839950778,0.0060804905579738,0.004035905402122952,0.0037718784788281084,0.006331158683435173,0.00643354219307804,0.0067709591701324845
2025-05-09,0.0035903819392123027,0.005749767039721326,0.008323308445369104,0.001688651566967861,0.003958205859577013,0.0036185984318501674,0.00371293038156173
2025-05-12,0.011794067804913162,0.021478602111744544,0.011183861937423212,0.012306771056555504,0.018158893715692015,0.012432975333074608,0.011688341879757203
2025-05-13,0.007848512847674467,0.012652402557531972,0.011383744078676816,0.006803009318848904,0.011158543712077112,0.008667077482813368,0.008221187994853135
2025-05-14,0.009828575880278925,0.010713660493618098,0.011946074457143012,0.008920812638213475,0.0098369764878228,0.009041084765022571,0.0064781199253283114
2025-05-15,0.004108279899691075,0.0030585464594816564,0.0007146210531419755,0.006511478619425054,0.0031612607052630692,0.004503075628981779,0.0052047784807406905
2025-05-16,-0.003518000026135828,-0.0028120050654623086,0.001732584920516339,-0.0004384357092541702,-0.0034373710084109194,-0.0026903736440244685,-0.0015934701230924386
2025-05-19,0.0034316388797436654,0.0024825805129062087,0.007023240390507272,0.003115671121260287,0.002794701206623791,0.0034280192452566735,0.0029854212331392113
2025-05-20,0.013815263239101712,0.012242618615453768,0.018526452738982555,0.010535361183056632,0.011849539033078518,0.01287833848219093,0.012399128412145563
2025-05-21,-0.007162867107352573,-0.008218624530876545,-0.007110127384883341,-0.0036165055654825695,-0.008339463830185717,-0.007780105620675881,-0.007369739313933352
2025-05-22,-0.01012478603074169,-0.009928500665106477,-0.011363460404359982,-0.0069469784021437275,-0.009200848374177492,-0.009072379234034728,-0.009519472950319921
2025-05-23,0.0012457529263757029,-0.0025082312139454374,0.005591880941708906,-0.00272908820185621,-0.0006592687597887156,0.0012938824171873989,0.0016664861267949652
2025-05-28,-0.008019068342295122,-0.008436198381210916,-0.009827872368200805,-0.004967269331296625,-0.008348477612978703,-0.008212943767204911,-0.007757245980523755
2025-06-03,-0.001962847509267134,0.0037556029804970137,8.632506977129806e-05,-0.0015167575090525298,0.0011030956301680273,-0.0006626924044409455,-0.0020606957600210613
2025-06-04,-0.0032815335705521326,-0.0008634756795392745,-0.0003113470409778357,-0.004606966687908873,-0.0013841424710046984,-0.002177232787145808,-0.0026132199609325973
2025-06-11,0.004287415211801569,0.0029809106549597425,0.010296698542876043,0.002299650387556723,0.0036608579399622365,0.0036858603957386493,0.004450668861493812
2025-06-12,-0.0012228226817586618,-0.0023661515383789633,-0.002172772574861176,-0.0010391877244031872,-0.0004637801243229517,0.0003463418479037056,-0.0007307900133674133
2025-06-13,-0.005820044238533122,-0.0094374724981178,-0.011130517915281107,-0.005871536261115057,-0.00801863028156112,-0.0063631292079498886,-0.004619003672280825
2025-06-16,-0.0005804837243178719,0.005818507229101537,-0.004268614066823988,-0.001152982153468797,0.0026001893082653257,0.0013847230479045944,0.0014802259633719603
2025-06-17,-0.008783981116518751,-0.009113180645694004,-0.014686507857623217,-0.0069175872334695035,-0.008535519692043643,-0.00952270406622565,-0.008598161858411855
2025-06-18,-0.0003636511725981307,0.00024564226937758005,-0.0075630802555745474,-0.0029501661949439956,0.00015964703256325652,-0.0003088346406549952,-0.0010699851013176026
2025-06-23,-0.004382776930865489,-0.0039230956345197646,-0.010495688090516729,-0.002026054085934724,-0.0030424759279723476,-0.002714229393081073,-0.0041907650675147914
2025-06-24,0.004412262258099493,0.010967482481434462,0.004730206412803348,0.008647403835896059,0.008451820938034468,0.006250221496883354,0.003877722385103907
2025-06-25,-0.00864152649098393,-0.0058114830068184825,-0.007513449217834853,-0.005190248289342489,-0.005876499043053249,-0.008037588458011072,-0.0087676682447584
2025-06-26,0.0019047895111372459,0.0034966093084709965,0.007379217939104718,-0.0015873070398099293,0.0025751250766501838,0.00341968172803149,0.002404406040267662
2025-06-27,0.0006641840696276018,0.000871179401663924,0.006677729973462221,-6.580027772094821e-05,0.0011313059845551587,0.0019313484491611799,0.0009563823025056095
2025-06-30,0.013276169298567135,0.0136429710775538,0.008932336019820367,0.01198449272177296,0.01182316345400386,0.012085949492724957,0.011803697278545688
2025-07-01,0.010236048786130538,0.007194960524448388,0.008795285390140184,0.009163537984906628,0.0075939455925645855,0.008488996691149303,0.010382783739010082
2025-07-02,0.007428197957296782,0.009111415634593292,0.008665417564668307,0.007947695850242256,0.008951275959461866,0.007077288713604538,0.008346299948377198
2025-07-03,-0.0036903603065894875,-0.0036672448523135254,-0.002728057897986219,-0.0055769300761487894,-0.0021757218457655325,-0.0025822384959678923,-0.0034937423175126214
2025-07-08,0.001564646392193519,0.002319619826803128,0.002564233656779054,0.003253597871156845,0.0030312066541908836,0.0014958141573145414,0.002024848695110444
2025-07-09,-0.0023727798378568943,-0.0002419437915112052,-0.0037382814243042337,-0.003911107733932516,-0.0012207392220310795,-0.001000007906128468,-0.0014740284511277
2025-07-10,0.013610849828623357,0.014762560602723282,0.012569193258455472,0.011054556592163256,0.012829172755121479,0.011631537156485211,0.011426753190115144
2025-07-11,-0.006372789083605421,-0.005568990117400335,-0.0055222869323282575,-0.012323613599916114,-0.005589233144085312,-0.006331050157067447,-0.006194518181818182
2025-07-14,-0.0014011158123777131,-0.0015706045038687347,-0.0005257405792820427,-0.003418635200492813,-0.002169474272739856,-0.0007377650667682936,-0.001830570495107424
2025-07-15,-0.007779145891701143,-0.004362754280524794,-0.005277358629640211,-0.008336772251924529,-0.004405948073014532,-0.0067797291942370275,-0.008224328826405322
2025-07-16,-0.012093022147976584,-0.012079692577523615,-0.013061732766192408,-0.013329245880527682,-0.011234766243062966,-0.010014148544084209,-0.011042270478879804
2025-07-17,0.00345449496332181,0.0033645897836308697,0.0009226015484801453,0.0033206323647454322,0.004072700643685576,0.00618666243710965,0.003074081053126884
2025-07-18,-0.0033403309706516323,-0.004273648439188295,-0.0010866419841008765,-0.002999470842573952,-0.0035226887293746192,-0.0031938003331082945,-0.002665905424799296
2025-07-21,0.0073306725733771295,0.007720049636396789,0.004060217095669463,0.0008640596194676442,0.006500449768058622,0.006580797133123414,0.006089619202637939
2025-07-22,0.013868028063580753,0.008076755184280374,0.011051332572999423,0.012229572198416083,0.009922897629625588,0.012134524555633158,0.014207873188911119
2025-07-23,0.005325516245775357,0.004369469761069403,0.0006319072894757638,0.0024783481442813837,0.005202977443041157,0.006750892445249318,0.007070139251261626
2025-07-24,-0.0019244543275268033,-0.0019236706734525669,-0.005416503707212798,-0.0006915025953526319,-0.001164899093434417,-0.0024411399230425887,-0.0029076028572358956
2025-07-25,-0.001193426336163071,-0.0009863602203322441,-0.001468138898651758,-0.004309644960497752,-0.0011788958728596866,-0.0006892982620005372,-0.0011611483652118476
2025-07-28,0.00171133627732609,0.003919368581295234,0.00013723269579687253,0.0014150053804313292,0.0032018382497147543,0.0009276306897025646,4.316829011497686e-05
2025-07-29,-0.0355660221266156,-0.03128158832520095,-0.03489753377045743,-0.032152334820414574,-0.030481146937644865,-0.032108959953625005,-0.03159383084356965
2025-07-30,-0.012521481850137762,-0.008931991819412621,-0.010076332244906894,-0.010296419596885431,-0.009522346383841696,-0.010659081080332339,-0.012178622916810433
2025-07-31,-0.00896020170499537,-0.014922477498947276,-0.0024733223389706155,-0.007759775396629823,-0.010996196469686012,-0.008808216173091063,-0.008577385802426299
2025-08-01,-0.006693886081587559,-0.007085199072618606,-0.0020737699655203057,-0.007008908344259365,-0.007947835642360679,-0.00679761641089284,-0.006426272101233449
2025-08-04,0.01851865925871486,0.01968037374558257,0.01994600266041574,0.012657910637998815,0.018950788453477863,0.01768277131400614,0.017520526455850893
2025-08-05,-0.0067513616096210784,-0.006674617173018628,-0.004916878111548999,-0.009761122525851491,-0.007238465360229991,-0.007167761839542937,-0.005393109331286804
2025-08-06,-0.010286846512614745,-0.009988793378810139,-0.00573626692495343,-0.010708183784934398,-0.009209979097655842,-0.008558918114409168,-0.010349848415321376
2025-08-07,0.015793593277176575,0.016129501844994128,0.018401216113596193,0.013614609914385158,0.015781914855114106,0.014656366586834453,0.013991984651649227
2025-08-08,0.004597510316870985,0.0061315267520895625,0.005028444526294591,0.002526787873919599,0.005057619313846913,0.004530404218511287,0.004453750102333211
2025-08-11,-0.00575436532702267,-0.0037775056770164572,-0.0016976175778633529,-0.003648935170988271,-0.005090435146350894,-0.005636495964782828,-0.00481176364151184
2025-08-12,0.00733109277717825,0.011337511559761274,0.00034726624823444574,0.006185217780493343,0.009269176737529736,0.008306538447064124,0.006860521792817084
2025-08-13,0.015762482956223827,0.015304706394504458,0.01132285269346113,0.011241430547409434,0.014283684365586219,0.013300379764517478,0.01580829903339301
2025-08-14,-0.007187708736961895,-0.003392130430409361,-0.006365719291186893,-0.007320158093168459,-0.006023717371241098,-0.006661690501823171,-0.00793707734009249
2025-08-15,0.0026556029568138217,-0.0014860846210279915,-0.0026636667963361588,0.002729996967339776,-0.0002722331332846578,0.001958748463250934,0.003022261290241357
2025-08-18,0.006733465939754555,0.007436593847090216,0.003993769599240145,0.00662953905505511,0.006403363586033488,0.0062664614982446895,0.005756226410425246
2025-08-19,0.0013570687318323258,-0.002499167087534268,0.0023814417722030773,0.005800963820526486,-0.0013347915871163435,0.0003360868129298339,0.0016115084231873994
2025-08-20,0.00043895473726281365,-0.002360332016113971,0.0022843932365674904,-0.0009094553952972914,-0.0004367314450629059,-0.00020193860670520564,0.0009757806140013939
2025-08-21,0.002380455972259665,0.0022978823236711604,0.006584965736940743,0.0015942102011498593,0.0014340140513633554,0.0014413478841476118,0.0024867213221002743
2025-08-22,0.019794763496723537,0.021521260694878683,0.014067212887252573,0.018533171711849497,0.020007760915589326,0.02001458943654326,0.019316269261413457
2025-08-25,0.002980955025492726,0.004693569311444816,0.0007203428948888493,0.0025892811270127256,0.002727534692275095,0.001302651595018349,0.002261664163369932
2025-08-26,-0.0006069678817873312,0.000971622619045126,0.00491880337496306,-0.001958812720586345,0.0006724515618941884,0.00044758219600524174,-0.0009449488093609265
2025-08-27,0.003101308717833809,0.001987459710718384,0.004959649172522687,-0.0011530649393049625,0.003096959474959929,0.002826362879453606,0.002929550000931855
2025-08-28,0.004062307757940912,0.005053412248416371,-0.0002637881380255433,0.002024157492944552,0.004066849406663235,0.004386110873857756,0.003256071589582403
2025-08-29,0.0008357028989094245,-0.003252963206078416,-0.0018458749618443099,-0.002160598817913306,-0.0028613263240774844,-0.0012909874936118115,6.64356538059574e-05
2025-09-03,0.004571591041535911,0.0030730141294733337,-0.0017046912759581118,0.001175435608866987,0.003978316518152641,0.004454099499448749,0.0031891000568539385
2025-09-04,0.011995749583107125,0.01356634469975241,0.010252793091384986,0.011898411622383427,0.011993148238229813,0.011995152640209512,0.011261586030749983
2025-09-05,-0.001999821139832928,0.0017270118002274265,-0.005801420381918332,-7.984495203790243e-05,-0.00027497939554606277,-0.0011977238780622318,-0.000921568992761676
2025-09-08,-0.004291581158385158,-0.0019197877989452633,-0.009647492026565771,-0.005651242884987279,-0.002374213594782057,-0.0025423164607259047,-0.003201009838791527
2025-09-09,-0.006972620784813342,-0.005319602988907823,-0.013996656984006706,-0.006876005151085662,-0.005557229790639079,-0.006386199978449317,-0.006769746676533739
2025-09-10,0.007537768938281493,0.01220760566755355,-0.0011096599052776435,0.0020357022081721743,0.007863129523043522,0.009254557169380923,0.006259378086464873
2025-09-11,0.0007931156891223256,0.0035467427546631014,-0.007534040068071596,-0.0007663034937396562,0.0019820830282232804,0.0014572497211725877,0.002177066940906025
2025-09-12,0.0008947784044806798,0.0006172376862894485,0.0032616092992057005,0.001736122279599031,0.0009433440050409664,0.0008082380870563927,0.00016666308676697994
2025-09-15,0.022316539968278,0.023114799661050428,0.017287450000634294,0.02183904540751183,0.02069761371188994,0.020361301003484045,0.01850595072338987
2025-09-16,-0.0038126074026028313,-0.002634020316148032,-0.003550261381126983,-0.004827639401576732,-0.0033197619968793265,-0.0038132073025586646,-0.00288038199368814
2025-09-17,0.006186812099052712,0.005780965506758287,0.0049832663447445386,0.007680351427305096,0.004615961206724209,0.0046571019555047,0.004909022159553522
2025-09-18,0.02613749865806184,0.031342607814348306,0.019335051893732996,0.019237408908445996,0.02766966006351962,0.02411319486225616,0.02305602151726896
2025-09-19,0.002064756909361991,0.0017444558734366553,-0.0014115689626714098,-0.0016756006846399066,0.0013097651263637641,0.0018485268019805337,0.001064923517436582
2025-09-22,0.004523811537966842,0.007209063165268502,0.00470279831767758,0.005295659462380191,0.006516066310259409,0.005498248432501206,0.0036870018364262083
2025-09-23,0.007347879228844881,0.0071965542001713595,0.0077868093063589855,0.010705595105815521,0.006247039411004157,0.005296774812316843,0.006174466030449521
2025-09-24,7.16241689498546e-05,-0.003396036158765825,-0.002282258385918501,0.0016020888080594264,-0.00016658981113770732,2.0977507940819762e-05,0.0007098092852066695
2025-09-25,-0.013284004789503256,-0.010067889225963751,-0.007412328298397004,-0.011854636816046156,-0.011642964139928234,-0.012880677991975849,-0.012894172133099728
2025-09-26,0.0029441943107981912,0.0018344713976724963,0.009923632341075253,-0.0027698601134534817,0.002872071664418843,0.003504983271196624,0.003620260149841334
2025-09-29,0.0041006820089652075,0.004579289999697568,0.006311995054211546,-0.0019525930050630982,0.003914357303792505,0.004023935722137807,0.0030279399484442263
2025-09-30,-0.0023271009544033688,-0.0007844767635869707,-0.00495395933524357,-0.0019340628038761673,-0.0006028220264981052,-0.0008502010997374285,-0.0017975013230547773
2025-10-01,0.01739049906347851,0.0212899254087089,0.009077236261855803,0.014490086750768433,0.018024176622144825,0.016060625190907604,0.014450860565531215
2025-10-02,0.00036301774317845246,0.002413414050952814,-0.003275788853663114,-0.0023600280948449515,0.0020220677610357646,0.0008107139322683782,0.00125942013677606
2025-10-03,0.010329798197405917,0.009082493941410835,0.011976546567841917,0.009125008857685218,0.008462054208620895,0.00867021197022494,0.009718382208836196
2025-10-06,0.017232029226728982,0.01966351136731706,0.009820336777587216,0.01550863716062223,0.017565555701297142,0.01607967035469457,0.015162542031405268
2025-10-07,-0.009343782580366063,-0.012112477457756766,-0.011116168435162048,-0.005948725753807442,-0.01048010789600786,-0.009707054747846215,-0.008631877053553082
2025-10-08,0.00789433596954487,0.012123564600669004,0.005059227801990487,0.007772602358276329,0.010252750393401552,0.008416546332764799,0.006076798104811945
2025-10-09,-0.016934918034471075,-0.016337895734052817,-0.014732239042746696,-0.011667600877395316,-0.015128694398139388,-0.015437261009426502,-0.015449537998240025
2025-10-10,-0.01630227795209507,-0.026744533046329462,-0.012277103821946113,-0.014066640894335604,-0.02145938407736895,-0.016835567538133485,-0.016545950405093733
2025-10-13,0.022634383033904398,0.03077255225910243,0.023877707818347235,0.01995405208927871,0.025341598701565424,0.021886742541437174,0.020381684901682143
2025-10-14,0.007537908405989304,0.00195493566982248,0.005238355095099637,0.00937599057653972,0.00429619301201449,0.00689993554393549,0.006839164737034262
2025-10-15,0.01357581512813033,0.01713033699684828,0.015669360241848104,0.009885032298816862,0.014982281527736688,0.013806576500808812,0.012920358890927339
2025-10-16,0.0022622225956964804,0.0029368859329538394,0.000954868548776841,0.009157097769611086,0.002535348298304138,0.002262205762534261,0.001755646685536516
2025-10-17,-0.01519863034021763,-0.014432610842417724,-0.009248500275554163,-0.011440286310562577,-0.013469932594948685,-0.014024242569458688,-0.012384757477031362
2025-10-20,0.02196231771695215,0.023432462405337084,0.021181886985161075,0.020568079585734506,0.020817683453361546,0.02023856159857798,0.01983338113439334
2025-10-21,-0.0170627137640062,-0.01656119010619344,-0.012362053469594382,-0.013235226551002517,-0.01562108554871313,-0.015637540975792653,-0.01607134780101139
2025-10-22,-0.008611662408818799,-0.012677942951954596,-0.0005627629220441854,-0.002574248899530701,-0.009960625443675444,-0.00931444354982934,-0.006744284032844078
2025-10-23,0.00892389142077306,0.011421261497725745,0.006040944941817818,0.010516204992392537,0.010097236805767663,0.009933296619535743,0.008918983120594366
2025-10-24,-0.0005341946132654501,0.003595336914588375,-0.0006755111783249348,-0.004096885618697858,0.0018310281602548148,0.0008797833530323138,0.00012533031239311127
2025-10-27,-0.006156892431840865,-0.002330033453700482,-0.004216098753493665,-0.0018372813876623775,-0.002254637606642025,-0.004349727507889568,-0.005555848302247514
2025-10-28,-0.013102461874993128,-0.010603207687906992,-0.004757641671185371,-0.011681027921451294,-0.01036377990495433,-0.011132219346914114,-0.012274807043519083
2025-10-29,-0.006316066459310734,-0.002250401605198536,-0.002452272751939037,-0.004683172626355668,-0.0036331919783671104,-0.00507656743364248,-0.006596820445787362
2025-10-30,-0.00338398272098386,-0.0036777340468227906,-0.0013789080785304927,-0.006241152667120949,-0.004615842039378613,-0.004431950904523439,-0.005119995126707834
2025-10-31,-0.009113455093494203,-0.00803484376431566,-0.008454798129907216,-0.006615736136202775,-0.00821828220414738,-0.007926505956716144,-0.00872402811900607
2025-11-03,-0.002868214957518283,-0.0005438984209734585,0.0037798426660571385,-0.0035343886826154705,-0.001449133837473908,-0.0021516436103988443,-0.0022641088433863962
2025-11-04,-0.011740996573939882,-0.016271139667131965,-0.009479310987426284,-0.010258104913579855,-0.014828136457506233,-0.012796379752590514,-0.011866520851658943
2025-11-05,0.003476119628225074,0.009497211113553117,0.007456149371951326,0.002657957244881423,0.005429911356137046,0.005316984300700434,0.0029884057042807305
2025-11-06,-0.005625742668459197,-0.010699217126461477,-0.0007363978443575558,-0.00040210212445301874,-0.007846724534226232,-0.006536914497044979,-0.005827292393598152
2025-11-07,-0.0044812827115088116,-0.004950180807969162,-0.002529520020711426,0.0017201277115808516,-0.0049785426972746155,-0.004340066042792898,-0.0030633539157592787
2025-11-10,0.011562725799501643,0.016165817394732766,0.0139737168591118,0.011385806436590339,0.013948678627429566,0.011338032635114285,0.011572728869180475
2025-11-11,0.010434924404307782,0.0033468732658733583,0.011888310656644523,0.009498085663066334,0.006433991119769285,0.008674240070927756,0.011025293200853818
2025-11-12,0.01906570053687216,0.020111518442586893,0.023751394217697272,0.0158564244040421,0.018277699368492287,0.017228863056721375,0.01728735376887132
2025-11-13,-0.01250795616021033,-0.018561239702123304,-0.011866368991552613,-0.008218886264873583,-0.014709959597841389,-0.013632462574016853,-0.011391626720611898
2025-11-14,-0.011156398180083736,-0.011017536918087628,-0.007235451246192154,-0.010339036469281415,-0.009703842881478797,-0.009909002365215344,-0.010193358480954942
2025-11-17,-0.004813020708441315,-0.007057029689790342,-0.007763445419891088,-0.005203436967009603,-0.00590715964895111,-0.005922171919329811,-0.006740154933233239
2025-11-18,-0.010872526250719288,-0.013355489914838141,-0.010364340623944805,-0.007021564592228115,-0.0120883815766483,-0.01098237773956049,-0.009301312837073562
2025-11-19,0.002491956892274367,0.005315173939437957,0.00866635543947284,0.0011269047628689535,0.004487011061575098,0.0026171375332289318,0.0010686329286217974
2025-11-20,0.00074548546453383,-0.011068981889682354,0.003572139891653496,0.0002565492220367241,-0.004628461830716156,-0.00174107877261951,-0.0009146498657548255
2025-11-21,-0.0021292361859631516,0.0007225898315142143,0.0019636389657904374,-0.005621928503212498,-0.0014670419701877935,-0.0016497815306985575,0.001148311023463744
2025-11-24,0.006397369116178212,0.013539363674307914,0.0053844181180659895,0.007446000088614485,0.010576529304900911,0.006568652665315505,0.006935926772712875
2025-11-25,0.017289580972072314,0.014312946410259812,0.014902453754403723,0.020688007485965783,0.015456448977951488,0.01607499085431483,0.016853119771184012
2025-11-26,0.02577549832293784,0.02786751778803842,0.029136699794048454,0.0252128004951368,0.025384349458635602,0.02466735899305264,0.02267385232640995
2025-12-01,0.0001390281321788327,4.73665086363137e-05,-0.0006938647629854758,0.0005143370298392527,0.0003629336285230003,-0.0013110881856718201,0.00036101464837407643
2025-12-02,-0.006097564699270878,-0.00041322077816110386,-0.008733981093804667,-0.007575521696803693,-0.0030440364856167343,-0.004681082661855483,-0.005079396743482116
2025-12-03,0.008341883731342101,0.010725308128475997,0.012052875948568437,0.0066580235849993535,0.009017148399151742,0.00797473630928383,0.007690837137546369
2025-12-04,-0.025650113890393438,-0.023571456127122033,-0.02689771641964555,-0.020389603867175914,-0.02339412203064265,-0.021370357085173063,-0.022698500966165068
2025-12-05,0.0020989754219795332,0.0039087776092487925,0.002743791809228402,0.002349658698191537,0.002811446863189182,0.0015928648401508233,0.0012071813256755437
2025-12-08,-0.016739012947246834,-0.012977423367224107,-0.009866569803406507,-0.0181237306563208,-0.013230012769941048,-0.014190766946392909,-0.015484413943352544
2025-12-09,0.0038511170287183994,0.002232428529943792,-0.00040003772164692863,0.00020003094567852542,0.0035223540106508328,0.002777629785983629,0.00302547006467499
2025-12-10,0.0031481609810442485,0.006291464949801692,0.008374145484969273,-0.000636073055036504,0.004482289247294144,0.0043845734279952114,0.004377118734328819
2025-12-11,0.0136971320101351,0.011045270351686606,0.018216752323061844,0.013256881640709775,0.010912416378416417,0.012153925064084345,0.013603717991496997
2025-12-12,-0.006714106524598274,-0.016418604982229586,-0.00531733087755238,-0.0005491109643026362,-0.011526790591019874,-0.008090597991615774,-0.005605700768595991
2025-12-15,-0.001213718510674739,-0.003561622261703881,0.005677676961552636,0.00280713110967748,-0.0014926491690602922,-3.741702059451013e-05,-0.0009109363431897555
2025-12-16,-0.01196355378724427,-0.011326508839176304,-0.011804554583200712,-0.014739424534480412,-0.010808152469966852,-0.010825824584850798,-0.011457244585245503
2025-12-17,-0.008489793256073828,-0.015635582088275993,-0.0011889259274113911,-0.004076321684872805,-0.011939284313314522,-0.010290423118878067,-0.007242683164772737
2025-12-18,0.0007996777242932034,0.00623907639898412,0.002662171104535052,0.0036874640793185393,0.003651173981260483,0.0019430352581672888,0.0003791190627475266
2025-12-19,0.0003960879721945687,0.006097531104270547,0.006027501202625761,-0.002672426216519884,0.0035791197635770752,0.0015528739706174785,0.0010401879142163048
2025-12-22,-0.00013510816572744205,0.004152871429804285,-0.0028499903520602735,-0.0008705453860385418,0.0014921331205749802,0.000708294372942099,-0.00022512028873570428
2025-12-23,0.014818543406245744,0.013335014573563814,0.009968836165876266,0.01598223293263354,0.014168613351488613,0.013681633815554262,0.013069755223306834
2025-12-30,0.001005894712036001,-0.0010762576269532226,0.0005103104525567559,7.726061171300924e-05,0.0005712722309570151,0.0008477456922271476,0.0014288541832617185
2026-01-05,0.023764333835658423,0.023626738195806504,0.025149854721435258,0.023336067220147846,0.022230307203042324,0.021948962325490304,0.02121792348338035
2026-01-06,0.017404652758164257,0.021992592618502338,0.014179758598439562,0.01821301282940166,0.018549471225820624,0.015356242727992075,0.015668679805279973
2026-01-07,-0.02048468210234208,-0.020385409290721704,-0.015700474969760292,-0.014249626908042712,-0.018762548846756003,-0.0185672735651935,-0.01949102006803667
2026-01-08,0.005993541137437964,0.0012630493342326993,0.006435697245464431,0.007837049757507611,0.0032834184787359916,0.0037597624528066947,0.008230288894129953
2026-01-09,0.012124359186784896,0.014453054076750474,0.0166661787493229,0.013582504565535045,0.0139862979081284,0.011658905826593527,0.010542154985696897
2026-01-12,-1.0974424599772705e-05,0.0012237514635913271,-0.00023269421080633623,0.0022822467454040596,0.00045286154941001633,0.0006632524973106679,0.0002905179304375227
2026-01-13,0.007852574598945028,0.008593817707549856,0.008336849278742814,0.007796657854813621,0.007149376266702201,0.006608079922507185,0.00728683776230693
2026-01-14,0.0005491264443108209,-0.0011776737491093203,-0.0003011331613943652,0.0008581221577847048,-0.0005347598997869352,0.00033677642810013564,0.0031827356726438355
2026-01-15,0.01059595396713426,0.013903674771232596,0.0032648731105243273,0.008980152088455554,0.011865768151755732,0.010142725559166607,0.010374926415958538
2026-01-16,-0.0003589369880346301,0.002171677647984406,-0.0063454488554582425,-0.0032873006715269867,0.0009409473365872348,0.0010909629574630333,-0.0007162060164820003
2026-01-21,0.0016483122949205256,0.006057122495710776,0.003279814555081001,0.002063329991311258,0.005137289009718576,0.002931406001852127,0.003640644812026833
2026-01-22,0.013070428587145784,0.011829938852750521,0.014648085011144119,0.015324350442022905,0.011713419065159492,0.011798628953370471,0.011738434020800798
2026-01-23,0.003886733110911327,2.5265453695404172e-05,0.0044960932066847245,0.0037567969319460756,0.0025537355039071466,0.003895228271464983,0.0041456956636493
2026-01-26,0.006560803424444808,0.004543204942772966,0.010507546524248512,0.00836019054881329,0.005343920702000335,0.006545755494074629,0.006796150667827766
2026-01-27,0.014635269941877074,0.01746753463397309,0.016323286277366802,0.016177605937678793,0.01544802825475862,0.015353075064371044,0.014571052604755955
2026-01-28,-0.0005530992039420876,0.0049849844906134505,-0.003909488782237486,-0.0007474321634451109,0.002395106607481448,-0.00024041632227485288,-0.0014081738534172938
2026-01-29,-0.0003965837158537476,0.0009436990671488343,0.003206367090462181,0.0010155926742617116,-7.999201759475993e-05,0.0014380524178614074,0.00041338317352745957
2026-01-30,-0.02656060046769974,-0.03078682139765556,-0.017018788776876216,-0.02392074661054413,-0.027449903980490943,-0.024768295716665632,-0.024366517741243966
2026-02-02,-0.010617955391658662,-0.006996644782191266,-0.003839113325646834,-0.006109193944717581,-0.00789341945765605,-0.008282341189471146,-0.00866812110025196
2026-02-03,0.013283199813411193,0.007361539210572157,0.016357279819841766,0.013153600172208305,0.008469991874711633,0.012833687977540933,0.012892778315432937
2026-02-04,-0.019685714329195143,-0.0249886402027647,-0.01587057601229283,-0.020330473126296628,-0.022147300615936713,-0.017746412677687715,-0.015477178060373409
2026-02-05,-0.021031132105369204,-0.018217073212204116,-0.023117297888909843,-0.01854214334858098,-0.0187130822093821,-0.01940457421619131,-0.019884029253811927
2026-02-06,0.028083256078952012,0.03463667926017129,0.02553777949167725,0.028975061386653636,0.03132357274738208,0.028403458986225552,0.026623277973849793
2026-02-09,0.01839458313837361,0.0184474369190043,0.011200984068033354,0.016019113702003457,0.017651341434916867,0.018495023359531793,0.01751041509255727
2026-02-10,0.007439370492288235,0.004568299459270925,0.002097492441036783,0.007525461802663877,0.005928487616991399,0.006272557404279136,0.007417512479376345
2026-02-11,0.003152507328382443,0.005635702278700014,0.003310667017623961,0.004446466228159404,0.005852866771535167,0.005016779593388324,0.004325004469863128
2026-02-12,-0.011351605832995531,-0.014031456939108747,-0.012888803827759351,-0.012576734051520141,-0.012545490056511746,-0.011296108928315438,-0.010895984210332152
2026-02-13,0.017959420294189257,0.018061920221893846,0.013851340008172147,0.0168024591335236,0.0162100530511827,0.01599305002444515,0.01617047879287692
2026-02-18,0.008976571153756425,0.009406347147696621,0.013026087338942817,0.010454095821230032,0.009400467314494128,0.007561874321579433,0.0070049652116272385
2026-02-19,0.0016198113971861916,-0.0005314082147706845,0.0053867104571638375,0.002436685797414309,0.000705307443913672,0.0013887180939971266,0.0034819903090679144
2026-02-20,0.013377722130686314,0.014205486769584066,0.013764610985832329,0.011314732913349862,0.013177345732137982,0.01251408602780342,0.011328298581534474
2026-02-23,-0.023987229078911845,-0.02249750335437075,-0.0243556564766668,-0.019978320599200093,-0.02163636715874561,-0.02220455838295112,-0.02251676932225822
2026-02-24,-0.0045696296719516805,-0.0024455024699448005,-0.0056278244282175136,-0.0038765347303926015,-0.0020971475330785264,-0.002052816179034335,-0.0029229937737098935
2026-02-25,-0.0013895702585444065,0.00014976838785671354,-0.0019011655029101127,-0.0012567136983404198,0.0008716343555689454,5.659954634265607e-05,-0.0020630371841094397
